codigo_peca,montadora,modelo,geracao,ano_inicio,ano_fim,motor
IB-0001,Volkswagen,Gol,G4,2006,2008,1.0 8V EA111
IB-0001,Volkswagen,Gol,G4,2006,2008,1.6 8V EA111
IB-0001,Volkswagen,Gol,G5,2008,2012,1.0 8V EA111
IB-0001,Volkswagen,Gol,G5,2008,2012,1.6 8V EA111
IB-0001,Volkswagen,Gol,G5,2008,2012,1.6 16V EA111
IB-0001,Volkswagen,Gol,G6,2012,2016,1.0 12V MPI EA111
IB-0001,Volkswagen,Gol,G6,2012,2016,1.6 16V MSI EA111
IB-0001,Volkswagen,Gol,G7/G8,2016,2023,1.0 12V MPI EA211
IB-0001,Volkswagen,Gol,G7/G8,2016,2023,1.6 16V MSI EA211
IB-0002,Volkswagen,Gol,G4,2006,2008,1.0 8V EA111
IB-0002,Volkswagen,Gol,G4,2006,2008,1.6 8V EA111
IB-0002,Volkswagen,Gol,G5,2008,2012,1.0 8V EA111
IB-0002,Volkswagen,Gol,G5,2008,2012,1.6 8V EA111
IB-0002,Volkswagen,Gol,G5,2008,2012,1.6 16V EA111
IB-0002,Volkswagen,Gol,G6,2012,2016,1.0 12V MPI EA111
IB-0002,Volkswagen,Gol,G6,2012,2016,1.6 16V MSI EA111
IB-0002,Volkswagen,Gol,G7/G8,2016,2023,1.0 12V MPI EA211
IB-0002,Volkswagen,Gol,G7/G8,2016,2023,1.6 16V MSI EA211
AN-0001,Volkswagen,Gol,G4,2006,2008,1.0 8V EA111
AN-0001,Volkswagen,Gol,G4,2006,2008,1.6 8V EA111
AN-0001,Volkswagen,Gol,G5,2008,2012,1.0 8V EA111
AN-0001,Volkswagen,Gol,G5,2008,2012,1.6 8V EA111
AN-0001,Volkswagen,Gol,G5,2008,2012,1.6 16V EA111
AN-0001,Volkswagen,Gol,G6,2012,2016,1.0 12V MPI EA111
AN-0001,Volkswagen,Gol,G6,2012,2016,1.6 16V MSI EA111
AN-0001,Volkswagen,Gol,G7/G8,2016,2023,1.0 12V MPI EA211
AN-0001,Volkswagen,Gol,G7/G8,2016,2023,1.6 16V MSI EA211
VG-0001,Volkswagen,Gol,G4,2006,2008,1.0 8V EA111
VG-0001,Volkswagen,Gol,G4,2006,2008,1.6 8V EA111
VG-0001,Volkswagen,Gol,G5,2008,2012,1.0 8V EA111
VG-0001,Volkswagen,Gol,G5,2008,2012,1.6 8V EA111
VG-0001,Volkswagen,Gol,G5,2008,2012,1.6 16V EA111
VG-0001,Volkswagen,Gol,G6,2012,2016,1.0 12V MPI EA111
VG-0001,Volkswagen,Gol,G6,2012,2016,1.6 16V MSI EA111
VG-0001,Volkswagen,Gol,G7/G8,2016,2023,1.0 12V MPI EA211
VG-0001,Volkswagen,Gol,G7/G8,2016,2023,1.6 16V MSI EA211
AN-0002,Volkswagen,Fox,1ª geração,2003,2009,1.0 8V EA111
AN-0002,Volkswagen,Fox,1ª geração,2003,2009,1.6 8V EA111
AN-0002,Volkswagen,Fox,2ª geração,2009,2014,1.0 8V EA111
AN-0002,Volkswagen,Fox,2ª geração,2009,2014,1.6 16V EA111
AN-0002,Volkswagen,Fox,Facelift,2014,2017,1.0 12V MPI EA111
AN-0002,Volkswagen,Fox,Facelift,2014,2017,1.6 16V MSI EA111
AN-0002,Volkswagen,Fox,Final,2017,2021,1.0 12V MPI EA211
AN-0002,Volkswagen,Fox,Final,2017,2021,1.6 16V MSI EA211
VG-0002,Volkswagen,Fox,1ª geração,2003,2009,1.0 8V EA111
VG-0002,Volkswagen,Fox,1ª geração,2003,2009,1.6 8V EA111
VG-0002,Volkswagen,Fox,2ª geração,2009,2014,1.0 8V EA111
VG-0002,Volkswagen,Fox,2ª geração,2009,2014,1.6 16V EA111
VG-0002,Volkswagen,Fox,Facelift,2014,2017,1.0 12V MPI EA111
VG-0002,Volkswagen,Fox,Facelift,2014,2017,1.6 16V MSI EA111
VG-0002,Volkswagen,Fox,Final,2017,2021,1.0 12V MPI EA211
VG-0002,Volkswagen,Fox,Final,2017,2021,1.6 16V MSI EA211
IB-0003,Volkswagen,Fox,1ª geração,2003,2009,1.0 8V EA111
IB-0003,Volkswagen,Fox,1ª geração,2003,2009,1.6 8V EA111
IB-0003,Volkswagen,Fox,2ª geração,2009,2014,1.0 8V EA111
IB-0003,Volkswagen,Fox,2ª geração,2009,2014,1.6 16V EA111
IB-0003,Volkswagen,Fox,Facelift,2014,2017,1.0 12V MPI EA111
IB-0003,Volkswagen,Fox,Facelift,2014,2017,1.6 16V MSI EA111
IB-0003,Volkswagen,Fox,Final,2017,2021,1.0 12V MPI EA211
IB-0003,Volkswagen,Fox,Final,2017,2021,1.6 16V MSI EA211
JG-0001,Volkswagen,Fox,1ª geração,2003,2009,1.0 8V EA111
JG-0001,Volkswagen,Fox,1ª geração,2003,2009,1.6 8V EA111
JG-0001,Volkswagen,Fox,2ª geração,2009,2014,1.0 8V EA111
JG-0001,Volkswagen,Fox,2ª geração,2009,2014,1.6 16V EA111
JG-0001,Volkswagen,Fox,Facelift,2014,2017,1.0 12V MPI EA111
JG-0001,Volkswagen,Fox,Facelift,2014,2017,1.6 16V MSI EA111
JG-0001,Volkswagen,Fox,Final,2017,2021,1.0 12V MPI EA211
JG-0001,Volkswagen,Fox,Final,2017,2021,1.6 16V MSI EA211
TT-0001,Volkswagen,Fox,1ª geração,2003,2009,1.0 8V EA111
TT-0001,Volkswagen,Fox,1ª geração,2003,2009,1.6 8V EA111
TT-0001,Volkswagen,Fox,2ª geração,2009,2014,1.0 8V EA111
TT-0001,Volkswagen,Fox,2ª geração,2009,2014,1.6 16V EA111
TT-0001,Volkswagen,Fox,Facelift,2014,2017,1.0 12V MPI EA111
TT-0001,Volkswagen,Fox,Facelift,2014,2017,1.6 16V MSI EA111
TT-0001,Volkswagen,Fox,Final,2017,2021,1.0 12V MPI EA211
TT-0001,Volkswagen,Fox,Final,2017,2021,1.6 16V MSI EA211
AN-0003,Volkswagen,Fox,1ª geração,2003,2009,1.0 8V EA111
AN-0003,Volkswagen,Fox,1ª geração,2003,2009,1.6 8V EA111
AN-0003,Volkswagen,Fox,2ª geração,2009,2014,1.0 8V EA111
AN-0003,Volkswagen,Fox,2ª geração,2009,2014,1.6 16V EA111
AN-0003,Volkswagen,Fox,Facelift,2014,2017,1.0 12V MPI EA111
AN-0003,Volkswagen,Fox,Facelift,2014,2017,1.6 16V MSI EA111
AN-0003,Volkswagen,Fox,Final,2017,2021,1.0 12V MPI EA211
AN-0003,Volkswagen,Fox,Final,2017,2021,1.6 16V MSI EA211
AN-0004,Volkswagen,Fox,1ª geração,2003,2009,1.0 8V EA111
AN-0004,Volkswagen,Fox,1ª geração,2003,2009,1.6 8V EA111
AN-0004,Volkswagen,Fox,2ª geração,2009,2014,1.0 8V EA111
AN-0004,Volkswagen,Fox,2ª geração,2009,2014,1.6 16V EA111
AN-0004,Volkswagen,Fox,Facelift,2014,2017,1.0 12V MPI EA111
AN-0004,Volkswagen,Fox,Facelift,2014,2017,1.6 16V MSI EA111
AN-0004,Volkswagen,Fox,Final,2017,2021,1.0 12V MPI EA211
AN-0004,Volkswagen,Fox,Final,2017,2021,1.6 16V MSI EA211
JG-0002,Volkswagen,Voyage,1ª geração,2008,2012,1.0 8V EA111
JG-0002,Volkswagen,Voyage,1ª geração,2008,2012,1.6 8V EA111
JG-0002,Volkswagen,Voyage,2ª geração,2012,2016,1.0 12V MPI EA111
JG-0002,Volkswagen,Voyage,2ª geração,2012,2016,1.6 16V MSI EA111
JG-0002,Volkswagen,Voyage,Facelift,2016,2019,1.0 12V MPI EA111
JG-0002,Volkswagen,Voyage,Facelift,2016,2019,1.6 16V MSI EA111
JG-0002,Volkswagen,Voyage,Final,2019,2023,1.0 12V MPI EA211
JG-0002,Volkswagen,Voyage,Final,2019,2023,1.6 16V MSI EA211
PJ-0001,Volkswagen,Voyage,1ª geração,2008,2012,1.0 8V EA111
PJ-0001,Volkswagen,Voyage,1ª geração,2008,2012,1.6 8V EA111
PJ-0001,Volkswagen,Voyage,2ª geração,2012,2016,1.0 12V MPI EA111
PJ-0001,Volkswagen,Voyage,2ª geração,2012,2016,1.6 16V MSI EA111
PJ-0001,Volkswagen,Voyage,Facelift,2016,2019,1.0 12V MPI EA111
PJ-0001,Volkswagen,Voyage,Facelift,2016,2019,1.6 16V MSI EA111
PJ-0001,Volkswagen,Voyage,Final,2019,2023,1.0 12V MPI EA211
PJ-0001,Volkswagen,Voyage,Final,2019,2023,1.6 16V MSI EA211
AN-0005,Volkswagen,Voyage,1ª geração,2008,2012,1.0 8V EA111
AN-0005,Volkswagen,Voyage,1ª geração,2008,2012,1.6 8V EA111
AN-0005,Volkswagen,Voyage,2ª geração,2012,2016,1.0 12V MPI EA111
AN-0005,Volkswagen,Voyage,2ª geração,2012,2016,1.6 16V MSI EA111
AN-0005,Volkswagen,Voyage,Facelift,2016,2019,1.0 12V MPI EA111
AN-0005,Volkswagen,Voyage,Facelift,2016,2019,1.6 16V MSI EA111
AN-0005,Volkswagen,Voyage,Final,2019,2023,1.0 12V MPI EA211
AN-0005,Volkswagen,Voyage,Final,2019,2023,1.6 16V MSI EA211
PJ-0002,Volkswagen,Voyage,1ª geração,2008,2012,1.0 8V EA111
PJ-0002,Volkswagen,Voyage,1ª geração,2008,2012,1.6 8V EA111
PJ-0002,Volkswagen,Voyage,2ª geração,2012,2016,1.0 12V MPI EA111
PJ-0002,Volkswagen,Voyage,2ª geração,2012,2016,1.6 16V MSI EA111
PJ-0002,Volkswagen,Voyage,Facelift,2016,2019,1.0 12V MPI EA111
PJ-0002,Volkswagen,Voyage,Facelift,2016,2019,1.6 16V MSI EA111
PJ-0002,Volkswagen,Voyage,Final,2019,2023,1.0 12V MPI EA211
PJ-0002,Volkswagen,Voyage,Final,2019,2023,1.6 16V MSI EA211
AN-0006,Volkswagen,Saveiro,G5,2009,2013,1.6 8V EA111
AN-0006,Volkswagen,Saveiro,G5,2009,2013,1.6 16V EA111
AN-0006,Volkswagen,Saveiro,G6,2013,2016,1.0 12V MPI EA111
AN-0006,Volkswagen,Saveiro,G6,2013,2016,1.6 16V MSI EA111
AN-0006,Volkswagen,Saveiro,G7,2016,2021,1.6 16V MSI EA211
AN-0006,Volkswagen,Saveiro,G7,2016,2021,1.6 20V TSI EA211
AN-0006,Volkswagen,Saveiro,Atual,2021,2023,1.6 16V MSI EA211
AN-0006,Volkswagen,Saveiro,Atual,2021,2023,1.6 20V TSI EA211
VG-0003,Volkswagen,Saveiro,G5,2009,2013,1.6 8V EA111
VG-0003,Volkswagen,Saveiro,G5,2009,2013,1.6 16V EA111
VG-0003,Volkswagen,Saveiro,G6,2013,2016,1.0 12V MPI EA111
VG-0003,Volkswagen,Saveiro,G6,2013,2016,1.6 16V MSI EA111
VG-0003,Volkswagen,Saveiro,G7,2016,2021,1.6 16V MSI EA211
VG-0003,Volkswagen,Saveiro,G7,2016,2021,1.6 20V TSI EA211
VG-0003,Volkswagen,Saveiro,Atual,2021,2023,1.6 16V MSI EA211
VG-0003,Volkswagen,Saveiro,Atual,2021,2023,1.6 20V TSI EA211
JG-0003,Volkswagen,Saveiro,G5,2009,2013,1.6 8V EA111
JG-0003,Volkswagen,Saveiro,G5,2009,2013,1.6 16V EA111
JG-0003,Volkswagen,Saveiro,G6,2013,2016,1.0 12V MPI EA111
JG-0003,Volkswagen,Saveiro,G6,2013,2016,1.6 16V MSI EA111
JG-0003,Volkswagen,Saveiro,G7,2016,2021,1.6 16V MSI EA211
JG-0003,Volkswagen,Saveiro,G7,2016,2021,1.6 20V TSI EA211
JG-0003,Volkswagen,Saveiro,Atual,2021,2023,1.6 16V MSI EA211
JG-0003,Volkswagen,Saveiro,Atual,2021,2023,1.6 20V TSI EA211
VG-0004,Volkswagen,Saveiro,G5,2009,2013,1.6 8V EA111
VG-0004,Volkswagen,Saveiro,G5,2009,2013,1.6 16V EA111
VG-0004,Volkswagen,Saveiro,G6,2013,2016,1.0 12V MPI EA111
VG-0004,Volkswagen,Saveiro,G6,2013,2016,1.6 16V MSI EA111
VG-0004,Volkswagen,Saveiro,G7,2016,2021,1.6 16V MSI EA211
VG-0004,Volkswagen,Saveiro,G7,2016,2021,1.6 20V TSI EA211
VG-0004,Volkswagen,Saveiro,Atual,2021,2023,1.6 16V MSI EA211
VG-0004,Volkswagen,Saveiro,Atual,2021,2023,1.6 20V TSI EA211
IB-0004,Volkswagen,Saveiro,G5,2009,2013,1.6 8V EA111
IB-0004,Volkswagen,Saveiro,G5,2009,2013,1.6 16V EA111
IB-0004,Volkswagen,Saveiro,G6,2013,2016,1.0 12V MPI EA111
IB-0004,Volkswagen,Saveiro,G6,2013,2016,1.6 16V MSI EA111
IB-0004,Volkswagen,Saveiro,G7,2016,2021,1.6 16V MSI EA211
IB-0004,Volkswagen,Saveiro,G7,2016,2021,1.6 20V TSI EA211
IB-0004,Volkswagen,Saveiro,Atual,2021,2023,1.6 16V MSI EA211
IB-0004,Volkswagen,Saveiro,Atual,2021,2023,1.6 20V TSI EA211
TT-0002,Volkswagen,Saveiro,G5,2009,2013,1.6 8V EA111
TT-0002,Volkswagen,Saveiro,G5,2009,2013,1.6 16V EA111
TT-0002,Volkswagen,Saveiro,G6,2013,2016,1.0 12V MPI EA111
TT-0002,Volkswagen,Saveiro,G6,2013,2016,1.6 16V MSI EA111
TT-0002,Volkswagen,Saveiro,G7,2016,2021,1.6 16V MSI EA211
TT-0002,Volkswagen,Saveiro,G7,2016,2021,1.6 20V TSI EA211
TT-0002,Volkswagen,Saveiro,Atual,2021,2023,1.6 16V MSI EA211
TT-0002,Volkswagen,Saveiro,Atual,2021,2023,1.6 20V TSI EA211
IB-0005,Volkswagen,Polo,1ª geração BR,2002,2007,1.6 8V EA111
IB-0005,Volkswagen,Polo,1ª geração BR,2002,2007,1.8 20V Turbo EA111
IB-0005,Volkswagen,Polo,2ª geração BR,2007,2014,1.6 8V EA111
IB-0005,Volkswagen,Polo,2ª geração BR,2007,2014,2.0 8V EA111
IB-0005,Volkswagen,Polo,Novo Polo,2017,2020,1.0 12V MPI EA211
IB-0005,Volkswagen,Polo,Novo Polo,2017,2020,1.0 12V TSI EA211
IB-0005,Volkswagen,Polo,Novo Polo,2017,2020,1.6 16V MSI EA211
IB-0005,Volkswagen,Polo,Atual,2020,2023,1.0 12V TSI EA211
IB-0005,Volkswagen,Polo,Atual,2020,2023,1.6 16V MSI EA211
VG-0005,Volkswagen,Polo,1ª geração BR,2002,2007,1.6 8V EA111
VG-0005,Volkswagen,Polo,1ª geração BR,2002,2007,1.8 20V Turbo EA111
VG-0005,Volkswagen,Polo,2ª geração BR,2007,2014,1.6 8V EA111
VG-0005,Volkswagen,Polo,2ª geração BR,2007,2014,2.0 8V EA111
VG-0005,Volkswagen,Polo,Novo Polo,2017,2020,1.0 12V MPI EA211
VG-0005,Volkswagen,Polo,Novo Polo,2017,2020,1.0 12V TSI EA211
VG-0005,Volkswagen,Polo,Novo Polo,2017,2020,1.6 16V MSI EA211
VG-0005,Volkswagen,Polo,Atual,2020,2023,1.0 12V TSI EA211
VG-0005,Volkswagen,Polo,Atual,2020,2023,1.6 16V MSI EA211
AN-0007,Volkswagen,Polo,1ª geração BR,2002,2007,1.6 8V EA111
AN-0007,Volkswagen,Polo,1ª geração BR,2002,2007,1.8 20V Turbo EA111
AN-0007,Volkswagen,Polo,2ª geração BR,2007,2014,1.6 8V EA111
AN-0007,Volkswagen,Polo,2ª geração BR,2007,2014,2.0 8V EA111
AN-0007,Volkswagen,Polo,Novo Polo,2017,2020,1.0 12V MPI EA211
AN-0007,Volkswagen,Polo,Novo Polo,2017,2020,1.0 12V TSI EA211
AN-0007,Volkswagen,Polo,Novo Polo,2017,2020,1.6 16V MSI EA211
AN-0007,Volkswagen,Polo,Atual,2020,2023,1.0 12V TSI EA211
AN-0007,Volkswagen,Polo,Atual,2020,2023,1.6 16V MSI EA211
JG-0004,Volkswagen,Polo,1ª geração BR,2002,2007,1.6 8V EA111
JG-0004,Volkswagen,Polo,1ª geração BR,2002,2007,1.8 20V Turbo EA111
JG-0004,Volkswagen,Polo,2ª geração BR,2007,2014,1.6 8V EA111
JG-0004,Volkswagen,Polo,2ª geração BR,2007,2014,2.0 8V EA111
JG-0004,Volkswagen,Polo,Novo Polo,2017,2020,1.0 12V MPI EA211
JG-0004,Volkswagen,Polo,Novo Polo,2017,2020,1.0 12V TSI EA211
JG-0004,Volkswagen,Polo,Novo Polo,2017,2020,1.6 16V MSI EA211
JG-0004,Volkswagen,Polo,Atual,2020,2023,1.0 12V TSI EA211
JG-0004,Volkswagen,Polo,Atual,2020,2023,1.6 16V MSI EA211
PJ-0003,Volkswagen,Polo,1ª geração BR,2002,2007,1.6 8V EA111
PJ-0003,Volkswagen,Polo,1ª geração BR,2002,2007,1.8 20V Turbo EA111
PJ-0003,Volkswagen,Polo,2ª geração BR,2007,2014,1.6 8V EA111
PJ-0003,Volkswagen,Polo,2ª geração BR,2007,2014,2.0 8V EA111
PJ-0003,Volkswagen,Polo,Novo Polo,2017,2020,1.0 12V MPI EA211
PJ-0003,Volkswagen,Polo,Novo Polo,2017,2020,1.0 12V TSI EA211
PJ-0003,Volkswagen,Polo,Novo Polo,2017,2020,1.6 16V MSI EA211
PJ-0003,Volkswagen,Polo,Atual,2020,2023,1.0 12V TSI EA211
PJ-0003,Volkswagen,Polo,Atual,2020,2023,1.6 16V MSI EA211
TT-0003,Fiat,Palio,2ª geração,1996,2000,1.0 8V Fire
TT-0003,Fiat,Palio,2ª geração,1996,2000,1.6 16V
TT-0003,Fiat,Palio,Facelift,2001,2004,1.0 8V Fire
TT-0003,Fiat,Palio,Facelift,2001,2004,1.5 8V
TT-0003,Fiat,Palio,3ª geração,2004,2011,1.0 8V Fire
TT-0003,Fiat,Palio,3ª geração,2004,2011,1.4 8V Fire
TT-0003,Fiat,Palio,3ª geração,2004,2011,1.8 8V
TT-0003,Fiat,Palio,Atual,2012,2017,1.0 Fire Evo
TT-0003,Fiat,Palio,Atual,2012,2017,1.4 Fire Evo
IB-0006,Fiat,Palio,2ª geração,1996,2000,1.0 8V Fire
IB-0006,Fiat,Palio,2ª geração,1996,2000,1.6 16V
IB-0006,Fiat,Palio,Facelift,2001,2004,1.0 8V Fire
IB-0006,Fiat,Palio,Facelift,2001,2004,1.5 8V
IB-0006,Fiat,Palio,3ª geração,2004,2011,1.0 8V Fire
IB-0006,Fiat,Palio,3ª geração,2004,2011,1.4 8V Fire
IB-0006,Fiat,Palio,3ª geração,2004,2011,1.8 8V
IB-0006,Fiat,Palio,Atual,2012,2017,1.0 Fire Evo
IB-0006,Fiat,Palio,Atual,2012,2017,1.4 Fire Evo
AN-0008,Fiat,Palio,2ª geração,1996,2000,1.0 8V Fire
AN-0008,Fiat,Palio,2ª geração,1996,2000,1.6 16V
AN-0008,Fiat,Palio,Facelift,2001,2004,1.0 8V Fire
AN-0008,Fiat,Palio,Facelift,2001,2004,1.5 8V
AN-0008,Fiat,Palio,3ª geração,2004,2011,1.0 8V Fire
AN-0008,Fiat,Palio,3ª geração,2004,2011,1.4 8V Fire
AN-0008,Fiat,Palio,3ª geração,2004,2011,1.8 8V
AN-0008,Fiat,Palio,Atual,2012,2017,1.0 Fire Evo
AN-0008,Fiat,Palio,Atual,2012,2017,1.4 Fire Evo
IB-0007,Fiat,Palio,2ª geração,1996,2000,1.0 8V Fire
IB-0007,Fiat,Palio,2ª geração,1996,2000,1.6 16V
IB-0007,Fiat,Palio,Facelift,2001,2004,1.0 8V Fire
IB-0007,Fiat,Palio,Facelift,2001,2004,1.5 8V
IB-0007,Fiat,Palio,3ª geração,2004,2011,1.0 8V Fire
IB-0007,Fiat,Palio,3ª geração,2004,2011,1.4 8V Fire
IB-0007,Fiat,Palio,3ª geração,2004,2011,1.8 8V
IB-0007,Fiat,Palio,Atual,2012,2017,1.0 Fire Evo
IB-0007,Fiat,Palio,Atual,2012,2017,1.4 Fire Evo
VG-0006,Fiat,Palio,2ª geração,1996,2000,1.0 8V Fire
VG-0006,Fiat,Palio,2ª geração,1996,2000,1.6 16V
VG-0006,Fiat,Palio,Facelift,2001,2004,1.0 8V Fire
VG-0006,Fiat,Palio,Facelift,2001,2004,1.5 8V
VG-0006,Fiat,Palio,3ª geração,2004,2011,1.0 8V Fire
VG-0006,Fiat,Palio,3ª geração,2004,2011,1.4 8V Fire
VG-0006,Fiat,Palio,3ª geração,2004,2011,1.8 8V
VG-0006,Fiat,Palio,Atual,2012,2017,1.0 Fire Evo
VG-0006,Fiat,Palio,Atual,2012,2017,1.4 Fire Evo
PJ-0004,Fiat,Palio,2ª geração,1996,2000,1.0 8V Fire
PJ-0004,Fiat,Palio,2ª geração,1996,2000,1.6 16V
PJ-0004,Fiat,Palio,Facelift,2001,2004,1.0 8V Fire
PJ-0004,Fiat,Palio,Facelift,2001,2004,1.5 8V
PJ-0004,Fiat,Palio,3ª geração,2004,2011,1.0 8V Fire
PJ-0004,Fiat,Palio,3ª geração,2004,2011,1.4 8V Fire
PJ-0004,Fiat,Palio,3ª geração,2004,2011,1.8 8V
PJ-0004,Fiat,Palio,Atual,2012,2017,1.0 Fire Evo
PJ-0004,Fiat,Palio,Atual,2012,2017,1.4 Fire Evo
TT-0004,Fiat,Uno,Mille,2004,2010,1.0 8V Fire
TT-0004,Fiat,Uno,Mille,2004,2010,1.5 8V
TT-0004,Fiat,Uno,Novo Uno 1ª,2010,2014,1.0 8V Fire
TT-0004,Fiat,Uno,Novo Uno 1ª,2010,2014,1.4 8V Fire
TT-0004,Fiat,Uno,Novo Uno 2ª,2014,2021,1.0 Fire Evo
TT-0004,Fiat,Uno,Novo Uno 2ª,2014,2021,1.3 Firefly
TT-0004,Fiat,Uno,Atual,2021,2023,1.0 Firefly
TT-0004,Fiat,Uno,Atual,2021,2023,1.3 Firefly
VG-0007,Fiat,Uno,Mille,2004,2010,1.0 8V Fire
VG-0007,Fiat,Uno,Mille,2004,2010,1.5 8V
VG-0007,Fiat,Uno,Novo Uno 1ª,2010,2014,1.0 8V Fire
VG-0007,Fiat,Uno,Novo Uno 1ª,2010,2014,1.4 8V Fire
VG-0007,Fiat,Uno,Novo Uno 2ª,2014,2021,1.0 Fire Evo
VG-0007,Fiat,Uno,Novo Uno 2ª,2014,2021,1.3 Firefly
VG-0007,Fiat,Uno,Atual,2021,2023,1.0 Firefly
VG-0007,Fiat,Uno,Atual,2021,2023,1.3 Firefly
AN-0009,Fiat,Uno,Mille,2004,2010,1.0 8V Fire
AN-0009,Fiat,Uno,Mille,2004,2010,1.5 8V
AN-0009,Fiat,Uno,Novo Uno 1ª,2010,2014,1.0 8V Fire
AN-0009,Fiat,Uno,Novo Uno 1ª,2010,2014,1.4 8V Fire
AN-0009,Fiat,Uno,Novo Uno 2ª,2014,2021,1.0 Fire Evo
AN-0009,Fiat,Uno,Novo Uno 2ª,2014,2021,1.3 Firefly
AN-0009,Fiat,Uno,Atual,2021,2023,1.0 Firefly
AN-0009,Fiat,Uno,Atual,2021,2023,1.3 Firefly
PJ-0005,Fiat,Uno,Mille,2004,2010,1.0 8V Fire
PJ-0005,Fiat,Uno,Mille,2004,2010,1.5 8V
PJ-0005,Fiat,Uno,Novo Uno 1ª,2010,2014,1.0 8V Fire
PJ-0005,Fiat,Uno,Novo Uno 1ª,2010,2014,1.4 8V Fire
PJ-0005,Fiat,Uno,Novo Uno 2ª,2014,2021,1.0 Fire Evo
PJ-0005,Fiat,Uno,Novo Uno 2ª,2014,2021,1.3 Firefly
PJ-0005,Fiat,Uno,Atual,2021,2023,1.0 Firefly
PJ-0005,Fiat,Uno,Atual,2021,2023,1.3 Firefly
PJ-0006,Fiat,Uno,Mille,2004,2010,1.0 8V Fire
PJ-0006,Fiat,Uno,Mille,2004,2010,1.5 8V
PJ-0006,Fiat,Uno,Novo Uno 1ª,2010,2014,1.0 8V Fire
PJ-0006,Fiat,Uno,Novo Uno 1ª,2010,2014,1.4 8V Fire
PJ-0006,Fiat,Uno,Novo Uno 2ª,2014,2021,1.0 Fire Evo
PJ-0006,Fiat,Uno,Novo Uno 2ª,2014,2021,1.3 Firefly
PJ-0006,Fiat,Uno,Atual,2021,2023,1.0 Firefly
PJ-0006,Fiat,Uno,Atual,2021,2023,1.3 Firefly
PJ-0007,Fiat,Uno,Mille,2004,2010,1.0 8V Fire
PJ-0007,Fiat,Uno,Mille,2004,2010,1.5 8V
PJ-0007,Fiat,Uno,Novo Uno 1ª,2010,2014,1.0 8V Fire
PJ-0007,Fiat,Uno,Novo Uno 1ª,2010,2014,1.4 8V Fire
PJ-0007,Fiat,Uno,Novo Uno 2ª,2014,2021,1.0 Fire Evo
PJ-0007,Fiat,Uno,Novo Uno 2ª,2014,2021,1.3 Firefly
PJ-0007,Fiat,Uno,Atual,2021,2023,1.0 Firefly
PJ-0007,Fiat,Uno,Atual,2021,2023,1.3 Firefly
AN-0010,Fiat,Siena,1ª geração,1996,2001,1.0 8V Fire
AN-0010,Fiat,Siena,1ª geração,1996,2001,1.5 8V
AN-0010,Fiat,Siena,2ª geração,2001,2004,1.0 8V Fire
AN-0010,Fiat,Siena,2ª geração,2001,2004,1.4 8V Fire
AN-0010,Fiat,Siena,3ª geração,2004,2012,1.0 8V Fire
AN-0010,Fiat,Siena,3ª geração,2004,2012,1.4 8V Fire
AN-0010,Fiat,Siena,3ª geração,2004,2012,1.8 8V
AN-0010,Fiat,Siena,Atual,2012,2016,1.0 Fire Evo
AN-0010,Fiat,Siena,Atual,2012,2016,1.4 Fire Evo
IB-0008,Fiat,Siena,1ª geração,1996,2001,1.0 8V Fire
IB-0008,Fiat,Siena,1ª geração,1996,2001,1.5 8V
IB-0008,Fiat,Siena,2ª geração,2001,2004,1.0 8V Fire
IB-0008,Fiat,Siena,2ª geração,2001,2004,1.4 8V Fire
IB-0008,Fiat,Siena,3ª geração,2004,2012,1.0 8V Fire
IB-0008,Fiat,Siena,3ª geração,2004,2012,1.4 8V Fire
IB-0008,Fiat,Siena,3ª geração,2004,2012,1.8 8V
IB-0008,Fiat,Siena,Atual,2012,2016,1.0 Fire Evo
IB-0008,Fiat,Siena,Atual,2012,2016,1.4 Fire Evo
IB-0009,Fiat,Siena,1ª geração,1996,2001,1.0 8V Fire
IB-0009,Fiat,Siena,1ª geração,1996,2001,1.5 8V
IB-0009,Fiat,Siena,2ª geração,2001,2004,1.0 8V Fire
IB-0009,Fiat,Siena,2ª geração,2001,2004,1.4 8V Fire
IB-0009,Fiat,Siena,3ª geração,2004,2012,1.0 8V Fire
IB-0009,Fiat,Siena,3ª geração,2004,2012,1.4 8V Fire
IB-0009,Fiat,Siena,3ª geração,2004,2012,1.8 8V
IB-0009,Fiat,Siena,Atual,2012,2016,1.0 Fire Evo
IB-0009,Fiat,Siena,Atual,2012,2016,1.4 Fire Evo
VG-0008,Fiat,Siena,1ª geração,1996,2001,1.0 8V Fire
VG-0008,Fiat,Siena,1ª geração,1996,2001,1.5 8V
VG-0008,Fiat,Siena,2ª geração,2001,2004,1.0 8V Fire
VG-0008,Fiat,Siena,2ª geração,2001,2004,1.4 8V Fire
VG-0008,Fiat,Siena,3ª geração,2004,2012,1.0 8V Fire
VG-0008,Fiat,Siena,3ª geração,2004,2012,1.4 8V Fire
VG-0008,Fiat,Siena,3ª geração,2004,2012,1.8 8V
VG-0008,Fiat,Siena,Atual,2012,2016,1.0 Fire Evo
VG-0008,Fiat,Siena,Atual,2012,2016,1.4 Fire Evo
PJ-0008,Fiat,Siena,1ª geração,1996,2001,1.0 8V Fire
PJ-0008,Fiat,Siena,1ª geração,1996,2001,1.5 8V
PJ-0008,Fiat,Siena,2ª geração,2001,2004,1.0 8V Fire
PJ-0008,Fiat,Siena,2ª geração,2001,2004,1.4 8V Fire
PJ-0008,Fiat,Siena,3ª geração,2004,2012,1.0 8V Fire
PJ-0008,Fiat,Siena,3ª geração,2004,2012,1.4 8V Fire
PJ-0008,Fiat,Siena,3ª geração,2004,2012,1.8 8V
PJ-0008,Fiat,Siena,Atual,2012,2016,1.0 Fire Evo
PJ-0008,Fiat,Siena,Atual,2012,2016,1.4 Fire Evo
TT-0005,Fiat,Siena,1ª geração,1996,2001,1.0 8V Fire
TT-0005,Fiat,Siena,1ª geração,1996,2001,1.5 8V
TT-0005,Fiat,Siena,2ª geração,2001,2004,1.0 8V Fire
TT-0005,Fiat,Siena,2ª geração,2001,2004,1.4 8V Fire
TT-0005,Fiat,Siena,3ª geração,2004,2012,1.0 8V Fire
TT-0005,Fiat,Siena,3ª geração,2004,2012,1.4 8V Fire
TT-0005,Fiat,Siena,3ª geração,2004,2012,1.8 8V
TT-0005,Fiat,Siena,Atual,2012,2016,1.0 Fire Evo
TT-0005,Fiat,Siena,Atual,2012,2016,1.4 Fire Evo
AN-0011,Fiat,Siena,1ª geração,1996,2001,1.0 8V Fire
AN-0011,Fiat,Siena,1ª geração,1996,2001,1.5 8V
AN-0011,Fiat,Siena,2ª geração,2001,2004,1.0 8V Fire
AN-0011,Fiat,Siena,2ª geração,2001,2004,1.4 8V Fire
AN-0011,Fiat,Siena,3ª geração,2004,2012,1.0 8V Fire
AN-0011,Fiat,Siena,3ª geração,2004,2012,1.4 8V Fire
AN-0011,Fiat,Siena,3ª geração,2004,2012,1.8 8V
AN-0011,Fiat,Siena,Atual,2012,2016,1.0 Fire Evo
AN-0011,Fiat,Siena,Atual,2012,2016,1.4 Fire Evo
PJ-0009,Fiat,Strada,1ª geração,1998,2004,1.5 8V
PJ-0009,Fiat,Strada,1ª geração,1998,2004,1.6 8V
PJ-0009,Fiat,Strada,2ª geração,2004,2012,1.4 8V Fire
PJ-0009,Fiat,Strada,2ª geração,2004,2012,1.8 8V
PJ-0009,Fiat,Strada,3ª geração,2013,2020,1.4 Fire Evo
PJ-0009,Fiat,Strada,3ª geração,2013,2020,1.8 E.torQ
PJ-0009,Fiat,Strada,Atual,2020,2023,1.3 Firefly
PJ-0009,Fiat,Strada,Atual,2020,2023,1.4 Firefly Turbo
IB-0010,Fiat,Strada,1ª geração,1998,2004,1.5 8V
IB-0010,Fiat,Strada,1ª geração,1998,2004,1.6 8V
IB-0010,Fiat,Strada,2ª geração,2004,2012,1.4 8V Fire
IB-0010,Fiat,Strada,2ª geração,2004,2012,1.8 8V
IB-0010,Fiat,Strada,3ª geração,2013,2020,1.4 Fire Evo
IB-0010,Fiat,Strada,3ª geração,2013,2020,1.8 E.torQ
IB-0010,Fiat,Strada,Atual,2020,2023,1.3 Firefly
IB-0010,Fiat,Strada,Atual,2020,2023,1.4 Firefly Turbo
PJ-0010,Fiat,Strada,1ª geração,1998,2004,1.5 8V
PJ-0010,Fiat,Strada,1ª geração,1998,2004,1.6 8V
PJ-0010,Fiat,Strada,2ª geração,2004,2012,1.4 8V Fire
PJ-0010,Fiat,Strada,2ª geração,2004,2012,1.8 8V
PJ-0010,Fiat,Strada,3ª geração,2013,2020,1.4 Fire Evo
PJ-0010,Fiat,Strada,3ª geração,2013,2020,1.8 E.torQ
PJ-0010,Fiat,Strada,Atual,2020,2023,1.3 Firefly
PJ-0010,Fiat,Strada,Atual,2020,2023,1.4 Firefly Turbo
TT-0006,Fiat,Strada,1ª geração,1998,2004,1.5 8V
TT-0006,Fiat,Strada,1ª geração,1998,2004,1.6 8V
TT-0006,Fiat,Strada,2ª geração,2004,2012,1.4 8V Fire
TT-0006,Fiat,Strada,2ª geração,2004,2012,1.8 8V
TT-0006,Fiat,Strada,3ª geração,2013,2020,1.4 Fire Evo
TT-0006,Fiat,Strada,3ª geração,2013,2020,1.8 E.torQ
TT-0006,Fiat,Strada,Atual,2020,2023,1.3 Firefly
TT-0006,Fiat,Strada,Atual,2020,2023,1.4 Firefly Turbo
AN-0012,Fiat,Punto,Lançamento,2007,2009,1.4 8V Fire
AN-0012,Fiat,Punto,Lançamento,2007,2009,1.8 8V
AN-0012,Fiat,Punto,Facelift 1,2009,2012,1.4 8V Fire
AN-0012,Fiat,Punto,Facelift 1,2009,2012,1.8 E.torQ
AN-0012,Fiat,Punto,Facelift 2,2012,2015,1.4 Fire Evo
AN-0012,Fiat,Punto,Facelift 2,2012,2015,1.6 E.torQ
AN-0012,Fiat,Punto,Final,2015,2017,1.4 Fire Evo
AN-0012,Fiat,Punto,Final,2015,2017,1.6 E.torQ
AN-0013,Fiat,Punto,Lançamento,2007,2009,1.4 8V Fire
AN-0013,Fiat,Punto,Lançamento,2007,2009,1.8 8V
AN-0013,Fiat,Punto,Facelift 1,2009,2012,1.4 8V Fire
AN-0013,Fiat,Punto,Facelift 1,2009,2012,1.8 E.torQ
AN-0013,Fiat,Punto,Facelift 2,2012,2015,1.4 Fire Evo
AN-0013,Fiat,Punto,Facelift 2,2012,2015,1.6 E.torQ
AN-0013,Fiat,Punto,Final,2015,2017,1.4 Fire Evo
AN-0013,Fiat,Punto,Final,2015,2017,1.6 E.torQ
VG-0009,Fiat,Punto,Lançamento,2007,2009,1.4 8V Fire
VG-0009,Fiat,Punto,Lançamento,2007,2009,1.8 8V
VG-0009,Fiat,Punto,Facelift 1,2009,2012,1.4 8V Fire
VG-0009,Fiat,Punto,Facelift 1,2009,2012,1.8 E.torQ
VG-0009,Fiat,Punto,Facelift 2,2012,2015,1.4 Fire Evo
VG-0009,Fiat,Punto,Facelift 2,2012,2015,1.6 E.torQ
VG-0009,Fiat,Punto,Final,2015,2017,1.4 Fire Evo
VG-0009,Fiat,Punto,Final,2015,2017,1.6 E.torQ
JG-0005,Fiat,Punto,Lançamento,2007,2009,1.4 8V Fire
JG-0005,Fiat,Punto,Lançamento,2007,2009,1.8 8V
JG-0005,Fiat,Punto,Facelift 1,2009,2012,1.4 8V Fire
JG-0005,Fiat,Punto,Facelift 1,2009,2012,1.8 E.torQ
JG-0005,Fiat,Punto,Facelift 2,2012,2015,1.4 Fire Evo
JG-0005,Fiat,Punto,Facelift 2,2012,2015,1.6 E.torQ
JG-0005,Fiat,Punto,Final,2015,2017,1.4 Fire Evo
JG-0005,Fiat,Punto,Final,2015,2017,1.6 E.torQ
PJ-0011,Fiat,Punto,Lançamento,2007,2009,1.4 8V Fire
PJ-0011,Fiat,Punto,Lançamento,2007,2009,1.8 8V
PJ-0011,Fiat,Punto,Facelift 1,2009,2012,1.4 8V Fire
PJ-0011,Fiat,Punto,Facelift 1,2009,2012,1.8 E.torQ
PJ-0011,Fiat,Punto,Facelift 2,2012,2015,1.4 Fire Evo
PJ-0011,Fiat,Punto,Facelift 2,2012,2015,1.6 E.torQ
PJ-0011,Fiat,Punto,Final,2015,2017,1.4 Fire Evo
PJ-0011,Fiat,Punto,Final,2015,2017,1.6 E.torQ
VG-0010,Fiat,Punto,Lançamento,2007,2009,1.4 8V Fire
VG-0010,Fiat,Punto,Lançamento,2007,2009,1.8 8V
VG-0010,Fiat,Punto,Facelift 1,2009,2012,1.4 8V Fire
VG-0010,Fiat,Punto,Facelift 1,2009,2012,1.8 E.torQ
VG-0010,Fiat,Punto,Facelift 2,2012,2015,1.4 Fire Evo
VG-0010,Fiat,Punto,Facelift 2,2012,2015,1.6 E.torQ
VG-0010,Fiat,Punto,Final,2015,2017,1.4 Fire Evo
VG-0010,Fiat,Punto,Final,2015,2017,1.6 E.torQ
AN-0014,Chevrolet,Celta,1ª geração,2000,2003,1.0 8V VHC
AN-0014,Chevrolet,Celta,1ª geração,2000,2003,1.4 8V VHC
AN-0014,Chevrolet,Celta,Facelift,2003,2006,1.0 8V VHC
AN-0014,Chevrolet,Celta,Facelift,2003,2006,1.4 8V VHC
AN-0014,Chevrolet,Celta,2ª geração,2006,2011,1.0 8V VHCE
AN-0014,Chevrolet,Celta,2ª geração,2006,2011,1.4 8V VHCE Flexpower
AN-0014,Chevrolet,Celta,Final,2011,2016,1.0 8V VHCE
AN-0014,Chevrolet,Celta,Final,2011,2016,1.4 8V VHCE Flexpower
AN-0015,Chevrolet,Celta,1ª geração,2000,2003,1.0 8V VHC
AN-0015,Chevrolet,Celta,1ª geração,2000,2003,1.4 8V VHC
AN-0015,Chevrolet,Celta,Facelift,2003,2006,1.0 8V VHC
AN-0015,Chevrolet,Celta,Facelift,2003,2006,1.4 8V VHC
AN-0015,Chevrolet,Celta,2ª geração,2006,2011,1.0 8V VHCE
AN-0015,Chevrolet,Celta,2ª geração,2006,2011,1.4 8V VHCE Flexpower
AN-0015,Chevrolet,Celta,Final,2011,2016,1.0 8V VHCE
AN-0015,Chevrolet,Celta,Final,2011,2016,1.4 8V VHCE Flexpower
PJ-0012,Chevrolet,Celta,1ª geração,2000,2003,1.0 8V VHC
PJ-0012,Chevrolet,Celta,1ª geração,2000,2003,1.4 8V VHC
PJ-0012,Chevrolet,Celta,Facelift,2003,2006,1.0 8V VHC
PJ-0012,Chevrolet,Celta,Facelift,2003,2006,1.4 8V VHC
PJ-0012,Chevrolet,Celta,2ª geração,2006,2011,1.0 8V VHCE
PJ-0012,Chevrolet,Celta,2ª geração,2006,2011,1.4 8V VHCE Flexpower
PJ-0012,Chevrolet,Celta,Final,2011,2016,1.0 8V VHCE
PJ-0012,Chevrolet,Celta,Final,2011,2016,1.4 8V VHCE Flexpower
TT-0007,Chevrolet,Celta,1ª geração,2000,2003,1.0 8V VHC
TT-0007,Chevrolet,Celta,1ª geração,2000,2003,1.4 8V VHC
TT-0007,Chevrolet,Celta,Facelift,2003,2006,1.0 8V VHC
TT-0007,Chevrolet,Celta,Facelift,2003,2006,1.4 8V VHC
TT-0007,Chevrolet,Celta,2ª geração,2006,2011,1.0 8V VHCE
TT-0007,Chevrolet,Celta,2ª geração,2006,2011,1.4 8V VHCE Flexpower
TT-0007,Chevrolet,Celta,Final,2011,2016,1.0 8V VHCE
TT-0007,Chevrolet,Celta,Final,2011,2016,1.4 8V VHCE Flexpower
AN-0016,Chevrolet,Corsa,1ª geração,1994,2000,1.0 8V VHC
AN-0016,Chevrolet,Corsa,1ª geração,1994,2000,1.6 8V VHC
AN-0016,Chevrolet,Corsa,2ª geração,2000,2002,1.0 8V VHC
AN-0016,Chevrolet,Corsa,2ª geração,2000,2002,1.6 8V VHC
AN-0016,Chevrolet,Corsa,Facelift,2002,2007,1.0 8V VHC
AN-0016,Chevrolet,Corsa,Facelift,2002,2007,1.4 8V VHC
AN-0016,Chevrolet,Corsa,Facelift,2002,2007,1.8 8V
AN-0016,Chevrolet,Corsa,Final,2007,2012,1.0 8V VHCE
AN-0016,Chevrolet,Corsa,Final,2007,2012,1.4 8V VHCE Flexpower
VG-0011,Chevrolet,Corsa,1ª geração,1994,2000,1.0 8V VHC
VG-0011,Chevrolet,Corsa,1ª geração,1994,2000,1.6 8V VHC
VG-0011,Chevrolet,Corsa,2ª geração,2000,2002,1.0 8V VHC
VG-0011,Chevrolet,Corsa,2ª geração,2000,2002,1.6 8V VHC
VG-0011,Chevrolet,Corsa,Facelift,2002,2007,1.0 8V VHC
VG-0011,Chevrolet,Corsa,Facelift,2002,2007,1.4 8V VHC
VG-0011,Chevrolet,Corsa,Facelift,2002,2007,1.8 8V
VG-0011,Chevrolet,Corsa,Final,2007,2012,1.0 8V VHCE
VG-0011,Chevrolet,Corsa,Final,2007,2012,1.4 8V VHCE Flexpower
PJ-0013,Chevrolet,Corsa,1ª geração,1994,2000,1.0 8V VHC
PJ-0013,Chevrolet,Corsa,1ª geração,1994,2000,1.6 8V VHC
PJ-0013,Chevrolet,Corsa,2ª geração,2000,2002,1.0 8V VHC
PJ-0013,Chevrolet,Corsa,2ª geração,2000,2002,1.6 8V VHC
PJ-0013,Chevrolet,Corsa,Facelift,2002,2007,1.0 8V VHC
PJ-0013,Chevrolet,Corsa,Facelift,2002,2007,1.4 8V VHC
PJ-0013,Chevrolet,Corsa,Facelift,2002,2007,1.8 8V
PJ-0013,Chevrolet,Corsa,Final,2007,2012,1.0 8V VHCE
PJ-0013,Chevrolet,Corsa,Final,2007,2012,1.4 8V VHCE Flexpower
TT-0008,Chevrolet,Corsa,1ª geração,1994,2000,1.0 8V VHC
TT-0008,Chevrolet,Corsa,1ª geração,1994,2000,1.6 8V VHC
TT-0008,Chevrolet,Corsa,2ª geração,2000,2002,1.0 8V VHC
TT-0008,Chevrolet,Corsa,2ª geração,2000,2002,1.6 8V VHC
TT-0008,Chevrolet,Corsa,Facelift,2002,2007,1.0 8V VHC
TT-0008,Chevrolet,Corsa,Facelift,2002,2007,1.4 8V VHC
TT-0008,Chevrolet,Corsa,Facelift,2002,2007,1.8 8V
TT-0008,Chevrolet,Corsa,Final,2007,2012,1.0 8V VHCE
TT-0008,Chevrolet,Corsa,Final,2007,2012,1.4 8V VHCE Flexpower
IB-0011,Chevrolet,Corsa,1ª geração,1994,2000,1.0 8V VHC
IB-0011,Chevrolet,Corsa,1ª geração,1994,2000,1.6 8V VHC
IB-0011,Chevrolet,Corsa,2ª geração,2000,2002,1.0 8V VHC
IB-0011,Chevrolet,Corsa,2ª geração,2000,2002,1.6 8V VHC
IB-0011,Chevrolet,Corsa,Facelift,2002,2007,1.0 8V VHC
IB-0011,Chevrolet,Corsa,Facelift,2002,2007,1.4 8V VHC
IB-0011,Chevrolet,Corsa,Facelift,2002,2007,1.8 8V
IB-0011,Chevrolet,Corsa,Final,2007,2012,1.0 8V VHCE
IB-0011,Chevrolet,Corsa,Final,2007,2012,1.4 8V VHCE Flexpower
AN-0017,Chevrolet,Classic,Lançamento,2003,2005,1.0 8V VHC
AN-0017,Chevrolet,Classic,Lançamento,2003,2005,1.4 8V VHC
AN-0017,Chevrolet,Classic,Facelift 1,2005,2010,1.0 8V VHC
AN-0017,Chevrolet,Classic,Facelift 1,2005,2010,1.4 8V VHC
AN-0017,Chevrolet,Classic,Facelift 2,2010,2014,1.0 8V VHCE Economy
AN-0017,Chevrolet,Classic,Facelift 2,2010,2014,1.4 8V VHCE Flexpower
AN-0017,Chevrolet,Classic,Final,2014,2016,1.0 8V VHCE Economy
AN-0017,Chevrolet,Classic,Final,2014,2016,1.4 8V VHCE Flexpower
AN-0018,Chevrolet,Classic,Lançamento,2003,2005,1.0 8V VHC
AN-0018,Chevrolet,Classic,Lançamento,2003,2005,1.4 8V VHC
AN-0018,Chevrolet,Classic,Facelift 1,2005,2010,1.0 8V VHC
AN-0018,Chevrolet,Classic,Facelift 1,2005,2010,1.4 8V VHC
AN-0018,Chevrolet,Classic,Facelift 2,2010,2014,1.0 8V VHCE Economy
AN-0018,Chevrolet,Classic,Facelift 2,2010,2014,1.4 8V VHCE Flexpower
AN-0018,Chevrolet,Classic,Final,2014,2016,1.0 8V VHCE Economy
AN-0018,Chevrolet,Classic,Final,2014,2016,1.4 8V VHCE Flexpower
VG-0012,Chevrolet,Classic,Lançamento,2003,2005,1.0 8V VHC
VG-0012,Chevrolet,Classic,Lançamento,2003,2005,1.4 8V VHC
VG-0012,Chevrolet,Classic,Facelift 1,2005,2010,1.0 8V VHC
VG-0012,Chevrolet,Classic,Facelift 1,2005,2010,1.4 8V VHC
VG-0012,Chevrolet,Classic,Facelift 2,2010,2014,1.0 8V VHCE Economy
VG-0012,Chevrolet,Classic,Facelift 2,2010,2014,1.4 8V VHCE Flexpower
VG-0012,Chevrolet,Classic,Final,2014,2016,1.0 8V VHCE Economy
VG-0012,Chevrolet,Classic,Final,2014,2016,1.4 8V VHCE Flexpower
PJ-0014,Chevrolet,Classic,Lançamento,2003,2005,1.0 8V VHC
PJ-0014,Chevrolet,Classic,Lançamento,2003,2005,1.4 8V VHC
PJ-0014,Chevrolet,Classic,Facelift 1,2005,2010,1.0 8V VHC
PJ-0014,Chevrolet,Classic,Facelift 1,2005,2010,1.4 8V VHC
PJ-0014,Chevrolet,Classic,Facelift 2,2010,2014,1.0 8V VHCE Economy
PJ-0014,Chevrolet,Classic,Facelift 2,2010,2014,1.4 8V VHCE Flexpower
PJ-0014,Chevrolet,Classic,Final,2014,2016,1.0 8V VHCE Economy
PJ-0014,Chevrolet,Classic,Final,2014,2016,1.4 8V VHCE Flexpower
PJ-0015,Chevrolet,Classic,Lançamento,2003,2005,1.0 8V VHC
PJ-0015,Chevrolet,Classic,Lançamento,2003,2005,1.4 8V VHC
PJ-0015,Chevrolet,Classic,Facelift 1,2005,2010,1.0 8V VHC
PJ-0015,Chevrolet,Classic,Facelift 1,2005,2010,1.4 8V VHC
PJ-0015,Chevrolet,Classic,Facelift 2,2010,2014,1.0 8V VHCE Economy
PJ-0015,Chevrolet,Classic,Facelift 2,2010,2014,1.4 8V VHCE Flexpower
PJ-0015,Chevrolet,Classic,Final,2014,2016,1.0 8V VHCE Economy
PJ-0015,Chevrolet,Classic,Final,2014,2016,1.4 8V VHCE Flexpower
JG-0006,Chevrolet,Classic,Lançamento,2003,2005,1.0 8V VHC
JG-0006,Chevrolet,Classic,Lançamento,2003,2005,1.4 8V VHC
JG-0006,Chevrolet,Classic,Facelift 1,2005,2010,1.0 8V VHC
JG-0006,Chevrolet,Classic,Facelift 1,2005,2010,1.4 8V VHC
JG-0006,Chevrolet,Classic,Facelift 2,2010,2014,1.0 8V VHCE Economy
JG-0006,Chevrolet,Classic,Facelift 2,2010,2014,1.4 8V VHCE Flexpower
JG-0006,Chevrolet,Classic,Final,2014,2016,1.0 8V VHCE Economy
JG-0006,Chevrolet,Classic,Final,2014,2016,1.4 8V VHCE Flexpower
JG-0007,Chevrolet,Onix,1ª geração,2012,2015,1.0 SPE4
JG-0007,Chevrolet,Onix,1ª geração,2012,2015,1.4 SPE4
JG-0007,Chevrolet,Onix,Facelift,2015,2019,1.0 SPE4
JG-0007,Chevrolet,Onix,Facelift,2015,2019,1.4 SPE4
JG-0007,Chevrolet,Onix,2ª geração,2019,2022,1.0 Turbo Family 0
JG-0007,Chevrolet,Onix,2ª geração,2019,2022,1.0 Aspirado Family 0
JG-0007,Chevrolet,Onix,Atual,2022,2023,1.0 Turbo Family 0
JG-0007,Chevrolet,Onix,Atual,2022,2023,1.0 Aspirado Family 0
TT-0009,Chevrolet,Onix,1ª geração,2012,2015,1.0 SPE4
TT-0009,Chevrolet,Onix,1ª geração,2012,2015,1.4 SPE4
TT-0009,Chevrolet,Onix,Facelift,2015,2019,1.0 SPE4
TT-0009,Chevrolet,Onix,Facelift,2015,2019,1.4 SPE4
TT-0009,Chevrolet,Onix,2ª geração,2019,2022,1.0 Turbo Family 0
TT-0009,Chevrolet,Onix,2ª geração,2019,2022,1.0 Aspirado Family 0
TT-0009,Chevrolet,Onix,Atual,2022,2023,1.0 Turbo Family 0
TT-0009,Chevrolet,Onix,Atual,2022,2023,1.0 Aspirado Family 0
JG-0008,Chevrolet,Onix,1ª geração,2012,2015,1.0 SPE4
JG-0008,Chevrolet,Onix,1ª geração,2012,2015,1.4 SPE4
JG-0008,Chevrolet,Onix,Facelift,2015,2019,1.0 SPE4
JG-0008,Chevrolet,Onix,Facelift,2015,2019,1.4 SPE4
JG-0008,Chevrolet,Onix,2ª geração,2019,2022,1.0 Turbo Family 0
JG-0008,Chevrolet,Onix,2ª geração,2019,2022,1.0 Aspirado Family 0
JG-0008,Chevrolet,Onix,Atual,2022,2023,1.0 Turbo Family 0
JG-0008,Chevrolet,Onix,Atual,2022,2023,1.0 Aspirado Family 0
JG-0009,Chevrolet,Onix,1ª geração,2012,2015,1.0 SPE4
JG-0009,Chevrolet,Onix,1ª geração,2012,2015,1.4 SPE4
JG-0009,Chevrolet,Onix,Facelift,2015,2019,1.0 SPE4
JG-0009,Chevrolet,Onix,Facelift,2015,2019,1.4 SPE4
JG-0009,Chevrolet,Onix,2ª geração,2019,2022,1.0 Turbo Family 0
JG-0009,Chevrolet,Onix,2ª geração,2019,2022,1.0 Aspirado Family 0
JG-0009,Chevrolet,Onix,Atual,2022,2023,1.0 Turbo Family 0
JG-0009,Chevrolet,Onix,Atual,2022,2023,1.0 Aspirado Family 0
TT-0010,Chevrolet,Onix,1ª geração,2012,2015,1.0 SPE4
TT-0010,Chevrolet,Onix,1ª geração,2012,2015,1.4 SPE4
TT-0010,Chevrolet,Onix,Facelift,2015,2019,1.0 SPE4
TT-0010,Chevrolet,Onix,Facelift,2015,2019,1.4 SPE4
TT-0010,Chevrolet,Onix,2ª geração,2019,2022,1.0 Turbo Family 0
TT-0010,Chevrolet,Onix,2ª geração,2019,2022,1.0 Aspirado Family 0
TT-0010,Chevrolet,Onix,Atual,2022,2023,1.0 Turbo Family 0
TT-0010,Chevrolet,Onix,Atual,2022,2023,1.0 Aspirado Family 0
IB-0012,Chevrolet,Prisma,1ª geração,2006,2013,1.0 8V VHCE
IB-0012,Chevrolet,Prisma,1ª geração,2006,2013,1.4 8V VHCE Flexpower
IB-0012,Chevrolet,Prisma,2ª geração,2013,2016,1.0 SPE4
IB-0012,Chevrolet,Prisma,2ª geração,2013,2016,1.4 SPE4
IB-0012,Chevrolet,Prisma,Facelift,2016,2019,1.0 SPE4
IB-0012,Chevrolet,Prisma,Facelift,2016,2019,1.4 SPE4
IB-0012,Chevrolet,Prisma,Final,2019,2021,1.0 SPE4
IB-0012,Chevrolet,Prisma,Final,2019,2021,1.4 SPE4
VG-0013,Chevrolet,Prisma,1ª geração,2006,2013,1.0 8V VHCE
VG-0013,Chevrolet,Prisma,1ª geração,2006,2013,1.4 8V VHCE Flexpower
VG-0013,Chevrolet,Prisma,2ª geração,2013,2016,1.0 SPE4
VG-0013,Chevrolet,Prisma,2ª geração,2013,2016,1.4 SPE4
VG-0013,Chevrolet,Prisma,Facelift,2016,2019,1.0 SPE4
VG-0013,Chevrolet,Prisma,Facelift,2016,2019,1.4 SPE4
VG-0013,Chevrolet,Prisma,Final,2019,2021,1.0 SPE4
VG-0013,Chevrolet,Prisma,Final,2019,2021,1.4 SPE4
JG-0010,Chevrolet,Prisma,1ª geração,2006,2013,1.0 8V VHCE
JG-0010,Chevrolet,Prisma,1ª geração,2006,2013,1.4 8V VHCE Flexpower
JG-0010,Chevrolet,Prisma,2ª geração,2013,2016,1.0 SPE4
JG-0010,Chevrolet,Prisma,2ª geração,2013,2016,1.4 SPE4
JG-0010,Chevrolet,Prisma,Facelift,2016,2019,1.0 SPE4
JG-0010,Chevrolet,Prisma,Facelift,2016,2019,1.4 SPE4
JG-0010,Chevrolet,Prisma,Final,2019,2021,1.0 SPE4
JG-0010,Chevrolet,Prisma,Final,2019,2021,1.4 SPE4
IB-0013,Chevrolet,Prisma,1ª geração,2006,2013,1.0 8V VHCE
IB-0013,Chevrolet,Prisma,1ª geração,2006,2013,1.4 8V VHCE Flexpower
IB-0013,Chevrolet,Prisma,2ª geração,2013,2016,1.0 SPE4
IB-0013,Chevrolet,Prisma,2ª geração,2013,2016,1.4 SPE4
IB-0013,Chevrolet,Prisma,Facelift,2016,2019,1.0 SPE4
IB-0013,Chevrolet,Prisma,Facelift,2016,2019,1.4 SPE4
IB-0013,Chevrolet,Prisma,Final,2019,2021,1.0 SPE4
IB-0013,Chevrolet,Prisma,Final,2019,2021,1.4 SPE4
AN-0019,Chevrolet,Prisma,1ª geração,2006,2013,1.0 8V VHCE
AN-0019,Chevrolet,Prisma,1ª geração,2006,2013,1.4 8V VHCE Flexpower
AN-0019,Chevrolet,Prisma,2ª geração,2013,2016,1.0 SPE4
AN-0019,Chevrolet,Prisma,2ª geração,2013,2016,1.4 SPE4
AN-0019,Chevrolet,Prisma,Facelift,2016,2019,1.0 SPE4
AN-0019,Chevrolet,Prisma,Facelift,2016,2019,1.4 SPE4
AN-0019,Chevrolet,Prisma,Final,2019,2021,1.0 SPE4
AN-0019,Chevrolet,Prisma,Final,2019,2021,1.4 SPE4
VG-0014,Chevrolet,Prisma,1ª geração,2006,2013,1.0 8V VHCE
VG-0014,Chevrolet,Prisma,1ª geração,2006,2013,1.4 8V VHCE Flexpower
VG-0014,Chevrolet,Prisma,2ª geração,2013,2016,1.0 SPE4
VG-0014,Chevrolet,Prisma,2ª geração,2013,2016,1.4 SPE4
VG-0014,Chevrolet,Prisma,Facelift,2016,2019,1.0 SPE4
VG-0014,Chevrolet,Prisma,Facelift,2016,2019,1.4 SPE4
VG-0014,Chevrolet,Prisma,Final,2019,2021,1.0 SPE4
VG-0014,Chevrolet,Prisma,Final,2019,2021,1.4 SPE4
JG-0011,Ford,Ka,1ª geração,1997,2000,1.0 Zetec Rocam
JG-0011,Ford,Ka,1ª geração,1997,2000,1.3 Zetec Rocam
JG-0011,Ford,Ka,Facelift,2000,2007,1.0 Zetec Rocam
JG-0011,Ford,Ka,Facelift,2000,2007,1.6 Zetec Rocam
JG-0011,Ford,Ka,Nova geração,2014,2017,1.0 Ti-VCT Dragon
JG-0011,Ford,Ka,Nova geração,2014,2017,1.5 Ti-VCT Dragon
JG-0011,Ford,Ka,Facelift atual,2017,2021,1.0 Ti-VCT Dragon
JG-0011,Ford,Ka,Facelift atual,2017,2021,1.5 Ti-VCT Dragon
JG-0012,Ford,Ka,1ª geração,1997,2000,1.0 Zetec Rocam
JG-0012,Ford,Ka,1ª geração,1997,2000,1.3 Zetec Rocam
JG-0012,Ford,Ka,Facelift,2000,2007,1.0 Zetec Rocam
JG-0012,Ford,Ka,Facelift,2000,2007,1.6 Zetec Rocam
JG-0012,Ford,Ka,Nova geração,2014,2017,1.0 Ti-VCT Dragon
JG-0012,Ford,Ka,Nova geração,2014,2017,1.5 Ti-VCT Dragon
JG-0012,Ford,Ka,Facelift atual,2017,2021,1.0 Ti-VCT Dragon
JG-0012,Ford,Ka,Facelift atual,2017,2021,1.5 Ti-VCT Dragon
TT-0011,Ford,Ka,1ª geração,1997,2000,1.0 Zetec Rocam
TT-0011,Ford,Ka,1ª geração,1997,2000,1.3 Zetec Rocam
TT-0011,Ford,Ka,Facelift,2000,2007,1.0 Zetec Rocam
TT-0011,Ford,Ka,Facelift,2000,2007,1.6 Zetec Rocam
TT-0011,Ford,Ka,Nova geração,2014,2017,1.0 Ti-VCT Dragon
TT-0011,Ford,Ka,Nova geração,2014,2017,1.5 Ti-VCT Dragon
TT-0011,Ford,Ka,Facelift atual,2017,2021,1.0 Ti-VCT Dragon
TT-0011,Ford,Ka,Facelift atual,2017,2021,1.5 Ti-VCT Dragon
IB-0014,Ford,Ka,1ª geração,1997,2000,1.0 Zetec Rocam
IB-0014,Ford,Ka,1ª geração,1997,2000,1.3 Zetec Rocam
IB-0014,Ford,Ka,Facelift,2000,2007,1.0 Zetec Rocam
IB-0014,Ford,Ka,Facelift,2000,2007,1.6 Zetec Rocam
IB-0014,Ford,Ka,Nova geração,2014,2017,1.0 Ti-VCT Dragon
IB-0014,Ford,Ka,Nova geração,2014,2017,1.5 Ti-VCT Dragon
IB-0014,Ford,Ka,Facelift atual,2017,2021,1.0 Ti-VCT Dragon
IB-0014,Ford,Ka,Facelift atual,2017,2021,1.5 Ti-VCT Dragon
TT-0012,Ford,Fiesta,1ª geração BR,2002,2005,1.0 Zetec Rocam
TT-0012,Ford,Fiesta,1ª geração BR,2002,2005,1.6 Zetec Rocam
TT-0012,Ford,Fiesta,2ª geração BR,2005,2012,1.0 Zetec Rocam
TT-0012,Ford,Fiesta,2ª geração BR,2005,2012,1.6 Zetec Rocam
TT-0012,Ford,Fiesta,Nova geração,2013,2017,1.6 Ti-VCT
TT-0012,Ford,Fiesta,Nova geração,2013,2017,1.0 EcoBoost
TT-0012,Ford,Fiesta,Final,2017,2019,1.6 Ti-VCT
TT-0012,Ford,Fiesta,Final,2017,2019,1.0 EcoBoost
AN-0020,Ford,Fiesta,1ª geração BR,2002,2005,1.0 Zetec Rocam
AN-0020,Ford,Fiesta,1ª geração BR,2002,2005,1.6 Zetec Rocam
AN-0020,Ford,Fiesta,2ª geração BR,2005,2012,1.0 Zetec Rocam
AN-0020,Ford,Fiesta,2ª geração BR,2005,2012,1.6 Zetec Rocam
AN-0020,Ford,Fiesta,Nova geração,2013,2017,1.6 Ti-VCT
AN-0020,Ford,Fiesta,Nova geração,2013,2017,1.0 EcoBoost
AN-0020,Ford,Fiesta,Final,2017,2019,1.6 Ti-VCT
AN-0020,Ford,Fiesta,Final,2017,2019,1.0 EcoBoost
AN-0021,Ford,Fiesta,1ª geração BR,2002,2005,1.0 Zetec Rocam
AN-0021,Ford,Fiesta,1ª geração BR,2002,2005,1.6 Zetec Rocam
AN-0021,Ford,Fiesta,2ª geração BR,2005,2012,1.0 Zetec Rocam
AN-0021,Ford,Fiesta,2ª geração BR,2005,2012,1.6 Zetec Rocam
AN-0021,Ford,Fiesta,Nova geração,2013,2017,1.6 Ti-VCT
AN-0021,Ford,Fiesta,Nova geração,2013,2017,1.0 EcoBoost
AN-0021,Ford,Fiesta,Final,2017,2019,1.6 Ti-VCT
AN-0021,Ford,Fiesta,Final,2017,2019,1.0 EcoBoost
VG-0015,Ford,Fiesta,1ª geração BR,2002,2005,1.0 Zetec Rocam
VG-0015,Ford,Fiesta,1ª geração BR,2002,2005,1.6 Zetec Rocam
VG-0015,Ford,Fiesta,2ª geração BR,2005,2012,1.0 Zetec Rocam
VG-0015,Ford,Fiesta,2ª geração BR,2005,2012,1.6 Zetec Rocam
VG-0015,Ford,Fiesta,Nova geração,2013,2017,1.6 Ti-VCT
VG-0015,Ford,Fiesta,Nova geração,2013,2017,1.0 EcoBoost
VG-0015,Ford,Fiesta,Final,2017,2019,1.6 Ti-VCT
VG-0015,Ford,Fiesta,Final,2017,2019,1.0 EcoBoost
TT-0013,Ford,Fiesta,1ª geração BR,2002,2005,1.0 Zetec Rocam
TT-0013,Ford,Fiesta,1ª geração BR,2002,2005,1.6 Zetec Rocam
TT-0013,Ford,Fiesta,2ª geração BR,2005,2012,1.0 Zetec Rocam
TT-0013,Ford,Fiesta,2ª geração BR,2005,2012,1.6 Zetec Rocam
TT-0013,Ford,Fiesta,Nova geração,2013,2017,1.6 Ti-VCT
TT-0013,Ford,Fiesta,Nova geração,2013,2017,1.0 EcoBoost
TT-0013,Ford,Fiesta,Final,2017,2019,1.6 Ti-VCT
TT-0013,Ford,Fiesta,Final,2017,2019,1.0 EcoBoost
PJ-0016,Ford,Fiesta,1ª geração BR,2002,2005,1.0 Zetec Rocam
PJ-0016,Ford,Fiesta,1ª geração BR,2002,2005,1.6 Zetec Rocam
PJ-0016,Ford,Fiesta,2ª geração BR,2005,2012,1.0 Zetec Rocam
PJ-0016,Ford,Fiesta,2ª geração BR,2005,2012,1.6 Zetec Rocam
PJ-0016,Ford,Fiesta,Nova geração,2013,2017,1.6 Ti-VCT
PJ-0016,Ford,Fiesta,Nova geração,2013,2017,1.0 EcoBoost
PJ-0016,Ford,Fiesta,Final,2017,2019,1.6 Ti-VCT
PJ-0016,Ford,Fiesta,Final,2017,2019,1.0 EcoBoost
AN-0022,Ford,EcoSport,1ª geração,2003,2007,1.6 Zetec Rocam
AN-0022,Ford,EcoSport,1ª geração,2003,2007,2.0 Zetec
AN-0022,Ford,EcoSport,Facelift,2007,2012,1.6 Zetec Rocam
AN-0022,Ford,EcoSport,Facelift,2007,2012,2.0 Duratec
AN-0022,Ford,EcoSport,2ª geração,2012,2017,1.6 Ti-VCT
AN-0022,Ford,EcoSport,2ª geração,2012,2017,2.0 Ti-VCT
AN-0022,Ford,EcoSport,Final,2017,2021,1.5 Ti-VCT
AN-0022,Ford,EcoSport,Final,2017,2021,2.0 Ti-VCT AWD
IB-0015,Ford,EcoSport,1ª geração,2003,2007,1.6 Zetec Rocam
IB-0015,Ford,EcoSport,1ª geração,2003,2007,2.0 Zetec
IB-0015,Ford,EcoSport,Facelift,2007,2012,1.6 Zetec Rocam
IB-0015,Ford,EcoSport,Facelift,2007,2012,2.0 Duratec
IB-0015,Ford,EcoSport,2ª geração,2012,2017,1.6 Ti-VCT
IB-0015,Ford,EcoSport,2ª geração,2012,2017,2.0 Ti-VCT
IB-0015,Ford,EcoSport,Final,2017,2021,1.5 Ti-VCT
IB-0015,Ford,EcoSport,Final,2017,2021,2.0 Ti-VCT AWD
TT-0014,Ford,EcoSport,1ª geração,2003,2007,1.6 Zetec Rocam
TT-0014,Ford,EcoSport,1ª geração,2003,2007,2.0 Zetec
TT-0014,Ford,EcoSport,Facelift,2007,2012,1.6 Zetec Rocam
TT-0014,Ford,EcoSport,Facelift,2007,2012,2.0 Duratec
TT-0014,Ford,EcoSport,2ª geração,2012,2017,1.6 Ti-VCT
TT-0014,Ford,EcoSport,2ª geração,2012,2017,2.0 Ti-VCT
TT-0014,Ford,EcoSport,Final,2017,2021,1.5 Ti-VCT
TT-0014,Ford,EcoSport,Final,2017,2021,2.0 Ti-VCT AWD
AN-0023,Ford,EcoSport,1ª geração,2003,2007,1.6 Zetec Rocam
AN-0023,Ford,EcoSport,1ª geração,2003,2007,2.0 Zetec
AN-0023,Ford,EcoSport,Facelift,2007,2012,1.6 Zetec Rocam
AN-0023,Ford,EcoSport,Facelift,2007,2012,2.0 Duratec
AN-0023,Ford,EcoSport,2ª geração,2012,2017,1.6 Ti-VCT
AN-0023,Ford,EcoSport,2ª geração,2012,2017,2.0 Ti-VCT
AN-0023,Ford,EcoSport,Final,2017,2021,1.5 Ti-VCT
AN-0023,Ford,EcoSport,Final,2017,2021,2.0 Ti-VCT AWD
JG-0013,Renault,Sandero,1ª geração,2007,2011,1.0 16V Energy
JG-0013,Renault,Sandero,1ª geração,2007,2011,1.6 16V Energy
JG-0013,Renault,Sandero,Facelift,2011,2014,1.0 16V Energy
JG-0013,Renault,Sandero,Facelift,2011,2014,1.6 16V Energy
JG-0013,Renault,Sandero,2ª geração,2014,2017,1.0 12V SCe
JG-0013,Renault,Sandero,2ª geração,2014,2017,1.6 16V Energy
JG-0013,Renault,Sandero,Final,2017,2020,1.0 12V SCe
JG-0013,Renault,Sandero,Final,2017,2020,1.6 16V SCe
VG-0016,Renault,Sandero,1ª geração,2007,2011,1.0 16V Energy
VG-0016,Renault,Sandero,1ª geração,2007,2011,1.6 16V Energy
VG-0016,Renault,Sandero,Facelift,2011,2014,1.0 16V Energy
VG-0016,Renault,Sandero,Facelift,2011,2014,1.6 16V Energy
VG-0016,Renault,Sandero,2ª geração,2014,2017,1.0 12V SCe
VG-0016,Renault,Sandero,2ª geração,2014,2017,1.6 16V Energy
VG-0016,Renault,Sandero,Final,2017,2020,1.0 12V SCe
VG-0016,Renault,Sandero,Final,2017,2020,1.6 16V SCe
AN-0024,Renault,Sandero,1ª geração,2007,2011,1.0 16V Energy
AN-0024,Renault,Sandero,1ª geração,2007,2011,1.6 16V Energy
AN-0024,Renault,Sandero,Facelift,2011,2014,1.0 16V Energy
AN-0024,Renault,Sandero,Facelift,2011,2014,1.6 16V Energy
AN-0024,Renault,Sandero,2ª geração,2014,2017,1.0 12V SCe
AN-0024,Renault,Sandero,2ª geração,2014,2017,1.6 16V Energy
AN-0024,Renault,Sandero,Final,2017,2020,1.0 12V SCe
AN-0024,Renault,Sandero,Final,2017,2020,1.6 16V SCe
AN-0025,Renault,Sandero,1ª geração,2007,2011,1.0 16V Energy
AN-0025,Renault,Sandero,1ª geração,2007,2011,1.6 16V Energy
AN-0025,Renault,Sandero,Facelift,2011,2014,1.0 16V Energy
AN-0025,Renault,Sandero,Facelift,2011,2014,1.6 16V Energy
AN-0025,Renault,Sandero,2ª geração,2014,2017,1.0 12V SCe
AN-0025,Renault,Sandero,2ª geração,2014,2017,1.6 16V Energy
AN-0025,Renault,Sandero,Final,2017,2020,1.0 12V SCe
AN-0025,Renault,Sandero,Final,2017,2020,1.6 16V SCe
TT-0015,Renault,Sandero,1ª geração,2007,2011,1.0 16V Energy
TT-0015,Renault,Sandero,1ª geração,2007,2011,1.6 16V Energy
TT-0015,Renault,Sandero,Facelift,2011,2014,1.0 16V Energy
TT-0015,Renault,Sandero,Facelift,2011,2014,1.6 16V Energy
TT-0015,Renault,Sandero,2ª geração,2014,2017,1.0 12V SCe
TT-0015,Renault,Sandero,2ª geração,2014,2017,1.6 16V Energy
TT-0015,Renault,Sandero,Final,2017,2020,1.0 12V SCe
TT-0015,Renault,Sandero,Final,2017,2020,1.6 16V SCe
IB-0016,Renault,Sandero,1ª geração,2007,2011,1.0 16V Energy
IB-0016,Renault,Sandero,1ª geração,2007,2011,1.6 16V Energy
IB-0016,Renault,Sandero,Facelift,2011,2014,1.0 16V Energy
IB-0016,Renault,Sandero,Facelift,2011,2014,1.6 16V Energy
IB-0016,Renault,Sandero,2ª geração,2014,2017,1.0 12V SCe
IB-0016,Renault,Sandero,2ª geração,2014,2017,1.6 16V Energy
IB-0016,Renault,Sandero,Final,2017,2020,1.0 12V SCe
IB-0016,Renault,Sandero,Final,2017,2020,1.6 16V SCe
JG-0014,Renault,Sandero,1ª geração,2007,2011,1.0 16V Energy
JG-0014,Renault,Sandero,1ª geração,2007,2011,1.6 16V Energy
JG-0014,Renault,Sandero,Facelift,2011,2014,1.0 16V Energy
JG-0014,Renault,Sandero,Facelift,2011,2014,1.6 16V Energy
JG-0014,Renault,Sandero,2ª geração,2014,2017,1.0 12V SCe
JG-0014,Renault,Sandero,2ª geração,2014,2017,1.6 16V Energy
JG-0014,Renault,Sandero,Final,2017,2020,1.0 12V SCe
JG-0014,Renault,Sandero,Final,2017,2020,1.6 16V SCe
JG-0015,Renault,Logan,1ª geração,2007,2011,1.0 16V Energy
JG-0015,Renault,Logan,1ª geração,2007,2011,1.6 16V Energy
JG-0015,Renault,Logan,Facelift,2011,2013,1.0 16V Energy
JG-0015,Renault,Logan,Facelift,2011,2013,1.6 16V Energy
JG-0015,Renault,Logan,2ª geração,2013,2017,1.0 12V SCe
JG-0015,Renault,Logan,2ª geração,2013,2017,1.6 16V Energy
JG-0015,Renault,Logan,Final,2017,2021,1.0 12V SCe
JG-0015,Renault,Logan,Final,2017,2021,1.6 16V SCe
AN-0026,Renault,Logan,1ª geração,2007,2011,1.0 16V Energy
AN-0026,Renault,Logan,1ª geração,2007,2011,1.6 16V Energy
AN-0026,Renault,Logan,Facelift,2011,2013,1.0 16V Energy
AN-0026,Renault,Logan,Facelift,2011,2013,1.6 16V Energy
AN-0026,Renault,Logan,2ª geração,2013,2017,1.0 12V SCe
AN-0026,Renault,Logan,2ª geração,2013,2017,1.6 16V Energy
AN-0026,Renault,Logan,Final,2017,2021,1.0 12V SCe
AN-0026,Renault,Logan,Final,2017,2021,1.6 16V SCe
AN-0027,Renault,Logan,1ª geração,2007,2011,1.0 16V Energy
AN-0027,Renault,Logan,1ª geração,2007,2011,1.6 16V Energy
AN-0027,Renault,Logan,Facelift,2011,2013,1.0 16V Energy
AN-0027,Renault,Logan,Facelift,2011,2013,1.6 16V Energy
AN-0027,Renault,Logan,2ª geração,2013,2017,1.0 12V SCe
AN-0027,Renault,Logan,2ª geração,2013,2017,1.6 16V Energy
AN-0027,Renault,Logan,Final,2017,2021,1.0 12V SCe
AN-0027,Renault,Logan,Final,2017,2021,1.6 16V SCe
PJ-0017,Renault,Logan,1ª geração,2007,2011,1.0 16V Energy
PJ-0017,Renault,Logan,1ª geração,2007,2011,1.6 16V Energy
PJ-0017,Renault,Logan,Facelift,2011,2013,1.0 16V Energy
PJ-0017,Renault,Logan,Facelift,2011,2013,1.6 16V Energy
PJ-0017,Renault,Logan,2ª geração,2013,2017,1.0 12V SCe
PJ-0017,Renault,Logan,2ª geração,2013,2017,1.6 16V Energy
PJ-0017,Renault,Logan,Final,2017,2021,1.0 12V SCe
PJ-0017,Renault,Logan,Final,2017,2021,1.6 16V SCe
PJ-0018,Renault,Logan,1ª geração,2007,2011,1.0 16V Energy
PJ-0018,Renault,Logan,1ª geração,2007,2011,1.6 16V Energy
PJ-0018,Renault,Logan,Facelift,2011,2013,1.0 16V Energy
PJ-0018,Renault,Logan,Facelift,2011,2013,1.6 16V Energy
PJ-0018,Renault,Logan,2ª geração,2013,2017,1.0 12V SCe
PJ-0018,Renault,Logan,2ª geração,2013,2017,1.6 16V Energy
PJ-0018,Renault,Logan,Final,2017,2021,1.0 12V SCe
PJ-0018,Renault,Logan,Final,2017,2021,1.6 16V SCe
IB-0017,Renault,Duster,1ª geração,2011,2015,1.6 16V Energy
IB-0017,Renault,Duster,1ª geração,2011,2015,2.0 16V
IB-0017,Renault,Duster,Facelift,2015,2019,1.6 16V SCe
IB-0017,Renault,Duster,Facelift,2015,2019,2.0 16V
IB-0017,Renault,Duster,2ª geração,2019,2021,1.6 16V SCe
IB-0017,Renault,Duster,2ª geração,2019,2021,2.0 16V
IB-0017,Renault,Duster,Atual,2021,2023,1.6 16V SCe
IB-0017,Renault,Duster,Atual,2021,2023,2.0 16V
AN-0028,Renault,Duster,1ª geração,2011,2015,1.6 16V Energy
AN-0028,Renault,Duster,1ª geração,2011,2015,2.0 16V
AN-0028,Renault,Duster,Facelift,2015,2019,1.6 16V SCe
AN-0028,Renault,Duster,Facelift,2015,2019,2.0 16V
AN-0028,Renault,Duster,2ª geração,2019,2021,1.6 16V SCe
AN-0028,Renault,Duster,2ª geração,2019,2021,2.0 16V
AN-0028,Renault,Duster,Atual,2021,2023,1.6 16V SCe
AN-0028,Renault,Duster,Atual,2021,2023,2.0 16V
PJ-0019,Renault,Duster,1ª geração,2011,2015,1.6 16V Energy
PJ-0019,Renault,Duster,1ª geração,2011,2015,2.0 16V
PJ-0019,Renault,Duster,Facelift,2015,2019,1.6 16V SCe
PJ-0019,Renault,Duster,Facelift,2015,2019,2.0 16V
PJ-0019,Renault,Duster,2ª geração,2019,2021,1.6 16V SCe
PJ-0019,Renault,Duster,2ª geração,2019,2021,2.0 16V
PJ-0019,Renault,Duster,Atual,2021,2023,1.6 16V SCe
PJ-0019,Renault,Duster,Atual,2021,2023,2.0 16V
TT-0016,Renault,Duster,1ª geração,2011,2015,1.6 16V Energy
TT-0016,Renault,Duster,1ª geração,2011,2015,2.0 16V
TT-0016,Renault,Duster,Facelift,2015,2019,1.6 16V SCe
TT-0016,Renault,Duster,Facelift,2015,2019,2.0 16V
TT-0016,Renault,Duster,2ª geração,2019,2021,1.6 16V SCe
TT-0016,Renault,Duster,2ª geração,2019,2021,2.0 16V
TT-0016,Renault,Duster,Atual,2021,2023,1.6 16V SCe
TT-0016,Renault,Duster,Atual,2021,2023,2.0 16V
TT-0017,Renault,Duster,1ª geração,2011,2015,1.6 16V Energy
TT-0017,Renault,Duster,1ª geração,2011,2015,2.0 16V
TT-0017,Renault,Duster,Facelift,2015,2019,1.6 16V SCe
TT-0017,Renault,Duster,Facelift,2015,2019,2.0 16V
TT-0017,Renault,Duster,2ª geração,2019,2021,1.6 16V SCe
TT-0017,Renault,Duster,2ª geração,2019,2021,2.0 16V
TT-0017,Renault,Duster,Atual,2021,2023,1.6 16V SCe
TT-0017,Renault,Duster,Atual,2021,2023,2.0 16V
JG-0016,Renault,Duster,1ª geração,2011,2015,1.6 16V Energy
JG-0016,Renault,Duster,1ª geração,2011,2015,2.0 16V
JG-0016,Renault,Duster,Facelift,2015,2019,1.6 16V SCe
JG-0016,Renault,Duster,Facelift,2015,2019,2.0 16V
JG-0016,Renault,Duster,2ª geração,2019,2021,1.6 16V SCe
JG-0016,Renault,Duster,2ª geração,2019,2021,2.0 16V
JG-0016,Renault,Duster,Atual,2021,2023,1.6 16V SCe
JG-0016,Renault,Duster,Atual,2021,2023,2.0 16V
PJ-0020,Hyundai,HB20,Lançamento,2012,2015,1.0 Kappa
PJ-0020,Hyundai,HB20,Lançamento,2012,2015,1.6 Gamma
PJ-0020,Hyundai,HB20,Facelift,2015,2019,1.0 Kappa
PJ-0020,Hyundai,HB20,Facelift,2015,2019,1.6 Gamma
PJ-0020,Hyundai,HB20,2ª geração,2019,2021,1.0 Kappa TGDI
PJ-0020,Hyundai,HB20,2ª geração,2019,2021,1.6 Gamma
PJ-0020,Hyundai,HB20,Atual,2021,2023,1.0 Kappa TGDI
PJ-0020,Hyundai,HB20,Atual,2021,2023,1.6 Gamma
AN-0029,Hyundai,HB20,Lançamento,2012,2015,1.0 Kappa
AN-0029,Hyundai,HB20,Lançamento,2012,2015,1.6 Gamma
AN-0029,Hyundai,HB20,Facelift,2015,2019,1.0 Kappa
AN-0029,Hyundai,HB20,Facelift,2015,2019,1.6 Gamma
AN-0029,Hyundai,HB20,2ª geração,2019,2021,1.0 Kappa TGDI
AN-0029,Hyundai,HB20,2ª geração,2019,2021,1.6 Gamma
AN-0029,Hyundai,HB20,Atual,2021,2023,1.0 Kappa TGDI
AN-0029,Hyundai,HB20,Atual,2021,2023,1.6 Gamma
PJ-0021,Hyundai,HB20,Lançamento,2012,2015,1.0 Kappa
PJ-0021,Hyundai,HB20,Lançamento,2012,2015,1.6 Gamma
PJ-0021,Hyundai,HB20,Facelift,2015,2019,1.0 Kappa
PJ-0021,Hyundai,HB20,Facelift,2015,2019,1.6 Gamma
PJ-0021,Hyundai,HB20,2ª geração,2019,2021,1.0 Kappa TGDI
PJ-0021,Hyundai,HB20,2ª geração,2019,2021,1.6 Gamma
PJ-0021,Hyundai,HB20,Atual,2021,2023,1.0 Kappa TGDI
PJ-0021,Hyundai,HB20,Atual,2021,2023,1.6 Gamma
JG-0017,Hyundai,HB20,Lançamento,2012,2015,1.0 Kappa
JG-0017,Hyundai,HB20,Lançamento,2012,2015,1.6 Gamma
JG-0017,Hyundai,HB20,Facelift,2015,2019,1.0 Kappa
JG-0017,Hyundai,HB20,Facelift,2015,2019,1.6 Gamma
JG-0017,Hyundai,HB20,2ª geração,2019,2021,1.0 Kappa TGDI
JG-0017,Hyundai,HB20,2ª geração,2019,2021,1.6 Gamma
JG-0017,Hyundai,HB20,Atual,2021,2023,1.0 Kappa TGDI
JG-0017,Hyundai,HB20,Atual,2021,2023,1.6 Gamma
IB-0018,Hyundai,HB20,Lançamento,2012,2015,1.0 Kappa
IB-0018,Hyundai,HB20,Lançamento,2012,2015,1.6 Gamma
IB-0018,Hyundai,HB20,Facelift,2015,2019,1.0 Kappa
IB-0018,Hyundai,HB20,Facelift,2015,2019,1.6 Gamma
IB-0018,Hyundai,HB20,2ª geração,2019,2021,1.0 Kappa TGDI
IB-0018,Hyundai,HB20,2ª geração,2019,2021,1.6 Gamma
IB-0018,Hyundai,HB20,Atual,2021,2023,1.0 Kappa TGDI
IB-0018,Hyundai,HB20,Atual,2021,2023,1.6 Gamma
IB-0019,Hyundai,HB20,Lançamento,2012,2015,1.0 Kappa
IB-0019,Hyundai,HB20,Lançamento,2012,2015,1.6 Gamma
IB-0019,Hyundai,HB20,Facelift,2015,2019,1.0 Kappa
IB-0019,Hyundai,HB20,Facelift,2015,2019,1.6 Gamma
IB-0019,Hyundai,HB20,2ª geração,2019,2021,1.0 Kappa TGDI
IB-0019,Hyundai,HB20,2ª geração,2019,2021,1.6 Gamma
IB-0019,Hyundai,HB20,Atual,2021,2023,1.0 Kappa TGDI
IB-0019,Hyundai,HB20,Atual,2021,2023,1.6 Gamma
TT-0018,Hyundai,HB20,Lançamento,2012,2015,1.0 Kappa
TT-0018,Hyundai,HB20,Lançamento,2012,2015,1.6 Gamma
TT-0018,Hyundai,HB20,Facelift,2015,2019,1.0 Kappa
TT-0018,Hyundai,HB20,Facelift,2015,2019,1.6 Gamma
TT-0018,Hyundai,HB20,2ª geração,2019,2021,1.0 Kappa TGDI
TT-0018,Hyundai,HB20,2ª geração,2019,2021,1.6 Gamma
TT-0018,Hyundai,HB20,Atual,2021,2023,1.0 Kappa TGDI
TT-0018,Hyundai,HB20,Atual,2021,2023,1.6 Gamma
JG-0018,Toyota,Corolla,9ª geração,2003,2008,1.6 VVT-i
JG-0018,Toyota,Corolla,9ª geração,2003,2008,1.8 VVT-i
JG-0018,Toyota,Corolla,10ª geração,2008,2014,1.8 Dual VVT-i
JG-0018,Toyota,Corolla,10ª geração,2008,2014,2.0 Dual VVT-i
JG-0018,Toyota,Corolla,11ª geração,2014,2019,1.8 Dual VVT-i
JG-0018,Toyota,Corolla,11ª geração,2014,2019,2.0 Dual VVT-i
JG-0018,Toyota,Corolla,12ª geração,2019,2023,2.0 Dynamic Force
JG-0018,Toyota,Corolla,12ª geração,2019,2023,1.8 Hybrid Dynamic Force
VG-0017,Toyota,Corolla,9ª geração,2003,2008,1.6 VVT-i
VG-0017,Toyota,Corolla,9ª geração,2003,2008,1.8 VVT-i
VG-0017,Toyota,Corolla,10ª geração,2008,2014,1.8 Dual VVT-i
VG-0017,Toyota,Corolla,10ª geração,2008,2014,2.0 Dual VVT-i
VG-0017,Toyota,Corolla,11ª geração,2014,2019,1.8 Dual VVT-i
VG-0017,Toyota,Corolla,11ª geração,2014,2019,2.0 Dual VVT-i
VG-0017,Toyota,Corolla,12ª geração,2019,2023,2.0 Dynamic Force
VG-0017,Toyota,Corolla,12ª geração,2019,2023,1.8 Hybrid Dynamic Force
IB-0020,Toyota,Corolla,9ª geração,2003,2008,1.6 VVT-i
IB-0020,Toyota,Corolla,9ª geração,2003,2008,1.8 VVT-i
IB-0020,Toyota,Corolla,10ª geração,2008,2014,1.8 Dual VVT-i
IB-0020,Toyota,Corolla,10ª geração,2008,2014,2.0 Dual VVT-i
IB-0020,Toyota,Corolla,11ª geração,2014,2019,1.8 Dual VVT-i
IB-0020,Toyota,Corolla,11ª geração,2014,2019,2.0 Dual VVT-i
IB-0020,Toyota,Corolla,12ª geração,2019,2023,2.0 Dynamic Force
IB-0020,Toyota,Corolla,12ª geração,2019,2023,1.8 Hybrid Dynamic Force
AN-0030,Toyota,Corolla,9ª geração,2003,2008,1.6 VVT-i
AN-0030,Toyota,Corolla,9ª geração,2003,2008,1.8 VVT-i
AN-0030,Toyota,Corolla,10ª geração,2008,2014,1.8 Dual VVT-i
AN-0030,Toyota,Corolla,10ª geração,2008,2014,2.0 Dual VVT-i
AN-0030,Toyota,Corolla,11ª geração,2014,2019,1.8 Dual VVT-i
AN-0030,Toyota,Corolla,11ª geração,2014,2019,2.0 Dual VVT-i
AN-0030,Toyota,Corolla,12ª geração,2019,2023,2.0 Dynamic Force
AN-0030,Toyota,Corolla,12ª geração,2019,2023,1.8 Hybrid Dynamic Force
TT-0019,Honda,Civic,7ª geração,2001,2006,1.7 SOHC VTEC
TT-0019,Honda,Civic,8ª geração,2006,2011,1.8 SOHC i-VTEC
TT-0019,Honda,Civic,8ª geração,2006,2011,2.0 SOHC i-VTEC
TT-0019,Honda,Civic,9ª geração,2012,2016,1.8 SOHC i-VTEC
TT-0019,Honda,Civic,9ª geração,2012,2016,2.0 SOHC i-VTEC
TT-0019,Honda,Civic,10ª geração,2016,2021,2.0 Earth Dreams
TT-0019,Honda,Civic,10ª geração,2016,2021,1.5 Turbo Earth Dreams
TT-0020,Honda,Civic,7ª geração,2001,2006,1.7 SOHC VTEC
TT-0020,Honda,Civic,8ª geração,2006,2011,1.8 SOHC i-VTEC
TT-0020,Honda,Civic,8ª geração,2006,2011,2.0 SOHC i-VTEC
TT-0020,Honda,Civic,9ª geração,2012,2016,1.8 SOHC i-VTEC
TT-0020,Honda,Civic,9ª geração,2012,2016,2.0 SOHC i-VTEC
TT-0020,Honda,Civic,10ª geração,2016,2021,2.0 Earth Dreams
TT-0020,Honda,Civic,10ª geração,2016,2021,1.5 Turbo Earth Dreams
PJ-0022,Honda,Civic,7ª geração,2001,2006,1.7 SOHC VTEC
PJ-0022,Honda,Civic,8ª geração,2006,2011,1.8 SOHC i-VTEC
PJ-0022,Honda,Civic,8ª geração,2006,2011,2.0 SOHC i-VTEC
PJ-0022,Honda,Civic,9ª geração,2012,2016,1.8 SOHC i-VTEC
PJ-0022,Honda,Civic,9ª geração,2012,2016,2.0 SOHC i-VTEC
PJ-0022,Honda,Civic,10ª geração,2016,2021,2.0 Earth Dreams
PJ-0022,Honda,Civic,10ª geração,2016,2021,1.5 Turbo Earth Dreams
JG-0019,Honda,Civic,7ª geração,2001,2006,1.7 SOHC VTEC
JG-0019,Honda,Civic,8ª geração,2006,2011,1.8 SOHC i-VTEC
JG-0019,Honda,Civic,8ª geração,2006,2011,2.0 SOHC i-VTEC
JG-0019,Honda,Civic,9ª geração,2012,2016,1.8 SOHC i-VTEC
JG-0019,Honda,Civic,9ª geração,2012,2016,2.0 SOHC i-VTEC
JG-0019,Honda,Civic,10ª geração,2016,2021,2.0 Earth Dreams
JG-0019,Honda,Civic,10ª geração,2016,2021,1.5 Turbo Earth Dreams
IB-0021,Honda,Civic,7ª geração,2001,2006,1.7 SOHC VTEC
IB-0021,Honda,Civic,8ª geração,2006,2011,1.8 SOHC i-VTEC
IB-0021,Honda,Civic,8ª geração,2006,2011,2.0 SOHC i-VTEC
IB-0021,Honda,Civic,9ª geração,2012,2016,1.8 SOHC i-VTEC
IB-0021,Honda,Civic,9ª geração,2012,2016,2.0 SOHC i-VTEC
IB-0021,Honda,Civic,10ª geração,2016,2021,2.0 Earth Dreams
IB-0021,Honda,Civic,10ª geração,2016,2021,1.5 Turbo Earth Dreams
AN-0031,Honda,Fit,1ª geração,2003,2008,1.4 SOHC i-DSI
AN-0031,Honda,Fit,1ª geração,2003,2008,1.5 SOHC VTEC
AN-0031,Honda,Fit,2ª geração,2008,2014,1.4 SOHC i-VTEC
AN-0031,Honda,Fit,2ª geração,2008,2014,1.5 SOHC i-VTEC
AN-0031,Honda,Fit,3ª geração,2015,2020,1.5 Earth Dreams
AN-0031,Honda,Fit,Final,2020,2021,1.5 Earth Dreams
PJ-0023,Honda,Fit,1ª geração,2003,2008,1.4 SOHC i-DSI
PJ-0023,Honda,Fit,1ª geração,2003,2008,1.5 SOHC VTEC
PJ-0023,Honda,Fit,2ª geração,2008,2014,1.4 SOHC i-VTEC
PJ-0023,Honda,Fit,2ª geração,2008,2014,1.5 SOHC i-VTEC
PJ-0023,Honda,Fit,3ª geração,2015,2020,1.5 Earth Dreams
PJ-0023,Honda,Fit,Final,2020,2021,1.5 Earth Dreams
VG-0018,Honda,Fit,1ª geração,2003,2008,1.4 SOHC i-DSI
VG-0018,Honda,Fit,1ª geração,2003,2008,1.5 SOHC VTEC
VG-0018,Honda,Fit,2ª geração,2008,2014,1.4 SOHC i-VTEC
VG-0018,Honda,Fit,2ª geração,2008,2014,1.5 SOHC i-VTEC
VG-0018,Honda,Fit,3ª geração,2015,2020,1.5 Earth Dreams
VG-0018,Honda,Fit,Final,2020,2021,1.5 Earth Dreams
IB-0022,Honda,Fit,1ª geração,2003,2008,1.4 SOHC i-DSI
IB-0022,Honda,Fit,1ª geração,2003,2008,1.5 SOHC VTEC
IB-0022,Honda,Fit,2ª geração,2008,2014,1.4 SOHC i-VTEC
IB-0022,Honda,Fit,2ª geração,2008,2014,1.5 SOHC i-VTEC
IB-0022,Honda,Fit,3ª geração,2015,2020,1.5 Earth Dreams
IB-0022,Honda,Fit,Final,2020,2021,1.5 Earth Dreams
PJ-0024,Honda,Fit,1ª geração,2003,2008,1.4 SOHC i-DSI
PJ-0024,Honda,Fit,1ª geração,2003,2008,1.5 SOHC VTEC
PJ-0024,Honda,Fit,2ª geração,2008,2014,1.4 SOHC i-VTEC
PJ-0024,Honda,Fit,2ª geração,2008,2014,1.5 SOHC i-VTEC
PJ-0024,Honda,Fit,3ª geração,2015,2020,1.5 Earth Dreams
PJ-0024,Honda,Fit,Final,2020,2021,1.5 Earth Dreams
PJ-0025,Honda,Fit,1ª geração,2003,2008,1.4 SOHC i-DSI
PJ-0025,Honda,Fit,1ª geração,2003,2008,1.5 SOHC VTEC
PJ-0025,Honda,Fit,2ª geração,2008,2014,1.4 SOHC i-VTEC
PJ-0025,Honda,Fit,2ª geração,2008,2014,1.5 SOHC i-VTEC
PJ-0025,Honda,Fit,3ª geração,2015,2020,1.5 Earth Dreams
PJ-0025,Honda,Fit,Final,2020,2021,1.5 Earth Dreams
JG-0020,Honda,Fit,1ª geração,2003,2008,1.4 SOHC i-DSI
JG-0020,Honda,Fit,1ª geração,2003,2008,1.5 SOHC VTEC
JG-0020,Honda,Fit,2ª geração,2008,2014,1.4 SOHC i-VTEC
JG-0020,Honda,Fit,2ª geração,2008,2014,1.5 SOHC i-VTEC
JG-0020,Honda,Fit,3ª geração,2015,2020,1.5 Earth Dreams
JG-0020,Honda,Fit,Final,2020,2021,1.5 Earth Dreams
TT-0021,Volkswagen,Up!,Lançamento,2014,2016,1.0 12V MPI EA111
TT-0021,Volkswagen,Up!,Lançamento,2014,2016,1.0 12V TSI EA111
TT-0021,Volkswagen,Up!,Facelift,2016,2019,1.0 12V MPI EA111
TT-0021,Volkswagen,Up!,Facelift,2016,2019,1.0 12V TSI EA111
TT-0021,Volkswagen,Up!,2ª fase,2019,2021,1.0 12V MPI EA211
TT-0021,Volkswagen,Up!,2ª fase,2019,2021,1.0 12V TSI EA211
TT-0021,Volkswagen,Up!,Final,2021,2023,1.0 12V TSI EA211
IB-0023,Volkswagen,Up!,Lançamento,2014,2016,1.0 12V MPI EA111
IB-0023,Volkswagen,Up!,Lançamento,2014,2016,1.0 12V TSI EA111
IB-0023,Volkswagen,Up!,Facelift,2016,2019,1.0 12V MPI EA111
IB-0023,Volkswagen,Up!,Facelift,2016,2019,1.0 12V TSI EA111
IB-0023,Volkswagen,Up!,2ª fase,2019,2021,1.0 12V MPI EA211
IB-0023,Volkswagen,Up!,2ª fase,2019,2021,1.0 12V TSI EA211
IB-0023,Volkswagen,Up!,Final,2021,2023,1.0 12V TSI EA211
AN-0032,Volkswagen,Up!,Lançamento,2014,2016,1.0 12V MPI EA111
AN-0032,Volkswagen,Up!,Lançamento,2014,2016,1.0 12V TSI EA111
AN-0032,Volkswagen,Up!,Facelift,2016,2019,1.0 12V MPI EA111
AN-0032,Volkswagen,Up!,Facelift,2016,2019,1.0 12V TSI EA111
AN-0032,Volkswagen,Up!,2ª fase,2019,2021,1.0 12V MPI EA211
AN-0032,Volkswagen,Up!,2ª fase,2019,2021,1.0 12V TSI EA211
AN-0032,Volkswagen,Up!,Final,2021,2023,1.0 12V TSI EA211
PJ-0026,Volkswagen,Up!,Lançamento,2014,2016,1.0 12V MPI EA111
PJ-0026,Volkswagen,Up!,Lançamento,2014,2016,1.0 12V TSI EA111
PJ-0026,Volkswagen,Up!,Facelift,2016,2019,1.0 12V MPI EA111
PJ-0026,Volkswagen,Up!,Facelift,2016,2019,1.0 12V TSI EA111
PJ-0026,Volkswagen,Up!,2ª fase,2019,2021,1.0 12V MPI EA211
PJ-0026,Volkswagen,Up!,2ª fase,2019,2021,1.0 12V TSI EA211
PJ-0026,Volkswagen,Up!,Final,2021,2023,1.0 12V TSI EA211
PJ-0027,Volkswagen,Up!,Lançamento,2014,2016,1.0 12V MPI EA111
PJ-0027,Volkswagen,Up!,Lançamento,2014,2016,1.0 12V TSI EA111
PJ-0027,Volkswagen,Up!,Facelift,2016,2019,1.0 12V MPI EA111
PJ-0027,Volkswagen,Up!,Facelift,2016,2019,1.0 12V TSI EA111
PJ-0027,Volkswagen,Up!,2ª fase,2019,2021,1.0 12V MPI EA211
PJ-0027,Volkswagen,Up!,2ª fase,2019,2021,1.0 12V TSI EA211
PJ-0027,Volkswagen,Up!,Final,2021,2023,1.0 12V TSI EA211
TT-0022,Volkswagen,Up!,Lançamento,2014,2016,1.0 12V MPI EA111
TT-0022,Volkswagen,Up!,Lançamento,2014,2016,1.0 12V TSI EA111
TT-0022,Volkswagen,Up!,Facelift,2016,2019,1.0 12V MPI EA111
TT-0022,Volkswagen,Up!,Facelift,2016,2019,1.0 12V TSI EA111
TT-0022,Volkswagen,Up!,2ª fase,2019,2021,1.0 12V MPI EA211
TT-0022,Volkswagen,Up!,2ª fase,2019,2021,1.0 12V TSI EA211
TT-0022,Volkswagen,Up!,Final,2021,2023,1.0 12V TSI EA211
VG-0019,Fiat,Mobi,Lançamento,2016,2018,1.0 Firefly
VG-0019,Fiat,Mobi,Facelift 1,2018,2020,1.0 Firefly
VG-0019,Fiat,Mobi,Facelift 2,2020,2022,1.0 Firefly
VG-0019,Fiat,Mobi,Facelift 2,2020,2022,1.0 Firefly Turbo
VG-0019,Fiat,Mobi,Atual,2022,2023,1.0 Firefly
VG-0019,Fiat,Mobi,Atual,2022,2023,1.0 Firefly Turbo
TT-0023,Fiat,Mobi,Lançamento,2016,2018,1.0 Firefly
TT-0023,Fiat,Mobi,Facelift 1,2018,2020,1.0 Firefly
TT-0023,Fiat,Mobi,Facelift 2,2020,2022,1.0 Firefly
TT-0023,Fiat,Mobi,Facelift 2,2020,2022,1.0 Firefly Turbo
TT-0023,Fiat,Mobi,Atual,2022,2023,1.0 Firefly
TT-0023,Fiat,Mobi,Atual,2022,2023,1.0 Firefly Turbo
AN-0033,Fiat,Mobi,Lançamento,2016,2018,1.0 Firefly
AN-0033,Fiat,Mobi,Facelift 1,2018,2020,1.0 Firefly
AN-0033,Fiat,Mobi,Facelift 2,2020,2022,1.0 Firefly
AN-0033,Fiat,Mobi,Facelift 2,2020,2022,1.0 Firefly Turbo
AN-0033,Fiat,Mobi,Atual,2022,2023,1.0 Firefly
AN-0033,Fiat,Mobi,Atual,2022,2023,1.0 Firefly Turbo
TT-0024,Fiat,Mobi,Lançamento,2016,2018,1.0 Firefly
TT-0024,Fiat,Mobi,Facelift 1,2018,2020,1.0 Firefly
TT-0024,Fiat,Mobi,Facelift 2,2020,2022,1.0 Firefly
TT-0024,Fiat,Mobi,Facelift 2,2020,2022,1.0 Firefly Turbo
TT-0024,Fiat,Mobi,Atual,2022,2023,1.0 Firefly
TT-0024,Fiat,Mobi,Atual,2022,2023,1.0 Firefly Turbo
IB-0024,Fiat,Mobi,Lançamento,2016,2018,1.0 Firefly
IB-0024,Fiat,Mobi,Facelift 1,2018,2020,1.0 Firefly
IB-0024,Fiat,Mobi,Facelift 2,2020,2022,1.0 Firefly
IB-0024,Fiat,Mobi,Facelift 2,2020,2022,1.0 Firefly Turbo
IB-0024,Fiat,Mobi,Atual,2022,2023,1.0 Firefly
IB-0024,Fiat,Mobi,Atual,2022,2023,1.0 Firefly Turbo
IB-0025,Chevrolet,Spin,Lançamento,2012,2016,1.8 SPE4
IB-0025,Chevrolet,Spin,Facelift,2016,2019,1.8 SPE4
IB-0025,Chevrolet,Spin,Facelift,2016,2019,1.8 SPE4 Flexpower
IB-0025,Chevrolet,Spin,2ª fase,2019,2021,1.8 Family I
IB-0025,Chevrolet,Spin,Final,2021,2023,1.8 Family I
VG-0020,Chevrolet,Spin,Lançamento,2012,2016,1.8 SPE4
VG-0020,Chevrolet,Spin,Facelift,2016,2019,1.8 SPE4
VG-0020,Chevrolet,Spin,Facelift,2016,2019,1.8 SPE4 Flexpower
VG-0020,Chevrolet,Spin,2ª fase,2019,2021,1.8 Family I
VG-0020,Chevrolet,Spin,Final,2021,2023,1.8 Family I
TT-0025,Chevrolet,Spin,Lançamento,2012,2016,1.8 SPE4
TT-0025,Chevrolet,Spin,Facelift,2016,2019,1.8 SPE4
TT-0025,Chevrolet,Spin,Facelift,2016,2019,1.8 SPE4 Flexpower
TT-0025,Chevrolet,Spin,2ª fase,2019,2021,1.8 Family I
TT-0025,Chevrolet,Spin,Final,2021,2023,1.8 Family I
PJ-0028,Chevrolet,Spin,Lançamento,2012,2016,1.8 SPE4
PJ-0028,Chevrolet,Spin,Facelift,2016,2019,1.8 SPE4
PJ-0028,Chevrolet,Spin,Facelift,2016,2019,1.8 SPE4 Flexpower
PJ-0028,Chevrolet,Spin,2ª fase,2019,2021,1.8 Family I
PJ-0028,Chevrolet,Spin,Final,2021,2023,1.8 Family I
VG-0021,Nissan,March,Lançamento,2011,2014,1.0 HR10DE
VG-0021,Nissan,March,Lançamento,2011,2014,1.6 HR16DE
VG-0021,Nissan,March,Facelift,2014,2017,1.0 HR10DE
VG-0021,Nissan,March,Facelift,2014,2017,1.6 HR16DE
VG-0021,Nissan,March,2ª fase,2017,2020,1.0 HR10DE
VG-0021,Nissan,March,2ª fase,2017,2020,1.6 HR16DE
VG-0021,Nissan,March,Final,2020,2022,1.6 HR16DE
JG-0021,Nissan,March,Lançamento,2011,2014,1.0 HR10DE
JG-0021,Nissan,March,Lançamento,2011,2014,1.6 HR16DE
JG-0021,Nissan,March,Facelift,2014,2017,1.0 HR10DE
JG-0021,Nissan,March,Facelift,2014,2017,1.6 HR16DE
JG-0021,Nissan,March,2ª fase,2017,2020,1.0 HR10DE
JG-0021,Nissan,March,2ª fase,2017,2020,1.6 HR16DE
JG-0021,Nissan,March,Final,2020,2022,1.6 HR16DE
TT-0026,Nissan,March,Lançamento,2011,2014,1.0 HR10DE
TT-0026,Nissan,March,Lançamento,2011,2014,1.6 HR16DE
TT-0026,Nissan,March,Facelift,2014,2017,1.0 HR10DE
TT-0026,Nissan,March,Facelift,2014,2017,1.6 HR16DE
TT-0026,Nissan,March,2ª fase,2017,2020,1.0 HR10DE
TT-0026,Nissan,March,2ª fase,2017,2020,1.6 HR16DE
TT-0026,Nissan,March,Final,2020,2022,1.6 HR16DE
PJ-0029,Nissan,March,Lançamento,2011,2014,1.0 HR10DE
PJ-0029,Nissan,March,Lançamento,2011,2014,1.6 HR16DE
PJ-0029,Nissan,March,Facelift,2014,2017,1.0 HR10DE
PJ-0029,Nissan,March,Facelift,2014,2017,1.6 HR16DE
PJ-0029,Nissan,March,2ª fase,2017,2020,1.0 HR10DE
PJ-0029,Nissan,March,2ª fase,2017,2020,1.6 HR16DE
PJ-0029,Nissan,March,Final,2020,2022,1.6 HR16DE
AN-0034,Nissan,March,Lançamento,2011,2014,1.0 HR10DE
AN-0034,Nissan,March,Lançamento,2011,2014,1.6 HR16DE
AN-0034,Nissan,March,Facelift,2014,2017,1.0 HR10DE
AN-0034,Nissan,March,Facelift,2014,2017,1.6 HR16DE
AN-0034,Nissan,March,2ª fase,2017,2020,1.0 HR10DE
AN-0034,Nissan,March,2ª fase,2017,2020,1.6 HR16DE
AN-0034,Nissan,March,Final,2020,2022,1.6 HR16DE
AN-0035,Nissan,March,Lançamento,2011,2014,1.0 HR10DE
AN-0035,Nissan,March,Lançamento,2011,2014,1.6 HR16DE
AN-0035,Nissan,March,Facelift,2014,2017,1.0 HR10DE
AN-0035,Nissan,March,Facelift,2014,2017,1.6 HR16DE
AN-0035,Nissan,March,2ª fase,2017,2020,1.0 HR10DE
AN-0035,Nissan,March,2ª fase,2017,2020,1.6 HR16DE
AN-0035,Nissan,March,Final,2020,2022,1.6 HR16DE
PJ-0030,Nissan,Versa,Lançamento,2011,2014,1.6 HR16DE
PJ-0030,Nissan,Versa,Facelift,2014,2017,1.6 HR16DE
PJ-0030,Nissan,Versa,2ª fase,2017,2020,1.6 HR16DE
PJ-0030,Nissan,Versa,Atual,2020,2023,1.6 HR16DE
JG-0022,Nissan,Versa,Lançamento,2011,2014,1.6 HR16DE
JG-0022,Nissan,Versa,Facelift,2014,2017,1.6 HR16DE
JG-0022,Nissan,Versa,2ª fase,2017,2020,1.6 HR16DE
JG-0022,Nissan,Versa,Atual,2020,2023,1.6 HR16DE
VG-0022,Nissan,Versa,Lançamento,2011,2014,1.6 HR16DE
VG-0022,Nissan,Versa,Facelift,2014,2017,1.6 HR16DE
VG-0022,Nissan,Versa,2ª fase,2017,2020,1.6 HR16DE
VG-0022,Nissan,Versa,Atual,2020,2023,1.6 HR16DE
PJ-0031,Nissan,Versa,Lançamento,2011,2014,1.6 HR16DE
PJ-0031,Nissan,Versa,Facelift,2014,2017,1.6 HR16DE
PJ-0031,Nissan,Versa,2ª fase,2017,2020,1.6 HR16DE
PJ-0031,Nissan,Versa,Atual,2020,2023,1.6 HR16DE
PJ-0032,Nissan,Versa,Lançamento,2011,2014,1.6 HR16DE
PJ-0032,Nissan,Versa,Facelift,2014,2017,1.6 HR16DE
PJ-0032,Nissan,Versa,2ª fase,2017,2020,1.6 HR16DE
PJ-0032,Nissan,Versa,Atual,2020,2023,1.6 HR16DE
AN-0036,Nissan,Versa,Lançamento,2011,2014,1.6 HR16DE
AN-0036,Nissan,Versa,Facelift,2014,2017,1.6 HR16DE
AN-0036,Nissan,Versa,2ª fase,2017,2020,1.6 HR16DE
AN-0036,Nissan,Versa,Atual,2020,2023,1.6 HR16DE
PJ-0033,Nissan,Versa,Lançamento,2011,2014,1.6 HR16DE
PJ-0033,Nissan,Versa,Facelift,2014,2017,1.6 HR16DE
PJ-0033,Nissan,Versa,2ª fase,2017,2020,1.6 HR16DE
PJ-0033,Nissan,Versa,Atual,2020,2023,1.6 HR16DE
AN-0037,Peugeot,208,Lançamento,2013,2016,1.2 PureTech
AN-0037,Peugeot,208,Lançamento,2013,2016,1.6 THP
AN-0037,Peugeot,208,Facelift,2016,2019,1.2 PureTech
AN-0037,Peugeot,208,Facelift,2016,2019,1.6 THP
AN-0037,Peugeot,208,2ª fase,2019,2021,1.6 THP
AN-0037,Peugeot,208,Atual,2021,2023,1.6 THP
JG-0023,Peugeot,208,Lançamento,2013,2016,1.2 PureTech
JG-0023,Peugeot,208,Lançamento,2013,2016,1.6 THP
JG-0023,Peugeot,208,Facelift,2016,2019,1.2 PureTech
JG-0023,Peugeot,208,Facelift,2016,2019,1.6 THP
JG-0023,Peugeot,208,2ª fase,2019,2021,1.6 THP
JG-0023,Peugeot,208,Atual,2021,2023,1.6 THP
PJ-0034,Peugeot,208,Lançamento,2013,2016,1.2 PureTech
PJ-0034,Peugeot,208,Lançamento,2013,2016,1.6 THP
PJ-0034,Peugeot,208,Facelift,2016,2019,1.2 PureTech
PJ-0034,Peugeot,208,Facelift,2016,2019,1.6 THP
PJ-0034,Peugeot,208,2ª fase,2019,2021,1.6 THP
PJ-0034,Peugeot,208,Atual,2021,2023,1.6 THP
VG-0023,Peugeot,208,Lançamento,2013,2016,1.2 PureTech
VG-0023,Peugeot,208,Lançamento,2013,2016,1.6 THP
VG-0023,Peugeot,208,Facelift,2016,2019,1.2 PureTech
VG-0023,Peugeot,208,Facelift,2016,2019,1.6 THP
VG-0023,Peugeot,208,2ª fase,2019,2021,1.6 THP
VG-0023,Peugeot,208,Atual,2021,2023,1.6 THP
VG-0024,Peugeot,208,Lançamento,2013,2016,1.2 PureTech
VG-0024,Peugeot,208,Lançamento,2013,2016,1.6 THP
VG-0024,Peugeot,208,Facelift,2016,2019,1.2 PureTech
VG-0024,Peugeot,208,Facelift,2016,2019,1.6 THP
VG-0024,Peugeot,208,2ª fase,2019,2021,1.6 THP
VG-0024,Peugeot,208,Atual,2021,2023,1.6 THP
IB-0026,Citroën,C3,1ª geração BR,2003,2006,1.4 TU3
IB-0026,Citroën,C3,1ª geração BR,2003,2006,1.6 TU5
IB-0026,Citroën,C3,2ª geração BR,2006,2012,1.4 TU3
IB-0026,Citroën,C3,2ª geração BR,2006,2012,1.6 16V
IB-0026,Citroën,C3,3ª geração,2012,2017,1.5 8V
IB-0026,Citroën,C3,3ª geração,2012,2017,1.6 16V
IB-0026,Citroën,C3,Atual,2017,2023,1.6 PureTech
JG-0024,Citroën,C3,1ª geração BR,2003,2006,1.4 TU3
JG-0024,Citroën,C3,1ª geração BR,2003,2006,1.6 TU5
JG-0024,Citroën,C3,2ª geração BR,2006,2012,1.4 TU3
JG-0024,Citroën,C3,2ª geração BR,2006,2012,1.6 16V
JG-0024,Citroën,C3,3ª geração,2012,2017,1.5 8V
JG-0024,Citroën,C3,3ª geração,2012,2017,1.6 16V
JG-0024,Citroën,C3,Atual,2017,2023,1.6 PureTech
IB-0027,Citroën,C3,1ª geração BR,2003,2006,1.4 TU3
IB-0027,Citroën,C3,1ª geração BR,2003,2006,1.6 TU5
IB-0027,Citroën,C3,2ª geração BR,2006,2012,1.4 TU3
IB-0027,Citroën,C3,2ª geração BR,2006,2012,1.6 16V
IB-0027,Citroën,C3,3ª geração,2012,2017,1.5 8V
IB-0027,Citroën,C3,3ª geração,2012,2017,1.6 16V
IB-0027,Citroën,C3,Atual,2017,2023,1.6 PureTech
IB-0028,Citroën,C3,1ª geração BR,2003,2006,1.4 TU3
IB-0028,Citroën,C3,1ª geração BR,2003,2006,1.6 TU5
IB-0028,Citroën,C3,2ª geração BR,2006,2012,1.4 TU3
IB-0028,Citroën,C3,2ª geração BR,2006,2012,1.6 16V
IB-0028,Citroën,C3,3ª geração,2012,2017,1.5 8V
IB-0028,Citroën,C3,3ª geração,2012,2017,1.6 16V
IB-0028,Citroën,C3,Atual,2017,2023,1.6 PureTech
PJ-0035,Citroën,C3,1ª geração BR,2003,2006,1.4 TU3
PJ-0035,Citroën,C3,1ª geração BR,2003,2006,1.6 TU5
PJ-0035,Citroën,C3,2ª geração BR,2006,2012,1.4 TU3
PJ-0035,Citroën,C3,2ª geração BR,2006,2012,1.6 16V
PJ-0035,Citroën,C3,3ª geração,2012,2017,1.5 8V
PJ-0035,Citroën,C3,3ª geração,2012,2017,1.6 16V
PJ-0035,Citroën,C3,Atual,2017,2023,1.6 PureTech
TT-0027,Toyota,Etios,Lançamento,2012,2015,1.3 Dual VVT-i
TT-0027,Toyota,Etios,Lançamento,2012,2015,1.5 Dual VVT-i
TT-0027,Toyota,Etios,Facelift,2015,2019,1.3 Dual VVT-i
TT-0027,Toyota,Etios,Facelift,2015,2019,1.5 Dual VVT-i
TT-0027,Toyota,Etios,2ª fase,2019,2021,1.5 Dual VVT-i
TT-0027,Toyota,Etios,Final,2021,2021,1.5 Dual VVT-i
TT-0028,Toyota,Etios,Lançamento,2012,2015,1.3 Dual VVT-i
TT-0028,Toyota,Etios,Lançamento,2012,2015,1.5 Dual VVT-i
TT-0028,Toyota,Etios,Facelift,2015,2019,1.3 Dual VVT-i
TT-0028,Toyota,Etios,Facelift,2015,2019,1.5 Dual VVT-i
TT-0028,Toyota,Etios,2ª fase,2019,2021,1.5 Dual VVT-i
TT-0028,Toyota,Etios,Final,2021,2021,1.5 Dual VVT-i
AN-0038,Toyota,Etios,Lançamento,2012,2015,1.3 Dual VVT-i
AN-0038,Toyota,Etios,Lançamento,2012,2015,1.5 Dual VVT-i
AN-0038,Toyota,Etios,Facelift,2015,2019,1.3 Dual VVT-i
AN-0038,Toyota,Etios,Facelift,2015,2019,1.5 Dual VVT-i
AN-0038,Toyota,Etios,2ª fase,2019,2021,1.5 Dual VVT-i
AN-0038,Toyota,Etios,Final,2021,2021,1.5 Dual VVT-i
VG-0025,Toyota,Etios,Lançamento,2012,2015,1.3 Dual VVT-i
VG-0025,Toyota,Etios,Lançamento,2012,2015,1.5 Dual VVT-i
VG-0025,Toyota,Etios,Facelift,2015,2019,1.3 Dual VVT-i
VG-0025,Toyota,Etios,Facelift,2015,2019,1.5 Dual VVT-i
VG-0025,Toyota,Etios,2ª fase,2019,2021,1.5 Dual VVT-i
VG-0025,Toyota,Etios,Final,2021,2021,1.5 Dual VVT-i
IB-0029,Toyota,Etios,Lançamento,2012,2015,1.3 Dual VVT-i
IB-0029,Toyota,Etios,Lançamento,2012,2015,1.5 Dual VVT-i
IB-0029,Toyota,Etios,Facelift,2015,2019,1.3 Dual VVT-i
IB-0029,Toyota,Etios,Facelift,2015,2019,1.5 Dual VVT-i
IB-0029,Toyota,Etios,2ª fase,2019,2021,1.5 Dual VVT-i
IB-0029,Toyota,Etios,Final,2021,2021,1.5 Dual VVT-i
AN-0039,Toyota,Etios,Lançamento,2012,2015,1.3 Dual VVT-i
AN-0039,Toyota,Etios,Lançamento,2012,2015,1.5 Dual VVT-i
AN-0039,Toyota,Etios,Facelift,2015,2019,1.3 Dual VVT-i
AN-0039,Toyota,Etios,Facelift,2015,2019,1.5 Dual VVT-i
AN-0039,Toyota,Etios,2ª fase,2019,2021,1.5 Dual VVT-i
AN-0039,Toyota,Etios,Final,2021,2021,1.5 Dual VVT-i
IB-0030,Volkswagen,Gol,G4,2006,2008,1.0 8V EA111
IB-0030,Volkswagen,Gol,G4,2006,2008,1.6 8V EA111
IB-0030,Volkswagen,Gol,G5,2008,2012,1.0 8V EA111
IB-0030,Volkswagen,Gol,G5,2008,2012,1.6 8V EA111
IB-0030,Volkswagen,Gol,G5,2008,2012,1.6 16V EA111
IB-0030,Volkswagen,Gol,G6,2012,2016,1.0 12V MPI EA111
IB-0030,Volkswagen,Gol,G6,2012,2016,1.6 16V MSI EA111
IB-0030,Volkswagen,Gol,G7/G8,2016,2023,1.0 12V MPI EA211
IB-0030,Volkswagen,Gol,G7/G8,2016,2023,1.6 16V MSI EA211
PJ-0036,Volkswagen,Gol,G4,2006,2008,1.0 8V EA111
PJ-0036,Volkswagen,Gol,G4,2006,2008,1.6 8V EA111
PJ-0036,Volkswagen,Gol,G5,2008,2012,1.0 8V EA111
PJ-0036,Volkswagen,Gol,G5,2008,2012,1.6 8V EA111
PJ-0036,Volkswagen,Gol,G5,2008,2012,1.6 16V EA111
PJ-0036,Volkswagen,Gol,G6,2012,2016,1.0 12V MPI EA111
PJ-0036,Volkswagen,Gol,G6,2012,2016,1.6 16V MSI EA111
PJ-0036,Volkswagen,Gol,G7/G8,2016,2023,1.0 12V MPI EA211
PJ-0036,Volkswagen,Gol,G7/G8,2016,2023,1.6 16V MSI EA211
IB-0031,Volkswagen,Gol,G4,2006,2008,1.0 8V EA111
IB-0031,Volkswagen,Gol,G4,2006,2008,1.6 8V EA111
IB-0031,Volkswagen,Gol,G5,2008,2012,1.0 8V EA111
IB-0031,Volkswagen,Gol,G5,2008,2012,1.6 8V EA111
IB-0031,Volkswagen,Gol,G5,2008,2012,1.6 16V EA111
IB-0031,Volkswagen,Gol,G6,2012,2016,1.0 12V MPI EA111
IB-0031,Volkswagen,Gol,G6,2012,2016,1.6 16V MSI EA111
IB-0031,Volkswagen,Gol,G7/G8,2016,2023,1.0 12V MPI EA211
IB-0031,Volkswagen,Gol,G7/G8,2016,2023,1.6 16V MSI EA211
TT-0029,Volkswagen,Gol,G4,2006,2008,1.0 8V EA111
TT-0029,Volkswagen,Gol,G4,2006,2008,1.6 8V EA111
TT-0029,Volkswagen,Gol,G5,2008,2012,1.0 8V EA111
TT-0029,Volkswagen,Gol,G5,2008,2012,1.6 8V EA111
TT-0029,Volkswagen,Gol,G5,2008,2012,1.6 16V EA111
TT-0029,Volkswagen,Gol,G6,2012,2016,1.0 12V MPI EA111
TT-0029,Volkswagen,Gol,G6,2012,2016,1.6 16V MSI EA111
TT-0029,Volkswagen,Gol,G7/G8,2016,2023,1.0 12V MPI EA211
TT-0029,Volkswagen,Gol,G7/G8,2016,2023,1.6 16V MSI EA211
VG-0026,Volkswagen,Gol,G4,2006,2008,1.0 8V EA111
VG-0026,Volkswagen,Gol,G4,2006,2008,1.6 8V EA111
VG-0026,Volkswagen,Gol,G5,2008,2012,1.0 8V EA111
VG-0026,Volkswagen,Gol,G5,2008,2012,1.6 8V EA111
VG-0026,Volkswagen,Gol,G5,2008,2012,1.6 16V EA111
VG-0026,Volkswagen,Gol,G6,2012,2016,1.0 12V MPI EA111
VG-0026,Volkswagen,Gol,G6,2012,2016,1.6 16V MSI EA111
VG-0026,Volkswagen,Gol,G7/G8,2016,2023,1.0 12V MPI EA211
VG-0026,Volkswagen,Gol,G7/G8,2016,2023,1.6 16V MSI EA211
IB-0032,Volkswagen,Gol,G4,2006,2008,1.0 8V EA111
IB-0032,Volkswagen,Gol,G4,2006,2008,1.6 8V EA111
IB-0032,Volkswagen,Gol,G5,2008,2012,1.0 8V EA111
IB-0032,Volkswagen,Gol,G5,2008,2012,1.6 8V EA111
IB-0032,Volkswagen,Gol,G5,2008,2012,1.6 16V EA111
IB-0032,Volkswagen,Gol,G6,2012,2016,1.0 12V MPI EA111
IB-0032,Volkswagen,Gol,G6,2012,2016,1.6 16V MSI EA111
IB-0032,Volkswagen,Gol,G7/G8,2016,2023,1.0 12V MPI EA211
IB-0032,Volkswagen,Gol,G7/G8,2016,2023,1.6 16V MSI EA211
AN-0040,Volkswagen,Gol,G4,2006,2008,1.0 8V EA111
AN-0040,Volkswagen,Gol,G4,2006,2008,1.6 8V EA111
AN-0040,Volkswagen,Gol,G5,2008,2012,1.0 8V EA111
AN-0040,Volkswagen,Gol,G5,2008,2012,1.6 8V EA111
AN-0040,Volkswagen,Gol,G5,2008,2012,1.6 16V EA111
AN-0040,Volkswagen,Gol,G6,2012,2016,1.0 12V MPI EA111
AN-0040,Volkswagen,Gol,G6,2012,2016,1.6 16V MSI EA111
AN-0040,Volkswagen,Gol,G7/G8,2016,2023,1.0 12V MPI EA211
AN-0040,Volkswagen,Gol,G7/G8,2016,2023,1.6 16V MSI EA211
TT-0030,Volkswagen,Fox,1ª geração,2003,2009,1.0 8V EA111
TT-0030,Volkswagen,Fox,1ª geração,2003,2009,1.6 8V EA111
TT-0030,Volkswagen,Fox,2ª geração,2009,2014,1.0 8V EA111
TT-0030,Volkswagen,Fox,2ª geração,2009,2014,1.6 16V EA111
TT-0030,Volkswagen,Fox,Facelift,2014,2017,1.0 12V MPI EA111
TT-0030,Volkswagen,Fox,Facelift,2014,2017,1.6 16V MSI EA111
TT-0030,Volkswagen,Fox,Final,2017,2021,1.0 12V MPI EA211
TT-0030,Volkswagen,Fox,Final,2017,2021,1.6 16V MSI EA211
AN-0041,Volkswagen,Fox,1ª geração,2003,2009,1.0 8V EA111
AN-0041,Volkswagen,Fox,1ª geração,2003,2009,1.6 8V EA111
AN-0041,Volkswagen,Fox,2ª geração,2009,2014,1.0 8V EA111
AN-0041,Volkswagen,Fox,2ª geração,2009,2014,1.6 16V EA111
AN-0041,Volkswagen,Fox,Facelift,2014,2017,1.0 12V MPI EA111
AN-0041,Volkswagen,Fox,Facelift,2014,2017,1.6 16V MSI EA111
AN-0041,Volkswagen,Fox,Final,2017,2021,1.0 12V MPI EA211
AN-0041,Volkswagen,Fox,Final,2017,2021,1.6 16V MSI EA211
PJ-0037,Volkswagen,Fox,1ª geração,2003,2009,1.0 8V EA111
PJ-0037,Volkswagen,Fox,1ª geração,2003,2009,1.6 8V EA111
PJ-0037,Volkswagen,Fox,2ª geração,2009,2014,1.0 8V EA111
PJ-0037,Volkswagen,Fox,2ª geração,2009,2014,1.6 16V EA111
PJ-0037,Volkswagen,Fox,Facelift,2014,2017,1.0 12V MPI EA111
PJ-0037,Volkswagen,Fox,Facelift,2014,2017,1.6 16V MSI EA111
PJ-0037,Volkswagen,Fox,Final,2017,2021,1.0 12V MPI EA211
PJ-0037,Volkswagen,Fox,Final,2017,2021,1.6 16V MSI EA211
JG-0025,Volkswagen,Fox,1ª geração,2003,2009,1.0 8V EA111
JG-0025,Volkswagen,Fox,1ª geração,2003,2009,1.6 8V EA111
JG-0025,Volkswagen,Fox,2ª geração,2009,2014,1.0 8V EA111
JG-0025,Volkswagen,Fox,2ª geração,2009,2014,1.6 16V EA111
JG-0025,Volkswagen,Fox,Facelift,2014,2017,1.0 12V MPI EA111
JG-0025,Volkswagen,Fox,Facelift,2014,2017,1.6 16V MSI EA111
JG-0025,Volkswagen,Fox,Final,2017,2021,1.0 12V MPI EA211
JG-0025,Volkswagen,Fox,Final,2017,2021,1.6 16V MSI EA211
TT-0031,Volkswagen,Fox,1ª geração,2003,2009,1.0 8V EA111
TT-0031,Volkswagen,Fox,1ª geração,2003,2009,1.6 8V EA111
TT-0031,Volkswagen,Fox,2ª geração,2009,2014,1.0 8V EA111
TT-0031,Volkswagen,Fox,2ª geração,2009,2014,1.6 16V EA111
TT-0031,Volkswagen,Fox,Facelift,2014,2017,1.0 12V MPI EA111
TT-0031,Volkswagen,Fox,Facelift,2014,2017,1.6 16V MSI EA111
TT-0031,Volkswagen,Fox,Final,2017,2021,1.0 12V MPI EA211
TT-0031,Volkswagen,Fox,Final,2017,2021,1.6 16V MSI EA211
IB-0033,Volkswagen,Fox,1ª geração,2003,2009,1.0 8V EA111
IB-0033,Volkswagen,Fox,1ª geração,2003,2009,1.6 8V EA111
IB-0033,Volkswagen,Fox,2ª geração,2009,2014,1.0 8V EA111
IB-0033,Volkswagen,Fox,2ª geração,2009,2014,1.6 16V EA111
IB-0033,Volkswagen,Fox,Facelift,2014,2017,1.0 12V MPI EA111
IB-0033,Volkswagen,Fox,Facelift,2014,2017,1.6 16V MSI EA111
IB-0033,Volkswagen,Fox,Final,2017,2021,1.0 12V MPI EA211
IB-0033,Volkswagen,Fox,Final,2017,2021,1.6 16V MSI EA211
AN-0042,Volkswagen,Fox,1ª geração,2003,2009,1.0 8V EA111
AN-0042,Volkswagen,Fox,1ª geração,2003,2009,1.6 8V EA111
AN-0042,Volkswagen,Fox,2ª geração,2009,2014,1.0 8V EA111
AN-0042,Volkswagen,Fox,2ª geração,2009,2014,1.6 16V EA111
AN-0042,Volkswagen,Fox,Facelift,2014,2017,1.0 12V MPI EA111
AN-0042,Volkswagen,Fox,Facelift,2014,2017,1.6 16V MSI EA111
AN-0042,Volkswagen,Fox,Final,2017,2021,1.0 12V MPI EA211
AN-0042,Volkswagen,Fox,Final,2017,2021,1.6 16V MSI EA211
JG-0026,Volkswagen,Voyage,1ª geração,2008,2012,1.0 8V EA111
JG-0026,Volkswagen,Voyage,1ª geração,2008,2012,1.6 8V EA111
JG-0026,Volkswagen,Voyage,2ª geração,2012,2016,1.0 12V MPI EA111
JG-0026,Volkswagen,Voyage,2ª geração,2012,2016,1.6 16V MSI EA111
JG-0026,Volkswagen,Voyage,Facelift,2016,2019,1.0 12V MPI EA111
JG-0026,Volkswagen,Voyage,Facelift,2016,2019,1.6 16V MSI EA111
JG-0026,Volkswagen,Voyage,Final,2019,2023,1.0 12V MPI EA211
JG-0026,Volkswagen,Voyage,Final,2019,2023,1.6 16V MSI EA211
IB-0034,Volkswagen,Voyage,1ª geração,2008,2012,1.0 8V EA111
IB-0034,Volkswagen,Voyage,1ª geração,2008,2012,1.6 8V EA111
IB-0034,Volkswagen,Voyage,2ª geração,2012,2016,1.0 12V MPI EA111
IB-0034,Volkswagen,Voyage,2ª geração,2012,2016,1.6 16V MSI EA111
IB-0034,Volkswagen,Voyage,Facelift,2016,2019,1.0 12V MPI EA111
IB-0034,Volkswagen,Voyage,Facelift,2016,2019,1.6 16V MSI EA111
IB-0034,Volkswagen,Voyage,Final,2019,2023,1.0 12V MPI EA211
IB-0034,Volkswagen,Voyage,Final,2019,2023,1.6 16V MSI EA211
PJ-0038,Volkswagen,Voyage,1ª geração,2008,2012,1.0 8V EA111
PJ-0038,Volkswagen,Voyage,1ª geração,2008,2012,1.6 8V EA111
PJ-0038,Volkswagen,Voyage,2ª geração,2012,2016,1.0 12V MPI EA111
PJ-0038,Volkswagen,Voyage,2ª geração,2012,2016,1.6 16V MSI EA111
PJ-0038,Volkswagen,Voyage,Facelift,2016,2019,1.0 12V MPI EA111
PJ-0038,Volkswagen,Voyage,Facelift,2016,2019,1.6 16V MSI EA111
PJ-0038,Volkswagen,Voyage,Final,2019,2023,1.0 12V MPI EA211
PJ-0038,Volkswagen,Voyage,Final,2019,2023,1.6 16V MSI EA211
VG-0027,Volkswagen,Voyage,1ª geração,2008,2012,1.0 8V EA111
VG-0027,Volkswagen,Voyage,1ª geração,2008,2012,1.6 8V EA111
VG-0027,Volkswagen,Voyage,2ª geração,2012,2016,1.0 12V MPI EA111
VG-0027,Volkswagen,Voyage,2ª geração,2012,2016,1.6 16V MSI EA111
VG-0027,Volkswagen,Voyage,Facelift,2016,2019,1.0 12V MPI EA111
VG-0027,Volkswagen,Voyage,Facelift,2016,2019,1.6 16V MSI EA111
VG-0027,Volkswagen,Voyage,Final,2019,2023,1.0 12V MPI EA211
VG-0027,Volkswagen,Voyage,Final,2019,2023,1.6 16V MSI EA211
PJ-0039,Volkswagen,Voyage,1ª geração,2008,2012,1.0 8V EA111
PJ-0039,Volkswagen,Voyage,1ª geração,2008,2012,1.6 8V EA111
PJ-0039,Volkswagen,Voyage,2ª geração,2012,2016,1.0 12V MPI EA111
PJ-0039,Volkswagen,Voyage,2ª geração,2012,2016,1.6 16V MSI EA111
PJ-0039,Volkswagen,Voyage,Facelift,2016,2019,1.0 12V MPI EA111
PJ-0039,Volkswagen,Voyage,Facelift,2016,2019,1.6 16V MSI EA111
PJ-0039,Volkswagen,Voyage,Final,2019,2023,1.0 12V MPI EA211
PJ-0039,Volkswagen,Voyage,Final,2019,2023,1.6 16V MSI EA211
TT-0032,Volkswagen,Voyage,1ª geração,2008,2012,1.0 8V EA111
TT-0032,Volkswagen,Voyage,1ª geração,2008,2012,1.6 8V EA111
TT-0032,Volkswagen,Voyage,2ª geração,2012,2016,1.0 12V MPI EA111
TT-0032,Volkswagen,Voyage,2ª geração,2012,2016,1.6 16V MSI EA111
TT-0032,Volkswagen,Voyage,Facelift,2016,2019,1.0 12V MPI EA111
TT-0032,Volkswagen,Voyage,Facelift,2016,2019,1.6 16V MSI EA111
TT-0032,Volkswagen,Voyage,Final,2019,2023,1.0 12V MPI EA211
TT-0032,Volkswagen,Voyage,Final,2019,2023,1.6 16V MSI EA211
TT-0033,Volkswagen,Saveiro,G5,2009,2013,1.6 8V EA111
TT-0033,Volkswagen,Saveiro,G5,2009,2013,1.6 16V EA111
TT-0033,Volkswagen,Saveiro,G6,2013,2016,1.0 12V MPI EA111
TT-0033,Volkswagen,Saveiro,G6,2013,2016,1.6 16V MSI EA111
TT-0033,Volkswagen,Saveiro,G7,2016,2021,1.6 16V MSI EA211
TT-0033,Volkswagen,Saveiro,G7,2016,2021,1.6 20V TSI EA211
TT-0033,Volkswagen,Saveiro,Atual,2021,2023,1.6 16V MSI EA211
TT-0033,Volkswagen,Saveiro,Atual,2021,2023,1.6 20V TSI EA211
PJ-0040,Volkswagen,Saveiro,G5,2009,2013,1.6 8V EA111
PJ-0040,Volkswagen,Saveiro,G5,2009,2013,1.6 16V EA111
PJ-0040,Volkswagen,Saveiro,G6,2013,2016,1.0 12V MPI EA111
PJ-0040,Volkswagen,Saveiro,G6,2013,2016,1.6 16V MSI EA111
PJ-0040,Volkswagen,Saveiro,G7,2016,2021,1.6 16V MSI EA211
PJ-0040,Volkswagen,Saveiro,G7,2016,2021,1.6 20V TSI EA211
PJ-0040,Volkswagen,Saveiro,Atual,2021,2023,1.6 16V MSI EA211
PJ-0040,Volkswagen,Saveiro,Atual,2021,2023,1.6 20V TSI EA211
AN-0043,Volkswagen,Saveiro,G5,2009,2013,1.6 8V EA111
AN-0043,Volkswagen,Saveiro,G5,2009,2013,1.6 16V EA111
AN-0043,Volkswagen,Saveiro,G6,2013,2016,1.0 12V MPI EA111
AN-0043,Volkswagen,Saveiro,G6,2013,2016,1.6 16V MSI EA111
AN-0043,Volkswagen,Saveiro,G7,2016,2021,1.6 16V MSI EA211
AN-0043,Volkswagen,Saveiro,G7,2016,2021,1.6 20V TSI EA211
AN-0043,Volkswagen,Saveiro,Atual,2021,2023,1.6 16V MSI EA211
AN-0043,Volkswagen,Saveiro,Atual,2021,2023,1.6 20V TSI EA211
AN-0044,Volkswagen,Saveiro,G5,2009,2013,1.6 8V EA111
AN-0044,Volkswagen,Saveiro,G5,2009,2013,1.6 16V EA111
AN-0044,Volkswagen,Saveiro,G6,2013,2016,1.0 12V MPI EA111
AN-0044,Volkswagen,Saveiro,G6,2013,2016,1.6 16V MSI EA111
AN-0044,Volkswagen,Saveiro,G7,2016,2021,1.6 16V MSI EA211
AN-0044,Volkswagen,Saveiro,G7,2016,2021,1.6 20V TSI EA211
AN-0044,Volkswagen,Saveiro,Atual,2021,2023,1.6 16V MSI EA211
AN-0044,Volkswagen,Saveiro,Atual,2021,2023,1.6 20V TSI EA211
AN-0045,Volkswagen,Polo,1ª geração BR,2002,2007,1.6 8V EA111
AN-0045,Volkswagen,Polo,1ª geração BR,2002,2007,1.8 20V Turbo EA111
AN-0045,Volkswagen,Polo,2ª geração BR,2007,2014,1.6 8V EA111
AN-0045,Volkswagen,Polo,2ª geração BR,2007,2014,2.0 8V EA111
AN-0045,Volkswagen,Polo,Novo Polo,2017,2020,1.0 12V MPI EA211
AN-0045,Volkswagen,Polo,Novo Polo,2017,2020,1.0 12V TSI EA211
AN-0045,Volkswagen,Polo,Novo Polo,2017,2020,1.6 16V MSI EA211
AN-0045,Volkswagen,Polo,Atual,2020,2023,1.0 12V TSI EA211
AN-0045,Volkswagen,Polo,Atual,2020,2023,1.6 16V MSI EA211
JG-0027,Volkswagen,Polo,1ª geração BR,2002,2007,1.6 8V EA111
JG-0027,Volkswagen,Polo,1ª geração BR,2002,2007,1.8 20V Turbo EA111
JG-0027,Volkswagen,Polo,2ª geração BR,2007,2014,1.6 8V EA111
JG-0027,Volkswagen,Polo,2ª geração BR,2007,2014,2.0 8V EA111
JG-0027,Volkswagen,Polo,Novo Polo,2017,2020,1.0 12V MPI EA211
JG-0027,Volkswagen,Polo,Novo Polo,2017,2020,1.0 12V TSI EA211
JG-0027,Volkswagen,Polo,Novo Polo,2017,2020,1.6 16V MSI EA211
JG-0027,Volkswagen,Polo,Atual,2020,2023,1.0 12V TSI EA211
JG-0027,Volkswagen,Polo,Atual,2020,2023,1.6 16V MSI EA211
AN-0046,Volkswagen,Polo,1ª geração BR,2002,2007,1.6 8V EA111
AN-0046,Volkswagen,Polo,1ª geração BR,2002,2007,1.8 20V Turbo EA111
AN-0046,Volkswagen,Polo,2ª geração BR,2007,2014,1.6 8V EA111
AN-0046,Volkswagen,Polo,2ª geração BR,2007,2014,2.0 8V EA111
AN-0046,Volkswagen,Polo,Novo Polo,2017,2020,1.0 12V MPI EA211
AN-0046,Volkswagen,Polo,Novo Polo,2017,2020,1.0 12V TSI EA211
AN-0046,Volkswagen,Polo,Novo Polo,2017,2020,1.6 16V MSI EA211
AN-0046,Volkswagen,Polo,Atual,2020,2023,1.0 12V TSI EA211
AN-0046,Volkswagen,Polo,Atual,2020,2023,1.6 16V MSI EA211
IB-0035,Volkswagen,Polo,1ª geração BR,2002,2007,1.6 8V EA111
IB-0035,Volkswagen,Polo,1ª geração BR,2002,2007,1.8 20V Turbo EA111
IB-0035,Volkswagen,Polo,2ª geração BR,2007,2014,1.6 8V EA111
IB-0035,Volkswagen,Polo,2ª geração BR,2007,2014,2.0 8V EA111
IB-0035,Volkswagen,Polo,Novo Polo,2017,2020,1.0 12V MPI EA211
IB-0035,Volkswagen,Polo,Novo Polo,2017,2020,1.0 12V TSI EA211
IB-0035,Volkswagen,Polo,Novo Polo,2017,2020,1.6 16V MSI EA211
IB-0035,Volkswagen,Polo,Atual,2020,2023,1.0 12V TSI EA211
IB-0035,Volkswagen,Polo,Atual,2020,2023,1.6 16V MSI EA211
VG-0028,Volkswagen,Polo,1ª geração BR,2002,2007,1.6 8V EA111
VG-0028,Volkswagen,Polo,1ª geração BR,2002,2007,1.8 20V Turbo EA111
VG-0028,Volkswagen,Polo,2ª geração BR,2007,2014,1.6 8V EA111
VG-0028,Volkswagen,Polo,2ª geração BR,2007,2014,2.0 8V EA111
VG-0028,Volkswagen,Polo,Novo Polo,2017,2020,1.0 12V MPI EA211
VG-0028,Volkswagen,Polo,Novo Polo,2017,2020,1.0 12V TSI EA211
VG-0028,Volkswagen,Polo,Novo Polo,2017,2020,1.6 16V MSI EA211
VG-0028,Volkswagen,Polo,Atual,2020,2023,1.0 12V TSI EA211
VG-0028,Volkswagen,Polo,Atual,2020,2023,1.6 16V MSI EA211
VG-0029,Volkswagen,Polo,1ª geração BR,2002,2007,1.6 8V EA111
VG-0029,Volkswagen,Polo,1ª geração BR,2002,2007,1.8 20V Turbo EA111
VG-0029,Volkswagen,Polo,2ª geração BR,2007,2014,1.6 8V EA111
VG-0029,Volkswagen,Polo,2ª geração BR,2007,2014,2.0 8V EA111
VG-0029,Volkswagen,Polo,Novo Polo,2017,2020,1.0 12V MPI EA211
VG-0029,Volkswagen,Polo,Novo Polo,2017,2020,1.0 12V TSI EA211
VG-0029,Volkswagen,Polo,Novo Polo,2017,2020,1.6 16V MSI EA211
VG-0029,Volkswagen,Polo,Atual,2020,2023,1.0 12V TSI EA211
VG-0029,Volkswagen,Polo,Atual,2020,2023,1.6 16V MSI EA211
AN-0047,Volkswagen,Polo,1ª geração BR,2002,2007,1.6 8V EA111
AN-0047,Volkswagen,Polo,1ª geração BR,2002,2007,1.8 20V Turbo EA111
AN-0047,Volkswagen,Polo,2ª geração BR,2007,2014,1.6 8V EA111
AN-0047,Volkswagen,Polo,2ª geração BR,2007,2014,2.0 8V EA111
AN-0047,Volkswagen,Polo,Novo Polo,2017,2020,1.0 12V MPI EA211
AN-0047,Volkswagen,Polo,Novo Polo,2017,2020,1.0 12V TSI EA211
AN-0047,Volkswagen,Polo,Novo Polo,2017,2020,1.6 16V MSI EA211
AN-0047,Volkswagen,Polo,Atual,2020,2023,1.0 12V TSI EA211
AN-0047,Volkswagen,Polo,Atual,2020,2023,1.6 16V MSI EA211
VG-0030,Fiat,Palio,2ª geração,1996,2000,1.0 8V Fire
VG-0030,Fiat,Palio,2ª geração,1996,2000,1.6 16V
VG-0030,Fiat,Palio,Facelift,2001,2004,1.0 8V Fire
VG-0030,Fiat,Palio,Facelift,2001,2004,1.5 8V
VG-0030,Fiat,Palio,3ª geração,2004,2011,1.0 8V Fire
VG-0030,Fiat,Palio,3ª geração,2004,2011,1.4 8V Fire
VG-0030,Fiat,Palio,3ª geração,2004,2011,1.8 8V
VG-0030,Fiat,Palio,Atual,2012,2017,1.0 Fire Evo
VG-0030,Fiat,Palio,Atual,2012,2017,1.4 Fire Evo
JG-0028,Fiat,Palio,2ª geração,1996,2000,1.0 8V Fire
JG-0028,Fiat,Palio,2ª geração,1996,2000,1.6 16V
JG-0028,Fiat,Palio,Facelift,2001,2004,1.0 8V Fire
JG-0028,Fiat,Palio,Facelift,2001,2004,1.5 8V
JG-0028,Fiat,Palio,3ª geração,2004,2011,1.0 8V Fire
JG-0028,Fiat,Palio,3ª geração,2004,2011,1.4 8V Fire
JG-0028,Fiat,Palio,3ª geração,2004,2011,1.8 8V
JG-0028,Fiat,Palio,Atual,2012,2017,1.0 Fire Evo
JG-0028,Fiat,Palio,Atual,2012,2017,1.4 Fire Evo
PJ-0041,Fiat,Palio,2ª geração,1996,2000,1.0 8V Fire
PJ-0041,Fiat,Palio,2ª geração,1996,2000,1.6 16V
PJ-0041,Fiat,Palio,Facelift,2001,2004,1.0 8V Fire
PJ-0041,Fiat,Palio,Facelift,2001,2004,1.5 8V
PJ-0041,Fiat,Palio,3ª geração,2004,2011,1.0 8V Fire
PJ-0041,Fiat,Palio,3ª geração,2004,2011,1.4 8V Fire
PJ-0041,Fiat,Palio,3ª geração,2004,2011,1.8 8V
PJ-0041,Fiat,Palio,Atual,2012,2017,1.0 Fire Evo
PJ-0041,Fiat,Palio,Atual,2012,2017,1.4 Fire Evo
JG-0029,Fiat,Palio,2ª geração,1996,2000,1.0 8V Fire
JG-0029,Fiat,Palio,2ª geração,1996,2000,1.6 16V
JG-0029,Fiat,Palio,Facelift,2001,2004,1.0 8V Fire
JG-0029,Fiat,Palio,Facelift,2001,2004,1.5 8V
JG-0029,Fiat,Palio,3ª geração,2004,2011,1.0 8V Fire
JG-0029,Fiat,Palio,3ª geração,2004,2011,1.4 8V Fire
JG-0029,Fiat,Palio,3ª geração,2004,2011,1.8 8V
JG-0029,Fiat,Palio,Atual,2012,2017,1.0 Fire Evo
JG-0029,Fiat,Palio,Atual,2012,2017,1.4 Fire Evo
JG-0030,Fiat,Palio,2ª geração,1996,2000,1.0 8V Fire
JG-0030,Fiat,Palio,2ª geração,1996,2000,1.6 16V
JG-0030,Fiat,Palio,Facelift,2001,2004,1.0 8V Fire
JG-0030,Fiat,Palio,Facelift,2001,2004,1.5 8V
JG-0030,Fiat,Palio,3ª geração,2004,2011,1.0 8V Fire
JG-0030,Fiat,Palio,3ª geração,2004,2011,1.4 8V Fire
JG-0030,Fiat,Palio,3ª geração,2004,2011,1.8 8V
JG-0030,Fiat,Palio,Atual,2012,2017,1.0 Fire Evo
JG-0030,Fiat,Palio,Atual,2012,2017,1.4 Fire Evo
AN-0048,Fiat,Uno,Mille,2004,2010,1.0 8V Fire
AN-0048,Fiat,Uno,Mille,2004,2010,1.5 8V
AN-0048,Fiat,Uno,Novo Uno 1ª,2010,2014,1.0 8V Fire
AN-0048,Fiat,Uno,Novo Uno 1ª,2010,2014,1.4 8V Fire
AN-0048,Fiat,Uno,Novo Uno 2ª,2014,2021,1.0 Fire Evo
AN-0048,Fiat,Uno,Novo Uno 2ª,2014,2021,1.3 Firefly
AN-0048,Fiat,Uno,Atual,2021,2023,1.0 Firefly
AN-0048,Fiat,Uno,Atual,2021,2023,1.3 Firefly
JG-0031,Fiat,Uno,Mille,2004,2010,1.0 8V Fire
JG-0031,Fiat,Uno,Mille,2004,2010,1.5 8V
JG-0031,Fiat,Uno,Novo Uno 1ª,2010,2014,1.0 8V Fire
JG-0031,Fiat,Uno,Novo Uno 1ª,2010,2014,1.4 8V Fire
JG-0031,Fiat,Uno,Novo Uno 2ª,2014,2021,1.0 Fire Evo
JG-0031,Fiat,Uno,Novo Uno 2ª,2014,2021,1.3 Firefly
JG-0031,Fiat,Uno,Atual,2021,2023,1.0 Firefly
JG-0031,Fiat,Uno,Atual,2021,2023,1.3 Firefly
JG-0032,Fiat,Uno,Mille,2004,2010,1.0 8V Fire
JG-0032,Fiat,Uno,Mille,2004,2010,1.5 8V
JG-0032,Fiat,Uno,Novo Uno 1ª,2010,2014,1.0 8V Fire
JG-0032,Fiat,Uno,Novo Uno 1ª,2010,2014,1.4 8V Fire
JG-0032,Fiat,Uno,Novo Uno 2ª,2014,2021,1.0 Fire Evo
JG-0032,Fiat,Uno,Novo Uno 2ª,2014,2021,1.3 Firefly
JG-0032,Fiat,Uno,Atual,2021,2023,1.0 Firefly
JG-0032,Fiat,Uno,Atual,2021,2023,1.3 Firefly
JG-0033,Fiat,Uno,Mille,2004,2010,1.0 8V Fire
JG-0033,Fiat,Uno,Mille,2004,2010,1.5 8V
JG-0033,Fiat,Uno,Novo Uno 1ª,2010,2014,1.0 8V Fire
JG-0033,Fiat,Uno,Novo Uno 1ª,2010,2014,1.4 8V Fire
JG-0033,Fiat,Uno,Novo Uno 2ª,2014,2021,1.0 Fire Evo
JG-0033,Fiat,Uno,Novo Uno 2ª,2014,2021,1.3 Firefly
JG-0033,Fiat,Uno,Atual,2021,2023,1.0 Firefly
JG-0033,Fiat,Uno,Atual,2021,2023,1.3 Firefly
TT-0034,Fiat,Uno,Mille,2004,2010,1.0 8V Fire
TT-0034,Fiat,Uno,Mille,2004,2010,1.5 8V
TT-0034,Fiat,Uno,Novo Uno 1ª,2010,2014,1.0 8V Fire
TT-0034,Fiat,Uno,Novo Uno 1ª,2010,2014,1.4 8V Fire
TT-0034,Fiat,Uno,Novo Uno 2ª,2014,2021,1.0 Fire Evo
TT-0034,Fiat,Uno,Novo Uno 2ª,2014,2021,1.3 Firefly
TT-0034,Fiat,Uno,Atual,2021,2023,1.0 Firefly
TT-0034,Fiat,Uno,Atual,2021,2023,1.3 Firefly
AN-0049,Fiat,Siena,1ª geração,1996,2001,1.0 8V Fire
AN-0049,Fiat,Siena,1ª geração,1996,2001,1.5 8V
AN-0049,Fiat,Siena,2ª geração,2001,2004,1.0 8V Fire
AN-0049,Fiat,Siena,2ª geração,2001,2004,1.4 8V Fire
AN-0049,Fiat,Siena,3ª geração,2004,2012,1.0 8V Fire
AN-0049,Fiat,Siena,3ª geração,2004,2012,1.4 8V Fire
AN-0049,Fiat,Siena,3ª geração,2004,2012,1.8 8V
AN-0049,Fiat,Siena,Atual,2012,2016,1.0 Fire Evo
AN-0049,Fiat,Siena,Atual,2012,2016,1.4 Fire Evo
TT-0035,Fiat,Siena,1ª geração,1996,2001,1.0 8V Fire
TT-0035,Fiat,Siena,1ª geração,1996,2001,1.5 8V
TT-0035,Fiat,Siena,2ª geração,2001,2004,1.0 8V Fire
TT-0035,Fiat,Siena,2ª geração,2001,2004,1.4 8V Fire
TT-0035,Fiat,Siena,3ª geração,2004,2012,1.0 8V Fire
TT-0035,Fiat,Siena,3ª geração,2004,2012,1.4 8V Fire
TT-0035,Fiat,Siena,3ª geração,2004,2012,1.8 8V
TT-0035,Fiat,Siena,Atual,2012,2016,1.0 Fire Evo
TT-0035,Fiat,Siena,Atual,2012,2016,1.4 Fire Evo
IB-0036,Fiat,Siena,1ª geração,1996,2001,1.0 8V Fire
IB-0036,Fiat,Siena,1ª geração,1996,2001,1.5 8V
IB-0036,Fiat,Siena,2ª geração,2001,2004,1.0 8V Fire
IB-0036,Fiat,Siena,2ª geração,2001,2004,1.4 8V Fire
IB-0036,Fiat,Siena,3ª geração,2004,2012,1.0 8V Fire
IB-0036,Fiat,Siena,3ª geração,2004,2012,1.4 8V Fire
IB-0036,Fiat,Siena,3ª geração,2004,2012,1.8 8V
IB-0036,Fiat,Siena,Atual,2012,2016,1.0 Fire Evo
IB-0036,Fiat,Siena,Atual,2012,2016,1.4 Fire Evo
IB-0037,Fiat,Siena,1ª geração,1996,2001,1.0 8V Fire
IB-0037,Fiat,Siena,1ª geração,1996,2001,1.5 8V
IB-0037,Fiat,Siena,2ª geração,2001,2004,1.0 8V Fire
IB-0037,Fiat,Siena,2ª geração,2001,2004,1.4 8V Fire
IB-0037,Fiat,Siena,3ª geração,2004,2012,1.0 8V Fire
IB-0037,Fiat,Siena,3ª geração,2004,2012,1.4 8V Fire
IB-0037,Fiat,Siena,3ª geração,2004,2012,1.8 8V
IB-0037,Fiat,Siena,Atual,2012,2016,1.0 Fire Evo
IB-0037,Fiat,Siena,Atual,2012,2016,1.4 Fire Evo
AN-0050,Fiat,Siena,1ª geração,1996,2001,1.0 8V Fire
AN-0050,Fiat,Siena,1ª geração,1996,2001,1.5 8V
AN-0050,Fiat,Siena,2ª geração,2001,2004,1.0 8V Fire
AN-0050,Fiat,Siena,2ª geração,2001,2004,1.4 8V Fire
AN-0050,Fiat,Siena,3ª geração,2004,2012,1.0 8V Fire
AN-0050,Fiat,Siena,3ª geração,2004,2012,1.4 8V Fire
AN-0050,Fiat,Siena,3ª geração,2004,2012,1.8 8V
AN-0050,Fiat,Siena,Atual,2012,2016,1.0 Fire Evo
AN-0050,Fiat,Siena,Atual,2012,2016,1.4 Fire Evo
IB-0038,Fiat,Siena,1ª geração,1996,2001,1.0 8V Fire
IB-0038,Fiat,Siena,1ª geração,1996,2001,1.5 8V
IB-0038,Fiat,Siena,2ª geração,2001,2004,1.0 8V Fire
IB-0038,Fiat,Siena,2ª geração,2001,2004,1.4 8V Fire
IB-0038,Fiat,Siena,3ª geração,2004,2012,1.0 8V Fire
IB-0038,Fiat,Siena,3ª geração,2004,2012,1.4 8V Fire
IB-0038,Fiat,Siena,3ª geração,2004,2012,1.8 8V
IB-0038,Fiat,Siena,Atual,2012,2016,1.0 Fire Evo
IB-0038,Fiat,Siena,Atual,2012,2016,1.4 Fire Evo
AN-0051,Fiat,Strada,1ª geração,1998,2004,1.5 8V
AN-0051,Fiat,Strada,1ª geração,1998,2004,1.6 8V
AN-0051,Fiat,Strada,2ª geração,2004,2012,1.4 8V Fire
AN-0051,Fiat,Strada,2ª geração,2004,2012,1.8 8V
AN-0051,Fiat,Strada,3ª geração,2013,2020,1.4 Fire Evo
AN-0051,Fiat,Strada,3ª geração,2013,2020,1.8 E.torQ
AN-0051,Fiat,Strada,Atual,2020,2023,1.3 Firefly
AN-0051,Fiat,Strada,Atual,2020,2023,1.4 Firefly Turbo
PJ-0042,Fiat,Strada,1ª geração,1998,2004,1.5 8V
PJ-0042,Fiat,Strada,1ª geração,1998,2004,1.6 8V
PJ-0042,Fiat,Strada,2ª geração,2004,2012,1.4 8V Fire
PJ-0042,Fiat,Strada,2ª geração,2004,2012,1.8 8V
PJ-0042,Fiat,Strada,3ª geração,2013,2020,1.4 Fire Evo
PJ-0042,Fiat,Strada,3ª geração,2013,2020,1.8 E.torQ
PJ-0042,Fiat,Strada,Atual,2020,2023,1.3 Firefly
PJ-0042,Fiat,Strada,Atual,2020,2023,1.4 Firefly Turbo
JG-0034,Fiat,Strada,1ª geração,1998,2004,1.5 8V
JG-0034,Fiat,Strada,1ª geração,1998,2004,1.6 8V
JG-0034,Fiat,Strada,2ª geração,2004,2012,1.4 8V Fire
JG-0034,Fiat,Strada,2ª geração,2004,2012,1.8 8V
JG-0034,Fiat,Strada,3ª geração,2013,2020,1.4 Fire Evo
JG-0034,Fiat,Strada,3ª geração,2013,2020,1.8 E.torQ
JG-0034,Fiat,Strada,Atual,2020,2023,1.3 Firefly
JG-0034,Fiat,Strada,Atual,2020,2023,1.4 Firefly Turbo
PJ-0043,Fiat,Strada,1ª geração,1998,2004,1.5 8V
PJ-0043,Fiat,Strada,1ª geração,1998,2004,1.6 8V
PJ-0043,Fiat,Strada,2ª geração,2004,2012,1.4 8V Fire
PJ-0043,Fiat,Strada,2ª geração,2004,2012,1.8 8V
PJ-0043,Fiat,Strada,3ª geração,2013,2020,1.4 Fire Evo
PJ-0043,Fiat,Strada,3ª geração,2013,2020,1.8 E.torQ
PJ-0043,Fiat,Strada,Atual,2020,2023,1.3 Firefly
PJ-0043,Fiat,Strada,Atual,2020,2023,1.4 Firefly Turbo
AN-0052,Fiat,Strada,1ª geração,1998,2004,1.5 8V
AN-0052,Fiat,Strada,1ª geração,1998,2004,1.6 8V
AN-0052,Fiat,Strada,2ª geração,2004,2012,1.4 8V Fire
AN-0052,Fiat,Strada,2ª geração,2004,2012,1.8 8V
AN-0052,Fiat,Strada,3ª geração,2013,2020,1.4 Fire Evo
AN-0052,Fiat,Strada,3ª geração,2013,2020,1.8 E.torQ
AN-0052,Fiat,Strada,Atual,2020,2023,1.3 Firefly
AN-0052,Fiat,Strada,Atual,2020,2023,1.4 Firefly Turbo
PJ-0044,Fiat,Strada,1ª geração,1998,2004,1.5 8V
PJ-0044,Fiat,Strada,1ª geração,1998,2004,1.6 8V
PJ-0044,Fiat,Strada,2ª geração,2004,2012,1.4 8V Fire
PJ-0044,Fiat,Strada,2ª geração,2004,2012,1.8 8V
PJ-0044,Fiat,Strada,3ª geração,2013,2020,1.4 Fire Evo
PJ-0044,Fiat,Strada,3ª geração,2013,2020,1.8 E.torQ
PJ-0044,Fiat,Strada,Atual,2020,2023,1.3 Firefly
PJ-0044,Fiat,Strada,Atual,2020,2023,1.4 Firefly Turbo
TT-0036,Fiat,Punto,Lançamento,2007,2009,1.4 8V Fire
TT-0036,Fiat,Punto,Lançamento,2007,2009,1.8 8V
TT-0036,Fiat,Punto,Facelift 1,2009,2012,1.4 8V Fire
TT-0036,Fiat,Punto,Facelift 1,2009,2012,1.8 E.torQ
TT-0036,Fiat,Punto,Facelift 2,2012,2015,1.4 Fire Evo
TT-0036,Fiat,Punto,Facelift 2,2012,2015,1.6 E.torQ
TT-0036,Fiat,Punto,Final,2015,2017,1.4 Fire Evo
TT-0036,Fiat,Punto,Final,2015,2017,1.6 E.torQ
JG-0035,Fiat,Punto,Lançamento,2007,2009,1.4 8V Fire
JG-0035,Fiat,Punto,Lançamento,2007,2009,1.8 8V
JG-0035,Fiat,Punto,Facelift 1,2009,2012,1.4 8V Fire
JG-0035,Fiat,Punto,Facelift 1,2009,2012,1.8 E.torQ
JG-0035,Fiat,Punto,Facelift 2,2012,2015,1.4 Fire Evo
JG-0035,Fiat,Punto,Facelift 2,2012,2015,1.6 E.torQ
JG-0035,Fiat,Punto,Final,2015,2017,1.4 Fire Evo
JG-0035,Fiat,Punto,Final,2015,2017,1.6 E.torQ
VG-0031,Fiat,Punto,Lançamento,2007,2009,1.4 8V Fire
VG-0031,Fiat,Punto,Lançamento,2007,2009,1.8 8V
VG-0031,Fiat,Punto,Facelift 1,2009,2012,1.4 8V Fire
VG-0031,Fiat,Punto,Facelift 1,2009,2012,1.8 E.torQ
VG-0031,Fiat,Punto,Facelift 2,2012,2015,1.4 Fire Evo
VG-0031,Fiat,Punto,Facelift 2,2012,2015,1.6 E.torQ
VG-0031,Fiat,Punto,Final,2015,2017,1.4 Fire Evo
VG-0031,Fiat,Punto,Final,2015,2017,1.6 E.torQ
JG-0036,Fiat,Punto,Lançamento,2007,2009,1.4 8V Fire
JG-0036,Fiat,Punto,Lançamento,2007,2009,1.8 8V
JG-0036,Fiat,Punto,Facelift 1,2009,2012,1.4 8V Fire
JG-0036,Fiat,Punto,Facelift 1,2009,2012,1.8 E.torQ
JG-0036,Fiat,Punto,Facelift 2,2012,2015,1.4 Fire Evo
JG-0036,Fiat,Punto,Facelift 2,2012,2015,1.6 E.torQ
JG-0036,Fiat,Punto,Final,2015,2017,1.4 Fire Evo
JG-0036,Fiat,Punto,Final,2015,2017,1.6 E.torQ
PJ-0045,Fiat,Punto,Lançamento,2007,2009,1.4 8V Fire
PJ-0045,Fiat,Punto,Lançamento,2007,2009,1.8 8V
PJ-0045,Fiat,Punto,Facelift 1,2009,2012,1.4 8V Fire
PJ-0045,Fiat,Punto,Facelift 1,2009,2012,1.8 E.torQ
PJ-0045,Fiat,Punto,Facelift 2,2012,2015,1.4 Fire Evo
PJ-0045,Fiat,Punto,Facelift 2,2012,2015,1.6 E.torQ
PJ-0045,Fiat,Punto,Final,2015,2017,1.4 Fire Evo
PJ-0045,Fiat,Punto,Final,2015,2017,1.6 E.torQ
PJ-0046,Chevrolet,Celta,1ª geração,2000,2003,1.0 8V VHC
PJ-0046,Chevrolet,Celta,1ª geração,2000,2003,1.4 8V VHC
PJ-0046,Chevrolet,Celta,Facelift,2003,2006,1.0 8V VHC
PJ-0046,Chevrolet,Celta,Facelift,2003,2006,1.4 8V VHC
PJ-0046,Chevrolet,Celta,2ª geração,2006,2011,1.0 8V VHCE
PJ-0046,Chevrolet,Celta,2ª geração,2006,2011,1.4 8V VHCE Flexpower
PJ-0046,Chevrolet,Celta,Final,2011,2016,1.0 8V VHCE
PJ-0046,Chevrolet,Celta,Final,2011,2016,1.4 8V VHCE Flexpower
JG-0037,Chevrolet,Celta,1ª geração,2000,2003,1.0 8V VHC
JG-0037,Chevrolet,Celta,1ª geração,2000,2003,1.4 8V VHC
JG-0037,Chevrolet,Celta,Facelift,2003,2006,1.0 8V VHC
JG-0037,Chevrolet,Celta,Facelift,2003,2006,1.4 8V VHC
JG-0037,Chevrolet,Celta,2ª geração,2006,2011,1.0 8V VHCE
JG-0037,Chevrolet,Celta,2ª geração,2006,2011,1.4 8V VHCE Flexpower
JG-0037,Chevrolet,Celta,Final,2011,2016,1.0 8V VHCE
JG-0037,Chevrolet,Celta,Final,2011,2016,1.4 8V VHCE Flexpower
JG-0038,Chevrolet,Celta,1ª geração,2000,2003,1.0 8V VHC
JG-0038,Chevrolet,Celta,1ª geração,2000,2003,1.4 8V VHC
JG-0038,Chevrolet,Celta,Facelift,2003,2006,1.0 8V VHC
JG-0038,Chevrolet,Celta,Facelift,2003,2006,1.4 8V VHC
JG-0038,Chevrolet,Celta,2ª geração,2006,2011,1.0 8V VHCE
JG-0038,Chevrolet,Celta,2ª geração,2006,2011,1.4 8V VHCE Flexpower
JG-0038,Chevrolet,Celta,Final,2011,2016,1.0 8V VHCE
JG-0038,Chevrolet,Celta,Final,2011,2016,1.4 8V VHCE Flexpower
IB-0039,Chevrolet,Celta,1ª geração,2000,2003,1.0 8V VHC
IB-0039,Chevrolet,Celta,1ª geração,2000,2003,1.4 8V VHC
IB-0039,Chevrolet,Celta,Facelift,2003,2006,1.0 8V VHC
IB-0039,Chevrolet,Celta,Facelift,2003,2006,1.4 8V VHC
IB-0039,Chevrolet,Celta,2ª geração,2006,2011,1.0 8V VHCE
IB-0039,Chevrolet,Celta,2ª geração,2006,2011,1.4 8V VHCE Flexpower
IB-0039,Chevrolet,Celta,Final,2011,2016,1.0 8V VHCE
IB-0039,Chevrolet,Celta,Final,2011,2016,1.4 8V VHCE Flexpower
PJ-0047,Chevrolet,Celta,1ª geração,2000,2003,1.0 8V VHC
PJ-0047,Chevrolet,Celta,1ª geração,2000,2003,1.4 8V VHC
PJ-0047,Chevrolet,Celta,Facelift,2003,2006,1.0 8V VHC
PJ-0047,Chevrolet,Celta,Facelift,2003,2006,1.4 8V VHC
PJ-0047,Chevrolet,Celta,2ª geração,2006,2011,1.0 8V VHCE
PJ-0047,Chevrolet,Celta,2ª geração,2006,2011,1.4 8V VHCE Flexpower
PJ-0047,Chevrolet,Celta,Final,2011,2016,1.0 8V VHCE
PJ-0047,Chevrolet,Celta,Final,2011,2016,1.4 8V VHCE Flexpower
VG-0032,Chevrolet,Celta,1ª geração,2000,2003,1.0 8V VHC
VG-0032,Chevrolet,Celta,1ª geração,2000,2003,1.4 8V VHC
VG-0032,Chevrolet,Celta,Facelift,2003,2006,1.0 8V VHC
VG-0032,Chevrolet,Celta,Facelift,2003,2006,1.4 8V VHC
VG-0032,Chevrolet,Celta,2ª geração,2006,2011,1.0 8V VHCE
VG-0032,Chevrolet,Celta,2ª geração,2006,2011,1.4 8V VHCE Flexpower
VG-0032,Chevrolet,Celta,Final,2011,2016,1.0 8V VHCE
VG-0032,Chevrolet,Celta,Final,2011,2016,1.4 8V VHCE Flexpower
TT-0037,Chevrolet,Celta,1ª geração,2000,2003,1.0 8V VHC
TT-0037,Chevrolet,Celta,1ª geração,2000,2003,1.4 8V VHC
TT-0037,Chevrolet,Celta,Facelift,2003,2006,1.0 8V VHC
TT-0037,Chevrolet,Celta,Facelift,2003,2006,1.4 8V VHC
TT-0037,Chevrolet,Celta,2ª geração,2006,2011,1.0 8V VHCE
TT-0037,Chevrolet,Celta,2ª geração,2006,2011,1.4 8V VHCE Flexpower
TT-0037,Chevrolet,Celta,Final,2011,2016,1.0 8V VHCE
TT-0037,Chevrolet,Celta,Final,2011,2016,1.4 8V VHCE Flexpower
AN-0053,Chevrolet,Corsa,1ª geração,1994,2000,1.0 8V VHC
AN-0053,Chevrolet,Corsa,1ª geração,1994,2000,1.6 8V VHC
AN-0053,Chevrolet,Corsa,2ª geração,2000,2002,1.0 8V VHC
AN-0053,Chevrolet,Corsa,2ª geração,2000,2002,1.6 8V VHC
AN-0053,Chevrolet,Corsa,Facelift,2002,2007,1.0 8V VHC
AN-0053,Chevrolet,Corsa,Facelift,2002,2007,1.4 8V VHC
AN-0053,Chevrolet,Corsa,Facelift,2002,2007,1.8 8V
AN-0053,Chevrolet,Corsa,Final,2007,2012,1.0 8V VHCE
AN-0053,Chevrolet,Corsa,Final,2007,2012,1.4 8V VHCE Flexpower
JG-0039,Chevrolet,Corsa,1ª geração,1994,2000,1.0 8V VHC
JG-0039,Chevrolet,Corsa,1ª geração,1994,2000,1.6 8V VHC
JG-0039,Chevrolet,Corsa,2ª geração,2000,2002,1.0 8V VHC
JG-0039,Chevrolet,Corsa,2ª geração,2000,2002,1.6 8V VHC
JG-0039,Chevrolet,Corsa,Facelift,2002,2007,1.0 8V VHC
JG-0039,Chevrolet,Corsa,Facelift,2002,2007,1.4 8V VHC
JG-0039,Chevrolet,Corsa,Facelift,2002,2007,1.8 8V
JG-0039,Chevrolet,Corsa,Final,2007,2012,1.0 8V VHCE
JG-0039,Chevrolet,Corsa,Final,2007,2012,1.4 8V VHCE Flexpower
JG-0040,Chevrolet,Corsa,1ª geração,1994,2000,1.0 8V VHC
JG-0040,Chevrolet,Corsa,1ª geração,1994,2000,1.6 8V VHC
JG-0040,Chevrolet,Corsa,2ª geração,2000,2002,1.0 8V VHC
JG-0040,Chevrolet,Corsa,2ª geração,2000,2002,1.6 8V VHC
JG-0040,Chevrolet,Corsa,Facelift,2002,2007,1.0 8V VHC
JG-0040,Chevrolet,Corsa,Facelift,2002,2007,1.4 8V VHC
JG-0040,Chevrolet,Corsa,Facelift,2002,2007,1.8 8V
JG-0040,Chevrolet,Corsa,Final,2007,2012,1.0 8V VHCE
JG-0040,Chevrolet,Corsa,Final,2007,2012,1.4 8V VHCE Flexpower
PJ-0048,Chevrolet,Corsa,1ª geração,1994,2000,1.0 8V VHC
PJ-0048,Chevrolet,Corsa,1ª geração,1994,2000,1.6 8V VHC
PJ-0048,Chevrolet,Corsa,2ª geração,2000,2002,1.0 8V VHC
PJ-0048,Chevrolet,Corsa,2ª geração,2000,2002,1.6 8V VHC
PJ-0048,Chevrolet,Corsa,Facelift,2002,2007,1.0 8V VHC
PJ-0048,Chevrolet,Corsa,Facelift,2002,2007,1.4 8V VHC
PJ-0048,Chevrolet,Corsa,Facelift,2002,2007,1.8 8V
PJ-0048,Chevrolet,Corsa,Final,2007,2012,1.0 8V VHCE
PJ-0048,Chevrolet,Corsa,Final,2007,2012,1.4 8V VHCE Flexpower
AN-0054,Chevrolet,Corsa,1ª geração,1994,2000,1.0 8V VHC
AN-0054,Chevrolet,Corsa,1ª geração,1994,2000,1.6 8V VHC
AN-0054,Chevrolet,Corsa,2ª geração,2000,2002,1.0 8V VHC
AN-0054,Chevrolet,Corsa,2ª geração,2000,2002,1.6 8V VHC
AN-0054,Chevrolet,Corsa,Facelift,2002,2007,1.0 8V VHC
AN-0054,Chevrolet,Corsa,Facelift,2002,2007,1.4 8V VHC
AN-0054,Chevrolet,Corsa,Facelift,2002,2007,1.8 8V
AN-0054,Chevrolet,Corsa,Final,2007,2012,1.0 8V VHCE
AN-0054,Chevrolet,Corsa,Final,2007,2012,1.4 8V VHCE Flexpower
AN-0055,Chevrolet,Classic,Lançamento,2003,2005,1.0 8V VHC
AN-0055,Chevrolet,Classic,Lançamento,2003,2005,1.4 8V VHC
AN-0055,Chevrolet,Classic,Facelift 1,2005,2010,1.0 8V VHC
AN-0055,Chevrolet,Classic,Facelift 1,2005,2010,1.4 8V VHC
AN-0055,Chevrolet,Classic,Facelift 2,2010,2014,1.0 8V VHCE Economy
AN-0055,Chevrolet,Classic,Facelift 2,2010,2014,1.4 8V VHCE Flexpower
AN-0055,Chevrolet,Classic,Final,2014,2016,1.0 8V VHCE Economy
AN-0055,Chevrolet,Classic,Final,2014,2016,1.4 8V VHCE Flexpower
JG-0041,Chevrolet,Classic,Lançamento,2003,2005,1.0 8V VHC
JG-0041,Chevrolet,Classic,Lançamento,2003,2005,1.4 8V VHC
JG-0041,Chevrolet,Classic,Facelift 1,2005,2010,1.0 8V VHC
JG-0041,Chevrolet,Classic,Facelift 1,2005,2010,1.4 8V VHC
JG-0041,Chevrolet,Classic,Facelift 2,2010,2014,1.0 8V VHCE Economy
JG-0041,Chevrolet,Classic,Facelift 2,2010,2014,1.4 8V VHCE Flexpower
JG-0041,Chevrolet,Classic,Final,2014,2016,1.0 8V VHCE Economy
JG-0041,Chevrolet,Classic,Final,2014,2016,1.4 8V VHCE Flexpower
PJ-0049,Chevrolet,Classic,Lançamento,2003,2005,1.0 8V VHC
PJ-0049,Chevrolet,Classic,Lançamento,2003,2005,1.4 8V VHC
PJ-0049,Chevrolet,Classic,Facelift 1,2005,2010,1.0 8V VHC
PJ-0049,Chevrolet,Classic,Facelift 1,2005,2010,1.4 8V VHC
PJ-0049,Chevrolet,Classic,Facelift 2,2010,2014,1.0 8V VHCE Economy
PJ-0049,Chevrolet,Classic,Facelift 2,2010,2014,1.4 8V VHCE Flexpower
PJ-0049,Chevrolet,Classic,Final,2014,2016,1.0 8V VHCE Economy
PJ-0049,Chevrolet,Classic,Final,2014,2016,1.4 8V VHCE Flexpower
IB-0040,Chevrolet,Classic,Lançamento,2003,2005,1.0 8V VHC
IB-0040,Chevrolet,Classic,Lançamento,2003,2005,1.4 8V VHC
IB-0040,Chevrolet,Classic,Facelift 1,2005,2010,1.0 8V VHC
IB-0040,Chevrolet,Classic,Facelift 1,2005,2010,1.4 8V VHC
IB-0040,Chevrolet,Classic,Facelift 2,2010,2014,1.0 8V VHCE Economy
IB-0040,Chevrolet,Classic,Facelift 2,2010,2014,1.4 8V VHCE Flexpower
IB-0040,Chevrolet,Classic,Final,2014,2016,1.0 8V VHCE Economy
IB-0040,Chevrolet,Classic,Final,2014,2016,1.4 8V VHCE Flexpower
JG-0042,Chevrolet,Classic,Lançamento,2003,2005,1.0 8V VHC
JG-0042,Chevrolet,Classic,Lançamento,2003,2005,1.4 8V VHC
JG-0042,Chevrolet,Classic,Facelift 1,2005,2010,1.0 8V VHC
JG-0042,Chevrolet,Classic,Facelift 1,2005,2010,1.4 8V VHC
JG-0042,Chevrolet,Classic,Facelift 2,2010,2014,1.0 8V VHCE Economy
JG-0042,Chevrolet,Classic,Facelift 2,2010,2014,1.4 8V VHCE Flexpower
JG-0042,Chevrolet,Classic,Final,2014,2016,1.0 8V VHCE Economy
JG-0042,Chevrolet,Classic,Final,2014,2016,1.4 8V VHCE Flexpower
VG-0033,Chevrolet,Classic,Lançamento,2003,2005,1.0 8V VHC
VG-0033,Chevrolet,Classic,Lançamento,2003,2005,1.4 8V VHC
VG-0033,Chevrolet,Classic,Facelift 1,2005,2010,1.0 8V VHC
VG-0033,Chevrolet,Classic,Facelift 1,2005,2010,1.4 8V VHC
VG-0033,Chevrolet,Classic,Facelift 2,2010,2014,1.0 8V VHCE Economy
VG-0033,Chevrolet,Classic,Facelift 2,2010,2014,1.4 8V VHCE Flexpower
VG-0033,Chevrolet,Classic,Final,2014,2016,1.0 8V VHCE Economy
VG-0033,Chevrolet,Classic,Final,2014,2016,1.4 8V VHCE Flexpower
TT-0038,Chevrolet,Onix,1ª geração,2012,2015,1.0 SPE4
TT-0038,Chevrolet,Onix,1ª geração,2012,2015,1.4 SPE4
TT-0038,Chevrolet,Onix,Facelift,2015,2019,1.0 SPE4
TT-0038,Chevrolet,Onix,Facelift,2015,2019,1.4 SPE4
TT-0038,Chevrolet,Onix,2ª geração,2019,2022,1.0 Turbo Family 0
TT-0038,Chevrolet,Onix,2ª geração,2019,2022,1.0 Aspirado Family 0
TT-0038,Chevrolet,Onix,Atual,2022,2023,1.0 Turbo Family 0
TT-0038,Chevrolet,Onix,Atual,2022,2023,1.0 Aspirado Family 0
AN-0056,Chevrolet,Onix,1ª geração,2012,2015,1.0 SPE4
AN-0056,Chevrolet,Onix,1ª geração,2012,2015,1.4 SPE4
AN-0056,Chevrolet,Onix,Facelift,2015,2019,1.0 SPE4
AN-0056,Chevrolet,Onix,Facelift,2015,2019,1.4 SPE4
AN-0056,Chevrolet,Onix,2ª geração,2019,2022,1.0 Turbo Family 0
AN-0056,Chevrolet,Onix,2ª geração,2019,2022,1.0 Aspirado Family 0
AN-0056,Chevrolet,Onix,Atual,2022,2023,1.0 Turbo Family 0
AN-0056,Chevrolet,Onix,Atual,2022,2023,1.0 Aspirado Family 0
IB-0041,Chevrolet,Onix,1ª geração,2012,2015,1.0 SPE4
IB-0041,Chevrolet,Onix,1ª geração,2012,2015,1.4 SPE4
IB-0041,Chevrolet,Onix,Facelift,2015,2019,1.0 SPE4
IB-0041,Chevrolet,Onix,Facelift,2015,2019,1.4 SPE4
IB-0041,Chevrolet,Onix,2ª geração,2019,2022,1.0 Turbo Family 0
IB-0041,Chevrolet,Onix,2ª geração,2019,2022,1.0 Aspirado Family 0
IB-0041,Chevrolet,Onix,Atual,2022,2023,1.0 Turbo Family 0
IB-0041,Chevrolet,Onix,Atual,2022,2023,1.0 Aspirado Family 0
IB-0042,Chevrolet,Onix,1ª geração,2012,2015,1.0 SPE4
IB-0042,Chevrolet,Onix,1ª geração,2012,2015,1.4 SPE4
IB-0042,Chevrolet,Onix,Facelift,2015,2019,1.0 SPE4
IB-0042,Chevrolet,Onix,Facelift,2015,2019,1.4 SPE4
IB-0042,Chevrolet,Onix,2ª geração,2019,2022,1.0 Turbo Family 0
IB-0042,Chevrolet,Onix,2ª geração,2019,2022,1.0 Aspirado Family 0
IB-0042,Chevrolet,Onix,Atual,2022,2023,1.0 Turbo Family 0
IB-0042,Chevrolet,Onix,Atual,2022,2023,1.0 Aspirado Family 0
AN-0057,Chevrolet,Onix,1ª geração,2012,2015,1.0 SPE4
AN-0057,Chevrolet,Onix,1ª geração,2012,2015,1.4 SPE4
AN-0057,Chevrolet,Onix,Facelift,2015,2019,1.0 SPE4
AN-0057,Chevrolet,Onix,Facelift,2015,2019,1.4 SPE4
AN-0057,Chevrolet,Onix,2ª geração,2019,2022,1.0 Turbo Family 0
AN-0057,Chevrolet,Onix,2ª geração,2019,2022,1.0 Aspirado Family 0
AN-0057,Chevrolet,Onix,Atual,2022,2023,1.0 Turbo Family 0
AN-0057,Chevrolet,Onix,Atual,2022,2023,1.0 Aspirado Family 0
TT-0039,Chevrolet,Prisma,1ª geração,2006,2013,1.0 8V VHCE
TT-0039,Chevrolet,Prisma,1ª geração,2006,2013,1.4 8V VHCE Flexpower
TT-0039,Chevrolet,Prisma,2ª geração,2013,2016,1.0 SPE4
TT-0039,Chevrolet,Prisma,2ª geração,2013,2016,1.4 SPE4
TT-0039,Chevrolet,Prisma,Facelift,2016,2019,1.0 SPE4
TT-0039,Chevrolet,Prisma,Facelift,2016,2019,1.4 SPE4
TT-0039,Chevrolet,Prisma,Final,2019,2021,1.0 SPE4
TT-0039,Chevrolet,Prisma,Final,2019,2021,1.4 SPE4
JG-0043,Chevrolet,Prisma,1ª geração,2006,2013,1.0 8V VHCE
JG-0043,Chevrolet,Prisma,1ª geração,2006,2013,1.4 8V VHCE Flexpower
JG-0043,Chevrolet,Prisma,2ª geração,2013,2016,1.0 SPE4
JG-0043,Chevrolet,Prisma,2ª geração,2013,2016,1.4 SPE4
JG-0043,Chevrolet,Prisma,Facelift,2016,2019,1.0 SPE4
JG-0043,Chevrolet,Prisma,Facelift,2016,2019,1.4 SPE4
JG-0043,Chevrolet,Prisma,Final,2019,2021,1.0 SPE4
JG-0043,Chevrolet,Prisma,Final,2019,2021,1.4 SPE4
TT-0040,Chevrolet,Prisma,1ª geração,2006,2013,1.0 8V VHCE
TT-0040,Chevrolet,Prisma,1ª geração,2006,2013,1.4 8V VHCE Flexpower
TT-0040,Chevrolet,Prisma,2ª geração,2013,2016,1.0 SPE4
TT-0040,Chevrolet,Prisma,2ª geração,2013,2016,1.4 SPE4
TT-0040,Chevrolet,Prisma,Facelift,2016,2019,1.0 SPE4
TT-0040,Chevrolet,Prisma,Facelift,2016,2019,1.4 SPE4
TT-0040,Chevrolet,Prisma,Final,2019,2021,1.0 SPE4
TT-0040,Chevrolet,Prisma,Final,2019,2021,1.4 SPE4
PJ-0050,Chevrolet,Prisma,1ª geração,2006,2013,1.0 8V VHCE
PJ-0050,Chevrolet,Prisma,1ª geração,2006,2013,1.4 8V VHCE Flexpower
PJ-0050,Chevrolet,Prisma,2ª geração,2013,2016,1.0 SPE4
PJ-0050,Chevrolet,Prisma,2ª geração,2013,2016,1.4 SPE4
PJ-0050,Chevrolet,Prisma,Facelift,2016,2019,1.0 SPE4
PJ-0050,Chevrolet,Prisma,Facelift,2016,2019,1.4 SPE4
PJ-0050,Chevrolet,Prisma,Final,2019,2021,1.0 SPE4
PJ-0050,Chevrolet,Prisma,Final,2019,2021,1.4 SPE4
PJ-0051,Ford,Ka,1ª geração,1997,2000,1.0 Zetec Rocam
PJ-0051,Ford,Ka,1ª geração,1997,2000,1.3 Zetec Rocam
PJ-0051,Ford,Ka,Facelift,2000,2007,1.0 Zetec Rocam
PJ-0051,Ford,Ka,Facelift,2000,2007,1.6 Zetec Rocam
PJ-0051,Ford,Ka,Nova geração,2014,2017,1.0 Ti-VCT Dragon
PJ-0051,Ford,Ka,Nova geração,2014,2017,1.5 Ti-VCT Dragon
PJ-0051,Ford,Ka,Facelift atual,2017,2021,1.0 Ti-VCT Dragon
PJ-0051,Ford,Ka,Facelift atual,2017,2021,1.5 Ti-VCT Dragon
IB-0043,Ford,Ka,1ª geração,1997,2000,1.0 Zetec Rocam
IB-0043,Ford,Ka,1ª geração,1997,2000,1.3 Zetec Rocam
IB-0043,Ford,Ka,Facelift,2000,2007,1.0 Zetec Rocam
IB-0043,Ford,Ka,Facelift,2000,2007,1.6 Zetec Rocam
IB-0043,Ford,Ka,Nova geração,2014,2017,1.0 Ti-VCT Dragon
IB-0043,Ford,Ka,Nova geração,2014,2017,1.5 Ti-VCT Dragon
IB-0043,Ford,Ka,Facelift atual,2017,2021,1.0 Ti-VCT Dragon
IB-0043,Ford,Ka,Facelift atual,2017,2021,1.5 Ti-VCT Dragon
IB-0044,Ford,Ka,1ª geração,1997,2000,1.0 Zetec Rocam
IB-0044,Ford,Ka,1ª geração,1997,2000,1.3 Zetec Rocam
IB-0044,Ford,Ka,Facelift,2000,2007,1.0 Zetec Rocam
IB-0044,Ford,Ka,Facelift,2000,2007,1.6 Zetec Rocam
IB-0044,Ford,Ka,Nova geração,2014,2017,1.0 Ti-VCT Dragon
IB-0044,Ford,Ka,Nova geração,2014,2017,1.5 Ti-VCT Dragon
IB-0044,Ford,Ka,Facelift atual,2017,2021,1.0 Ti-VCT Dragon
IB-0044,Ford,Ka,Facelift atual,2017,2021,1.5 Ti-VCT Dragon
TT-0041,Ford,Ka,1ª geração,1997,2000,1.0 Zetec Rocam
TT-0041,Ford,Ka,1ª geração,1997,2000,1.3 Zetec Rocam
TT-0041,Ford,Ka,Facelift,2000,2007,1.0 Zetec Rocam
TT-0041,Ford,Ka,Facelift,2000,2007,1.6 Zetec Rocam
TT-0041,Ford,Ka,Nova geração,2014,2017,1.0 Ti-VCT Dragon
TT-0041,Ford,Ka,Nova geração,2014,2017,1.5 Ti-VCT Dragon
TT-0041,Ford,Ka,Facelift atual,2017,2021,1.0 Ti-VCT Dragon
TT-0041,Ford,Ka,Facelift atual,2017,2021,1.5 Ti-VCT Dragon
TT-0042,Ford,Ka,1ª geração,1997,2000,1.0 Zetec Rocam
TT-0042,Ford,Ka,1ª geração,1997,2000,1.3 Zetec Rocam
TT-0042,Ford,Ka,Facelift,2000,2007,1.0 Zetec Rocam
TT-0042,Ford,Ka,Facelift,2000,2007,1.6 Zetec Rocam
TT-0042,Ford,Ka,Nova geração,2014,2017,1.0 Ti-VCT Dragon
TT-0042,Ford,Ka,Nova geração,2014,2017,1.5 Ti-VCT Dragon
TT-0042,Ford,Ka,Facelift atual,2017,2021,1.0 Ti-VCT Dragon
TT-0042,Ford,Ka,Facelift atual,2017,2021,1.5 Ti-VCT Dragon
TT-0043,Ford,Ka,1ª geração,1997,2000,1.0 Zetec Rocam
TT-0043,Ford,Ka,1ª geração,1997,2000,1.3 Zetec Rocam
TT-0043,Ford,Ka,Facelift,2000,2007,1.0 Zetec Rocam
TT-0043,Ford,Ka,Facelift,2000,2007,1.6 Zetec Rocam
TT-0043,Ford,Ka,Nova geração,2014,2017,1.0 Ti-VCT Dragon
TT-0043,Ford,Ka,Nova geração,2014,2017,1.5 Ti-VCT Dragon
TT-0043,Ford,Ka,Facelift atual,2017,2021,1.0 Ti-VCT Dragon
TT-0043,Ford,Ka,Facelift atual,2017,2021,1.5 Ti-VCT Dragon
AN-0058,Ford,Fiesta,1ª geração BR,2002,2005,1.0 Zetec Rocam
AN-0058,Ford,Fiesta,1ª geração BR,2002,2005,1.6 Zetec Rocam
AN-0058,Ford,Fiesta,2ª geração BR,2005,2012,1.0 Zetec Rocam
AN-0058,Ford,Fiesta,2ª geração BR,2005,2012,1.6 Zetec Rocam
AN-0058,Ford,Fiesta,Nova geração,2013,2017,1.6 Ti-VCT
AN-0058,Ford,Fiesta,Nova geração,2013,2017,1.0 EcoBoost
AN-0058,Ford,Fiesta,Final,2017,2019,1.6 Ti-VCT
AN-0058,Ford,Fiesta,Final,2017,2019,1.0 EcoBoost
JG-0044,Ford,Fiesta,1ª geração BR,2002,2005,1.0 Zetec Rocam
JG-0044,Ford,Fiesta,1ª geração BR,2002,2005,1.6 Zetec Rocam
JG-0044,Ford,Fiesta,2ª geração BR,2005,2012,1.0 Zetec Rocam
JG-0044,Ford,Fiesta,2ª geração BR,2005,2012,1.6 Zetec Rocam
JG-0044,Ford,Fiesta,Nova geração,2013,2017,1.6 Ti-VCT
JG-0044,Ford,Fiesta,Nova geração,2013,2017,1.0 EcoBoost
JG-0044,Ford,Fiesta,Final,2017,2019,1.6 Ti-VCT
JG-0044,Ford,Fiesta,Final,2017,2019,1.0 EcoBoost
PJ-0052,Ford,Fiesta,1ª geração BR,2002,2005,1.0 Zetec Rocam
PJ-0052,Ford,Fiesta,1ª geração BR,2002,2005,1.6 Zetec Rocam
PJ-0052,Ford,Fiesta,2ª geração BR,2005,2012,1.0 Zetec Rocam
PJ-0052,Ford,Fiesta,2ª geração BR,2005,2012,1.6 Zetec Rocam
PJ-0052,Ford,Fiesta,Nova geração,2013,2017,1.6 Ti-VCT
PJ-0052,Ford,Fiesta,Nova geração,2013,2017,1.0 EcoBoost
PJ-0052,Ford,Fiesta,Final,2017,2019,1.6 Ti-VCT
PJ-0052,Ford,Fiesta,Final,2017,2019,1.0 EcoBoost
TT-0044,Ford,Fiesta,1ª geração BR,2002,2005,1.0 Zetec Rocam
TT-0044,Ford,Fiesta,1ª geração BR,2002,2005,1.6 Zetec Rocam
TT-0044,Ford,Fiesta,2ª geração BR,2005,2012,1.0 Zetec Rocam
TT-0044,Ford,Fiesta,2ª geração BR,2005,2012,1.6 Zetec Rocam
TT-0044,Ford,Fiesta,Nova geração,2013,2017,1.6 Ti-VCT
TT-0044,Ford,Fiesta,Nova geração,2013,2017,1.0 EcoBoost
TT-0044,Ford,Fiesta,Final,2017,2019,1.6 Ti-VCT
TT-0044,Ford,Fiesta,Final,2017,2019,1.0 EcoBoost
PJ-0053,Ford,EcoSport,1ª geração,2003,2007,1.6 Zetec Rocam
PJ-0053,Ford,EcoSport,1ª geração,2003,2007,2.0 Zetec
PJ-0053,Ford,EcoSport,Facelift,2007,2012,1.6 Zetec Rocam
PJ-0053,Ford,EcoSport,Facelift,2007,2012,2.0 Duratec
PJ-0053,Ford,EcoSport,2ª geração,2012,2017,1.6 Ti-VCT
PJ-0053,Ford,EcoSport,2ª geração,2012,2017,2.0 Ti-VCT
PJ-0053,Ford,EcoSport,Final,2017,2021,1.5 Ti-VCT
PJ-0053,Ford,EcoSport,Final,2017,2021,2.0 Ti-VCT AWD
AN-0059,Ford,EcoSport,1ª geração,2003,2007,1.6 Zetec Rocam
AN-0059,Ford,EcoSport,1ª geração,2003,2007,2.0 Zetec
AN-0059,Ford,EcoSport,Facelift,2007,2012,1.6 Zetec Rocam
AN-0059,Ford,EcoSport,Facelift,2007,2012,2.0 Duratec
AN-0059,Ford,EcoSport,2ª geração,2012,2017,1.6 Ti-VCT
AN-0059,Ford,EcoSport,2ª geração,2012,2017,2.0 Ti-VCT
AN-0059,Ford,EcoSport,Final,2017,2021,1.5 Ti-VCT
AN-0059,Ford,EcoSport,Final,2017,2021,2.0 Ti-VCT AWD
VG-0034,Ford,EcoSport,1ª geração,2003,2007,1.6 Zetec Rocam
VG-0034,Ford,EcoSport,1ª geração,2003,2007,2.0 Zetec
VG-0034,Ford,EcoSport,Facelift,2007,2012,1.6 Zetec Rocam
VG-0034,Ford,EcoSport,Facelift,2007,2012,2.0 Duratec
VG-0034,Ford,EcoSport,2ª geração,2012,2017,1.6 Ti-VCT
VG-0034,Ford,EcoSport,2ª geração,2012,2017,2.0 Ti-VCT
VG-0034,Ford,EcoSport,Final,2017,2021,1.5 Ti-VCT
VG-0034,Ford,EcoSport,Final,2017,2021,2.0 Ti-VCT AWD
IB-0045,Ford,EcoSport,1ª geração,2003,2007,1.6 Zetec Rocam
IB-0045,Ford,EcoSport,1ª geração,2003,2007,2.0 Zetec
IB-0045,Ford,EcoSport,Facelift,2007,2012,1.6 Zetec Rocam
IB-0045,Ford,EcoSport,Facelift,2007,2012,2.0 Duratec
IB-0045,Ford,EcoSport,2ª geração,2012,2017,1.6 Ti-VCT
IB-0045,Ford,EcoSport,2ª geração,2012,2017,2.0 Ti-VCT
IB-0045,Ford,EcoSport,Final,2017,2021,1.5 Ti-VCT
IB-0045,Ford,EcoSport,Final,2017,2021,2.0 Ti-VCT AWD
VG-0035,Renault,Sandero,1ª geração,2007,2011,1.0 16V Energy
VG-0035,Renault,Sandero,1ª geração,2007,2011,1.6 16V Energy
VG-0035,Renault,Sandero,Facelift,2011,2014,1.0 16V Energy
VG-0035,Renault,Sandero,Facelift,2011,2014,1.6 16V Energy
VG-0035,Renault,Sandero,2ª geração,2014,2017,1.0 12V SCe
VG-0035,Renault,Sandero,2ª geração,2014,2017,1.6 16V Energy
VG-0035,Renault,Sandero,Final,2017,2020,1.0 12V SCe
VG-0035,Renault,Sandero,Final,2017,2020,1.6 16V SCe
IB-0046,Renault,Sandero,1ª geração,2007,2011,1.0 16V Energy
IB-0046,Renault,Sandero,1ª geração,2007,2011,1.6 16V Energy
IB-0046,Renault,Sandero,Facelift,2011,2014,1.0 16V Energy
IB-0046,Renault,Sandero,Facelift,2011,2014,1.6 16V Energy
IB-0046,Renault,Sandero,2ª geração,2014,2017,1.0 12V SCe
IB-0046,Renault,Sandero,2ª geração,2014,2017,1.6 16V Energy
IB-0046,Renault,Sandero,Final,2017,2020,1.0 12V SCe
IB-0046,Renault,Sandero,Final,2017,2020,1.6 16V SCe
TT-0045,Renault,Sandero,1ª geração,2007,2011,1.0 16V Energy
TT-0045,Renault,Sandero,1ª geração,2007,2011,1.6 16V Energy
TT-0045,Renault,Sandero,Facelift,2011,2014,1.0 16V Energy
TT-0045,Renault,Sandero,Facelift,2011,2014,1.6 16V Energy
TT-0045,Renault,Sandero,2ª geração,2014,2017,1.0 12V SCe
TT-0045,Renault,Sandero,2ª geração,2014,2017,1.6 16V Energy
TT-0045,Renault,Sandero,Final,2017,2020,1.0 12V SCe
TT-0045,Renault,Sandero,Final,2017,2020,1.6 16V SCe
TT-0046,Renault,Sandero,1ª geração,2007,2011,1.0 16V Energy
TT-0046,Renault,Sandero,1ª geração,2007,2011,1.6 16V Energy
TT-0046,Renault,Sandero,Facelift,2011,2014,1.0 16V Energy
TT-0046,Renault,Sandero,Facelift,2011,2014,1.6 16V Energy
TT-0046,Renault,Sandero,2ª geração,2014,2017,1.0 12V SCe
TT-0046,Renault,Sandero,2ª geração,2014,2017,1.6 16V Energy
TT-0046,Renault,Sandero,Final,2017,2020,1.0 12V SCe
TT-0046,Renault,Sandero,Final,2017,2020,1.6 16V SCe
JG-0045,Renault,Sandero,1ª geração,2007,2011,1.0 16V Energy
JG-0045,Renault,Sandero,1ª geração,2007,2011,1.6 16V Energy
JG-0045,Renault,Sandero,Facelift,2011,2014,1.0 16V Energy
JG-0045,Renault,Sandero,Facelift,2011,2014,1.6 16V Energy
JG-0045,Renault,Sandero,2ª geração,2014,2017,1.0 12V SCe
JG-0045,Renault,Sandero,2ª geração,2014,2017,1.6 16V Energy
JG-0045,Renault,Sandero,Final,2017,2020,1.0 12V SCe
JG-0045,Renault,Sandero,Final,2017,2020,1.6 16V SCe
IB-0047,Renault,Sandero,1ª geração,2007,2011,1.0 16V Energy
IB-0047,Renault,Sandero,1ª geração,2007,2011,1.6 16V Energy
IB-0047,Renault,Sandero,Facelift,2011,2014,1.0 16V Energy
IB-0047,Renault,Sandero,Facelift,2011,2014,1.6 16V Energy
IB-0047,Renault,Sandero,2ª geração,2014,2017,1.0 12V SCe
IB-0047,Renault,Sandero,2ª geração,2014,2017,1.6 16V Energy
IB-0047,Renault,Sandero,Final,2017,2020,1.0 12V SCe
IB-0047,Renault,Sandero,Final,2017,2020,1.6 16V SCe
VG-0036,Renault,Sandero,1ª geração,2007,2011,1.0 16V Energy
VG-0036,Renault,Sandero,1ª geração,2007,2011,1.6 16V Energy
VG-0036,Renault,Sandero,Facelift,2011,2014,1.0 16V Energy
VG-0036,Renault,Sandero,Facelift,2011,2014,1.6 16V Energy
VG-0036,Renault,Sandero,2ª geração,2014,2017,1.0 12V SCe
VG-0036,Renault,Sandero,2ª geração,2014,2017,1.6 16V Energy
VG-0036,Renault,Sandero,Final,2017,2020,1.0 12V SCe
VG-0036,Renault,Sandero,Final,2017,2020,1.6 16V SCe
TT-0047,Renault,Logan,1ª geração,2007,2011,1.0 16V Energy
TT-0047,Renault,Logan,1ª geração,2007,2011,1.6 16V Energy
TT-0047,Renault,Logan,Facelift,2011,2013,1.0 16V Energy
TT-0047,Renault,Logan,Facelift,2011,2013,1.6 16V Energy
TT-0047,Renault,Logan,2ª geração,2013,2017,1.0 12V SCe
TT-0047,Renault,Logan,2ª geração,2013,2017,1.6 16V Energy
TT-0047,Renault,Logan,Final,2017,2021,1.0 12V SCe
TT-0047,Renault,Logan,Final,2017,2021,1.6 16V SCe
TT-0048,Renault,Logan,1ª geração,2007,2011,1.0 16V Energy
TT-0048,Renault,Logan,1ª geração,2007,2011,1.6 16V Energy
TT-0048,Renault,Logan,Facelift,2011,2013,1.0 16V Energy
TT-0048,Renault,Logan,Facelift,2011,2013,1.6 16V Energy
TT-0048,Renault,Logan,2ª geração,2013,2017,1.0 12V SCe
TT-0048,Renault,Logan,2ª geração,2013,2017,1.6 16V Energy
TT-0048,Renault,Logan,Final,2017,2021,1.0 12V SCe
TT-0048,Renault,Logan,Final,2017,2021,1.6 16V SCe
JG-0046,Renault,Logan,1ª geração,2007,2011,1.0 16V Energy
JG-0046,Renault,Logan,1ª geração,2007,2011,1.6 16V Energy
JG-0046,Renault,Logan,Facelift,2011,2013,1.0 16V Energy
JG-0046,Renault,Logan,Facelift,2011,2013,1.6 16V Energy
JG-0046,Renault,Logan,2ª geração,2013,2017,1.0 12V SCe
JG-0046,Renault,Logan,2ª geração,2013,2017,1.6 16V Energy
JG-0046,Renault,Logan,Final,2017,2021,1.0 12V SCe
JG-0046,Renault,Logan,Final,2017,2021,1.6 16V SCe
IB-0048,Renault,Logan,1ª geração,2007,2011,1.0 16V Energy
IB-0048,Renault,Logan,1ª geração,2007,2011,1.6 16V Energy
IB-0048,Renault,Logan,Facelift,2011,2013,1.0 16V Energy
IB-0048,Renault,Logan,Facelift,2011,2013,1.6 16V Energy
IB-0048,Renault,Logan,2ª geração,2013,2017,1.0 12V SCe
IB-0048,Renault,Logan,2ª geração,2013,2017,1.6 16V Energy
IB-0048,Renault,Logan,Final,2017,2021,1.0 12V SCe
IB-0048,Renault,Logan,Final,2017,2021,1.6 16V SCe
TT-0049,Renault,Logan,1ª geração,2007,2011,1.0 16V Energy
TT-0049,Renault,Logan,1ª geração,2007,2011,1.6 16V Energy
TT-0049,Renault,Logan,Facelift,2011,2013,1.0 16V Energy
TT-0049,Renault,Logan,Facelift,2011,2013,1.6 16V Energy
TT-0049,Renault,Logan,2ª geração,2013,2017,1.0 12V SCe
TT-0049,Renault,Logan,2ª geração,2013,2017,1.6 16V Energy
TT-0049,Renault,Logan,Final,2017,2021,1.0 12V SCe
TT-0049,Renault,Logan,Final,2017,2021,1.6 16V SCe
JG-0047,Renault,Duster,1ª geração,2011,2015,1.6 16V Energy
JG-0047,Renault,Duster,1ª geração,2011,2015,2.0 16V
JG-0047,Renault,Duster,Facelift,2015,2019,1.6 16V SCe
JG-0047,Renault,Duster,Facelift,2015,2019,2.0 16V
JG-0047,Renault,Duster,2ª geração,2019,2021,1.6 16V SCe
JG-0047,Renault,Duster,2ª geração,2019,2021,2.0 16V
JG-0047,Renault,Duster,Atual,2021,2023,1.6 16V SCe
JG-0047,Renault,Duster,Atual,2021,2023,2.0 16V
IB-0049,Renault,Duster,1ª geração,2011,2015,1.6 16V Energy
IB-0049,Renault,Duster,1ª geração,2011,2015,2.0 16V
IB-0049,Renault,Duster,Facelift,2015,2019,1.6 16V SCe
IB-0049,Renault,Duster,Facelift,2015,2019,2.0 16V
IB-0049,Renault,Duster,2ª geração,2019,2021,1.6 16V SCe
IB-0049,Renault,Duster,2ª geração,2019,2021,2.0 16V
IB-0049,Renault,Duster,Atual,2021,2023,1.6 16V SCe
IB-0049,Renault,Duster,Atual,2021,2023,2.0 16V
TT-0050,Renault,Duster,1ª geração,2011,2015,1.6 16V Energy
TT-0050,Renault,Duster,1ª geração,2011,2015,2.0 16V
TT-0050,Renault,Duster,Facelift,2015,2019,1.6 16V SCe
TT-0050,Renault,Duster,Facelift,2015,2019,2.0 16V
TT-0050,Renault,Duster,2ª geração,2019,2021,1.6 16V SCe
TT-0050,Renault,Duster,2ª geração,2019,2021,2.0 16V
TT-0050,Renault,Duster,Atual,2021,2023,1.6 16V SCe
TT-0050,Renault,Duster,Atual,2021,2023,2.0 16V
IB-0050,Renault,Duster,1ª geração,2011,2015,1.6 16V Energy
IB-0050,Renault,Duster,1ª geração,2011,2015,2.0 16V
IB-0050,Renault,Duster,Facelift,2015,2019,1.6 16V SCe
IB-0050,Renault,Duster,Facelift,2015,2019,2.0 16V
IB-0050,Renault,Duster,2ª geração,2019,2021,1.6 16V SCe
IB-0050,Renault,Duster,2ª geração,2019,2021,2.0 16V
IB-0050,Renault,Duster,Atual,2021,2023,1.6 16V SCe
IB-0050,Renault,Duster,Atual,2021,2023,2.0 16V
IB-0051,Renault,Duster,1ª geração,2011,2015,1.6 16V Energy
IB-0051,Renault,Duster,1ª geração,2011,2015,2.0 16V
IB-0051,Renault,Duster,Facelift,2015,2019,1.6 16V SCe
IB-0051,Renault,Duster,Facelift,2015,2019,2.0 16V
IB-0051,Renault,Duster,2ª geração,2019,2021,1.6 16V SCe
IB-0051,Renault,Duster,2ª geração,2019,2021,2.0 16V
IB-0051,Renault,Duster,Atual,2021,2023,1.6 16V SCe
IB-0051,Renault,Duster,Atual,2021,2023,2.0 16V
IB-0052,Renault,Duster,1ª geração,2011,2015,1.6 16V Energy
IB-0052,Renault,Duster,1ª geração,2011,2015,2.0 16V
IB-0052,Renault,Duster,Facelift,2015,2019,1.6 16V SCe
IB-0052,Renault,Duster,Facelift,2015,2019,2.0 16V
IB-0052,Renault,Duster,2ª geração,2019,2021,1.6 16V SCe
IB-0052,Renault,Duster,2ª geração,2019,2021,2.0 16V
IB-0052,Renault,Duster,Atual,2021,2023,1.6 16V SCe
IB-0052,Renault,Duster,Atual,2021,2023,2.0 16V
IB-0053,Hyundai,HB20,Lançamento,2012,2015,1.0 Kappa
IB-0053,Hyundai,HB20,Lançamento,2012,2015,1.6 Gamma
IB-0053,Hyundai,HB20,Facelift,2015,2019,1.0 Kappa
IB-0053,Hyundai,HB20,Facelift,2015,2019,1.6 Gamma
IB-0053,Hyundai,HB20,2ª geração,2019,2021,1.0 Kappa TGDI
IB-0053,Hyundai,HB20,2ª geração,2019,2021,1.6 Gamma
IB-0053,Hyundai,HB20,Atual,2021,2023,1.0 Kappa TGDI
IB-0053,Hyundai,HB20,Atual,2021,2023,1.6 Gamma
IB-0054,Hyundai,HB20,Lançamento,2012,2015,1.0 Kappa
IB-0054,Hyundai,HB20,Lançamento,2012,2015,1.6 Gamma
IB-0054,Hyundai,HB20,Facelift,2015,2019,1.0 Kappa
IB-0054,Hyundai,HB20,Facelift,2015,2019,1.6 Gamma
IB-0054,Hyundai,HB20,2ª geração,2019,2021,1.0 Kappa TGDI
IB-0054,Hyundai,HB20,2ª geração,2019,2021,1.6 Gamma
IB-0054,Hyundai,HB20,Atual,2021,2023,1.0 Kappa TGDI
IB-0054,Hyundai,HB20,Atual,2021,2023,1.6 Gamma
AN-0060,Hyundai,HB20,Lançamento,2012,2015,1.0 Kappa
AN-0060,Hyundai,HB20,Lançamento,2012,2015,1.6 Gamma
AN-0060,Hyundai,HB20,Facelift,2015,2019,1.0 Kappa
AN-0060,Hyundai,HB20,Facelift,2015,2019,1.6 Gamma
AN-0060,Hyundai,HB20,2ª geração,2019,2021,1.0 Kappa TGDI
AN-0060,Hyundai,HB20,2ª geração,2019,2021,1.6 Gamma
AN-0060,Hyundai,HB20,Atual,2021,2023,1.0 Kappa TGDI
AN-0060,Hyundai,HB20,Atual,2021,2023,1.6 Gamma
PJ-0054,Hyundai,HB20,Lançamento,2012,2015,1.0 Kappa
PJ-0054,Hyundai,HB20,Lançamento,2012,2015,1.6 Gamma
PJ-0054,Hyundai,HB20,Facelift,2015,2019,1.0 Kappa
PJ-0054,Hyundai,HB20,Facelift,2015,2019,1.6 Gamma
PJ-0054,Hyundai,HB20,2ª geração,2019,2021,1.0 Kappa TGDI
PJ-0054,Hyundai,HB20,2ª geração,2019,2021,1.6 Gamma
PJ-0054,Hyundai,HB20,Atual,2021,2023,1.0 Kappa TGDI
PJ-0054,Hyundai,HB20,Atual,2021,2023,1.6 Gamma
TT-0051,Hyundai,HB20,Lançamento,2012,2015,1.0 Kappa
TT-0051,Hyundai,HB20,Lançamento,2012,2015,1.6 Gamma
TT-0051,Hyundai,HB20,Facelift,2015,2019,1.0 Kappa
TT-0051,Hyundai,HB20,Facelift,2015,2019,1.6 Gamma
TT-0051,Hyundai,HB20,2ª geração,2019,2021,1.0 Kappa TGDI
TT-0051,Hyundai,HB20,2ª geração,2019,2021,1.6 Gamma
TT-0051,Hyundai,HB20,Atual,2021,2023,1.0 Kappa TGDI
TT-0051,Hyundai,HB20,Atual,2021,2023,1.6 Gamma
PJ-0055,Hyundai,HB20,Lançamento,2012,2015,1.0 Kappa
PJ-0055,Hyundai,HB20,Lançamento,2012,2015,1.6 Gamma
PJ-0055,Hyundai,HB20,Facelift,2015,2019,1.0 Kappa
PJ-0055,Hyundai,HB20,Facelift,2015,2019,1.6 Gamma
PJ-0055,Hyundai,HB20,2ª geração,2019,2021,1.0 Kappa TGDI
PJ-0055,Hyundai,HB20,2ª geração,2019,2021,1.6 Gamma
PJ-0055,Hyundai,HB20,Atual,2021,2023,1.0 Kappa TGDI
PJ-0055,Hyundai,HB20,Atual,2021,2023,1.6 Gamma
PJ-0056,Hyundai,HB20,Lançamento,2012,2015,1.0 Kappa
PJ-0056,Hyundai,HB20,Lançamento,2012,2015,1.6 Gamma
PJ-0056,Hyundai,HB20,Facelift,2015,2019,1.0 Kappa
PJ-0056,Hyundai,HB20,Facelift,2015,2019,1.6 Gamma
PJ-0056,Hyundai,HB20,2ª geração,2019,2021,1.0 Kappa TGDI
PJ-0056,Hyundai,HB20,2ª geração,2019,2021,1.6 Gamma
PJ-0056,Hyundai,HB20,Atual,2021,2023,1.0 Kappa TGDI
PJ-0056,Hyundai,HB20,Atual,2021,2023,1.6 Gamma
VG-0037,Toyota,Corolla,9ª geração,2003,2008,1.6 VVT-i
VG-0037,Toyota,Corolla,9ª geração,2003,2008,1.8 VVT-i
VG-0037,Toyota,Corolla,10ª geração,2008,2014,1.8 Dual VVT-i
VG-0037,Toyota,Corolla,10ª geração,2008,2014,2.0 Dual VVT-i
VG-0037,Toyota,Corolla,11ª geração,2014,2019,1.8 Dual VVT-i
VG-0037,Toyota,Corolla,11ª geração,2014,2019,2.0 Dual VVT-i
VG-0037,Toyota,Corolla,12ª geração,2019,2023,2.0 Dynamic Force
VG-0037,Toyota,Corolla,12ª geração,2019,2023,1.8 Hybrid Dynamic Force
VG-0038,Toyota,Corolla,9ª geração,2003,2008,1.6 VVT-i
VG-0038,Toyota,Corolla,9ª geração,2003,2008,1.8 VVT-i
VG-0038,Toyota,Corolla,10ª geração,2008,2014,1.8 Dual VVT-i
VG-0038,Toyota,Corolla,10ª geração,2008,2014,2.0 Dual VVT-i
VG-0038,Toyota,Corolla,11ª geração,2014,2019,1.8 Dual VVT-i
VG-0038,Toyota,Corolla,11ª geração,2014,2019,2.0 Dual VVT-i
VG-0038,Toyota,Corolla,12ª geração,2019,2023,2.0 Dynamic Force
VG-0038,Toyota,Corolla,12ª geração,2019,2023,1.8 Hybrid Dynamic Force
VG-0039,Toyota,Corolla,9ª geração,2003,2008,1.6 VVT-i
VG-0039,Toyota,Corolla,9ª geração,2003,2008,1.8 VVT-i
VG-0039,Toyota,Corolla,10ª geração,2008,2014,1.8 Dual VVT-i
VG-0039,Toyota,Corolla,10ª geração,2008,2014,2.0 Dual VVT-i
VG-0039,Toyota,Corolla,11ª geração,2014,2019,1.8 Dual VVT-i
VG-0039,Toyota,Corolla,11ª geração,2014,2019,2.0 Dual VVT-i
VG-0039,Toyota,Corolla,12ª geração,2019,2023,2.0 Dynamic Force
VG-0039,Toyota,Corolla,12ª geração,2019,2023,1.8 Hybrid Dynamic Force
IB-0055,Toyota,Corolla,9ª geração,2003,2008,1.6 VVT-i
IB-0055,Toyota,Corolla,9ª geração,2003,2008,1.8 VVT-i
IB-0055,Toyota,Corolla,10ª geração,2008,2014,1.8 Dual VVT-i
IB-0055,Toyota,Corolla,10ª geração,2008,2014,2.0 Dual VVT-i
IB-0055,Toyota,Corolla,11ª geração,2014,2019,1.8 Dual VVT-i
IB-0055,Toyota,Corolla,11ª geração,2014,2019,2.0 Dual VVT-i
IB-0055,Toyota,Corolla,12ª geração,2019,2023,2.0 Dynamic Force
IB-0055,Toyota,Corolla,12ª geração,2019,2023,1.8 Hybrid Dynamic Force
TT-0052,Honda,Civic,7ª geração,2001,2006,1.7 SOHC VTEC
TT-0052,Honda,Civic,8ª geração,2006,2011,1.8 SOHC i-VTEC
TT-0052,Honda,Civic,8ª geração,2006,2011,2.0 SOHC i-VTEC
TT-0052,Honda,Civic,9ª geração,2012,2016,1.8 SOHC i-VTEC
TT-0052,Honda,Civic,9ª geração,2012,2016,2.0 SOHC i-VTEC
TT-0052,Honda,Civic,10ª geração,2016,2021,2.0 Earth Dreams
TT-0052,Honda,Civic,10ª geração,2016,2021,1.5 Turbo Earth Dreams
JG-0048,Honda,Civic,7ª geração,2001,2006,1.7 SOHC VTEC
JG-0048,Honda,Civic,8ª geração,2006,2011,1.8 SOHC i-VTEC
JG-0048,Honda,Civic,8ª geração,2006,2011,2.0 SOHC i-VTEC
JG-0048,Honda,Civic,9ª geração,2012,2016,1.8 SOHC i-VTEC
JG-0048,Honda,Civic,9ª geração,2012,2016,2.0 SOHC i-VTEC
JG-0048,Honda,Civic,10ª geração,2016,2021,2.0 Earth Dreams
JG-0048,Honda,Civic,10ª geração,2016,2021,1.5 Turbo Earth Dreams
TT-0053,Honda,Civic,7ª geração,2001,2006,1.7 SOHC VTEC
TT-0053,Honda,Civic,8ª geração,2006,2011,1.8 SOHC i-VTEC
TT-0053,Honda,Civic,8ª geração,2006,2011,2.0 SOHC i-VTEC
TT-0053,Honda,Civic,9ª geração,2012,2016,1.8 SOHC i-VTEC
TT-0053,Honda,Civic,9ª geração,2012,2016,2.0 SOHC i-VTEC
TT-0053,Honda,Civic,10ª geração,2016,2021,2.0 Earth Dreams
TT-0053,Honda,Civic,10ª geração,2016,2021,1.5 Turbo Earth Dreams
AN-0061,Honda,Civic,7ª geração,2001,2006,1.7 SOHC VTEC
AN-0061,Honda,Civic,8ª geração,2006,2011,1.8 SOHC i-VTEC
AN-0061,Honda,Civic,8ª geração,2006,2011,2.0 SOHC i-VTEC
AN-0061,Honda,Civic,9ª geração,2012,2016,1.8 SOHC i-VTEC
AN-0061,Honda,Civic,9ª geração,2012,2016,2.0 SOHC i-VTEC
AN-0061,Honda,Civic,10ª geração,2016,2021,2.0 Earth Dreams
AN-0061,Honda,Civic,10ª geração,2016,2021,1.5 Turbo Earth Dreams
JG-0049,Honda,Civic,7ª geração,2001,2006,1.7 SOHC VTEC
JG-0049,Honda,Civic,8ª geração,2006,2011,1.8 SOHC i-VTEC
JG-0049,Honda,Civic,8ª geração,2006,2011,2.0 SOHC i-VTEC
JG-0049,Honda,Civic,9ª geração,2012,2016,1.8 SOHC i-VTEC
JG-0049,Honda,Civic,9ª geração,2012,2016,2.0 SOHC i-VTEC
JG-0049,Honda,Civic,10ª geração,2016,2021,2.0 Earth Dreams
JG-0049,Honda,Civic,10ª geração,2016,2021,1.5 Turbo Earth Dreams
AN-0062,Honda,Civic,7ª geração,2001,2006,1.7 SOHC VTEC
AN-0062,Honda,Civic,8ª geração,2006,2011,1.8 SOHC i-VTEC
AN-0062,Honda,Civic,8ª geração,2006,2011,2.0 SOHC i-VTEC
AN-0062,Honda,Civic,9ª geração,2012,2016,1.8 SOHC i-VTEC
AN-0062,Honda,Civic,9ª geração,2012,2016,2.0 SOHC i-VTEC
AN-0062,Honda,Civic,10ª geração,2016,2021,2.0 Earth Dreams
AN-0062,Honda,Civic,10ª geração,2016,2021,1.5 Turbo Earth Dreams
AN-0063,Honda,Civic,7ª geração,2001,2006,1.7 SOHC VTEC
AN-0063,Honda,Civic,8ª geração,2006,2011,1.8 SOHC i-VTEC
AN-0063,Honda,Civic,8ª geração,2006,2011,2.0 SOHC i-VTEC
AN-0063,Honda,Civic,9ª geração,2012,2016,1.8 SOHC i-VTEC
AN-0063,Honda,Civic,9ª geração,2012,2016,2.0 SOHC i-VTEC
AN-0063,Honda,Civic,10ª geração,2016,2021,2.0 Earth Dreams
AN-0063,Honda,Civic,10ª geração,2016,2021,1.5 Turbo Earth Dreams
JG-0050,Honda,Fit,1ª geração,2003,2008,1.4 SOHC i-DSI
JG-0050,Honda,Fit,1ª geração,2003,2008,1.5 SOHC VTEC
JG-0050,Honda,Fit,2ª geração,2008,2014,1.4 SOHC i-VTEC
JG-0050,Honda,Fit,2ª geração,2008,2014,1.5 SOHC i-VTEC
JG-0050,Honda,Fit,3ª geração,2015,2020,1.5 Earth Dreams
JG-0050,Honda,Fit,Final,2020,2021,1.5 Earth Dreams
IB-0056,Honda,Fit,1ª geração,2003,2008,1.4 SOHC i-DSI
IB-0056,Honda,Fit,1ª geração,2003,2008,1.5 SOHC VTEC
IB-0056,Honda,Fit,2ª geração,2008,2014,1.4 SOHC i-VTEC
IB-0056,Honda,Fit,2ª geração,2008,2014,1.5 SOHC i-VTEC
IB-0056,Honda,Fit,3ª geração,2015,2020,1.5 Earth Dreams
IB-0056,Honda,Fit,Final,2020,2021,1.5 Earth Dreams
JG-0051,Honda,Fit,1ª geração,2003,2008,1.4 SOHC i-DSI
JG-0051,Honda,Fit,1ª geração,2003,2008,1.5 SOHC VTEC
JG-0051,Honda,Fit,2ª geração,2008,2014,1.4 SOHC i-VTEC
JG-0051,Honda,Fit,2ª geração,2008,2014,1.5 SOHC i-VTEC
JG-0051,Honda,Fit,3ª geração,2015,2020,1.5 Earth Dreams
JG-0051,Honda,Fit,Final,2020,2021,1.5 Earth Dreams
VG-0040,Honda,Fit,1ª geração,2003,2008,1.4 SOHC i-DSI
VG-0040,Honda,Fit,1ª geração,2003,2008,1.5 SOHC VTEC
VG-0040,Honda,Fit,2ª geração,2008,2014,1.4 SOHC i-VTEC
VG-0040,Honda,Fit,2ª geração,2008,2014,1.5 SOHC i-VTEC
VG-0040,Honda,Fit,3ª geração,2015,2020,1.5 Earth Dreams
VG-0040,Honda,Fit,Final,2020,2021,1.5 Earth Dreams
PJ-0057,Volkswagen,Up!,Lançamento,2014,2016,1.0 12V MPI EA111
PJ-0057,Volkswagen,Up!,Lançamento,2014,2016,1.0 12V TSI EA111
PJ-0057,Volkswagen,Up!,Facelift,2016,2019,1.0 12V MPI EA111
PJ-0057,Volkswagen,Up!,Facelift,2016,2019,1.0 12V TSI EA111
PJ-0057,Volkswagen,Up!,2ª fase,2019,2021,1.0 12V MPI EA211
PJ-0057,Volkswagen,Up!,2ª fase,2019,2021,1.0 12V TSI EA211
PJ-0057,Volkswagen,Up!,Final,2021,2023,1.0 12V TSI EA211
VG-0041,Volkswagen,Up!,Lançamento,2014,2016,1.0 12V MPI EA111
VG-0041,Volkswagen,Up!,Lançamento,2014,2016,1.0 12V TSI EA111
VG-0041,Volkswagen,Up!,Facelift,2016,2019,1.0 12V MPI EA111
VG-0041,Volkswagen,Up!,Facelift,2016,2019,1.0 12V TSI EA111
VG-0041,Volkswagen,Up!,2ª fase,2019,2021,1.0 12V MPI EA211
VG-0041,Volkswagen,Up!,2ª fase,2019,2021,1.0 12V TSI EA211
VG-0041,Volkswagen,Up!,Final,2021,2023,1.0 12V TSI EA211
TT-0054,Volkswagen,Up!,Lançamento,2014,2016,1.0 12V MPI EA111
TT-0054,Volkswagen,Up!,Lançamento,2014,2016,1.0 12V TSI EA111
TT-0054,Volkswagen,Up!,Facelift,2016,2019,1.0 12V MPI EA111
TT-0054,Volkswagen,Up!,Facelift,2016,2019,1.0 12V TSI EA111
TT-0054,Volkswagen,Up!,2ª fase,2019,2021,1.0 12V MPI EA211
TT-0054,Volkswagen,Up!,2ª fase,2019,2021,1.0 12V TSI EA211
TT-0054,Volkswagen,Up!,Final,2021,2023,1.0 12V TSI EA211
TT-0055,Volkswagen,Up!,Lançamento,2014,2016,1.0 12V MPI EA111
TT-0055,Volkswagen,Up!,Lançamento,2014,2016,1.0 12V TSI EA111
TT-0055,Volkswagen,Up!,Facelift,2016,2019,1.0 12V MPI EA111
TT-0055,Volkswagen,Up!,Facelift,2016,2019,1.0 12V TSI EA111
TT-0055,Volkswagen,Up!,2ª fase,2019,2021,1.0 12V MPI EA211
TT-0055,Volkswagen,Up!,2ª fase,2019,2021,1.0 12V TSI EA211
TT-0055,Volkswagen,Up!,Final,2021,2023,1.0 12V TSI EA211
IB-0057,Volkswagen,Up!,Lançamento,2014,2016,1.0 12V MPI EA111
IB-0057,Volkswagen,Up!,Lançamento,2014,2016,1.0 12V TSI EA111
IB-0057,Volkswagen,Up!,Facelift,2016,2019,1.0 12V MPI EA111
IB-0057,Volkswagen,Up!,Facelift,2016,2019,1.0 12V TSI EA111
IB-0057,Volkswagen,Up!,2ª fase,2019,2021,1.0 12V MPI EA211
IB-0057,Volkswagen,Up!,2ª fase,2019,2021,1.0 12V TSI EA211
IB-0057,Volkswagen,Up!,Final,2021,2023,1.0 12V TSI EA211
JG-0052,Volkswagen,Up!,Lançamento,2014,2016,1.0 12V MPI EA111
JG-0052,Volkswagen,Up!,Lançamento,2014,2016,1.0 12V TSI EA111
JG-0052,Volkswagen,Up!,Facelift,2016,2019,1.0 12V MPI EA111
JG-0052,Volkswagen,Up!,Facelift,2016,2019,1.0 12V TSI EA111
JG-0052,Volkswagen,Up!,2ª fase,2019,2021,1.0 12V MPI EA211
JG-0052,Volkswagen,Up!,2ª fase,2019,2021,1.0 12V TSI EA211
JG-0052,Volkswagen,Up!,Final,2021,2023,1.0 12V TSI EA211
JG-0053,Fiat,Mobi,Lançamento,2016,2018,1.0 Firefly
JG-0053,Fiat,Mobi,Facelift 1,2018,2020,1.0 Firefly
JG-0053,Fiat,Mobi,Facelift 2,2020,2022,1.0 Firefly
JG-0053,Fiat,Mobi,Facelift 2,2020,2022,1.0 Firefly Turbo
JG-0053,Fiat,Mobi,Atual,2022,2023,1.0 Firefly
JG-0053,Fiat,Mobi,Atual,2022,2023,1.0 Firefly Turbo
PJ-0058,Fiat,Mobi,Lançamento,2016,2018,1.0 Firefly
PJ-0058,Fiat,Mobi,Facelift 1,2018,2020,1.0 Firefly
PJ-0058,Fiat,Mobi,Facelift 2,2020,2022,1.0 Firefly
PJ-0058,Fiat,Mobi,Facelift 2,2020,2022,1.0 Firefly Turbo
PJ-0058,Fiat,Mobi,Atual,2022,2023,1.0 Firefly
PJ-0058,Fiat,Mobi,Atual,2022,2023,1.0 Firefly Turbo
AN-0064,Fiat,Mobi,Lançamento,2016,2018,1.0 Firefly
AN-0064,Fiat,Mobi,Facelift 1,2018,2020,1.0 Firefly
AN-0064,Fiat,Mobi,Facelift 2,2020,2022,1.0 Firefly
AN-0064,Fiat,Mobi,Facelift 2,2020,2022,1.0 Firefly Turbo
AN-0064,Fiat,Mobi,Atual,2022,2023,1.0 Firefly
AN-0064,Fiat,Mobi,Atual,2022,2023,1.0 Firefly Turbo
TT-0056,Fiat,Mobi,Lançamento,2016,2018,1.0 Firefly
TT-0056,Fiat,Mobi,Facelift 1,2018,2020,1.0 Firefly
TT-0056,Fiat,Mobi,Facelift 2,2020,2022,1.0 Firefly
TT-0056,Fiat,Mobi,Facelift 2,2020,2022,1.0 Firefly Turbo
TT-0056,Fiat,Mobi,Atual,2022,2023,1.0 Firefly
TT-0056,Fiat,Mobi,Atual,2022,2023,1.0 Firefly Turbo
PJ-0059,Fiat,Mobi,Lançamento,2016,2018,1.0 Firefly
PJ-0059,Fiat,Mobi,Facelift 1,2018,2020,1.0 Firefly
PJ-0059,Fiat,Mobi,Facelift 2,2020,2022,1.0 Firefly
PJ-0059,Fiat,Mobi,Facelift 2,2020,2022,1.0 Firefly Turbo
PJ-0059,Fiat,Mobi,Atual,2022,2023,1.0 Firefly
PJ-0059,Fiat,Mobi,Atual,2022,2023,1.0 Firefly Turbo
IB-0058,Chevrolet,Spin,Lançamento,2012,2016,1.8 SPE4
IB-0058,Chevrolet,Spin,Facelift,2016,2019,1.8 SPE4
IB-0058,Chevrolet,Spin,Facelift,2016,2019,1.8 SPE4 Flexpower
IB-0058,Chevrolet,Spin,2ª fase,2019,2021,1.8 Family I
IB-0058,Chevrolet,Spin,Final,2021,2023,1.8 Family I
TT-0057,Chevrolet,Spin,Lançamento,2012,2016,1.8 SPE4
TT-0057,Chevrolet,Spin,Facelift,2016,2019,1.8 SPE4
TT-0057,Chevrolet,Spin,Facelift,2016,2019,1.8 SPE4 Flexpower
TT-0057,Chevrolet,Spin,2ª fase,2019,2021,1.8 Family I
TT-0057,Chevrolet,Spin,Final,2021,2023,1.8 Family I
JG-0054,Chevrolet,Spin,Lançamento,2012,2016,1.8 SPE4
JG-0054,Chevrolet,Spin,Facelift,2016,2019,1.8 SPE4
JG-0054,Chevrolet,Spin,Facelift,2016,2019,1.8 SPE4 Flexpower
JG-0054,Chevrolet,Spin,2ª fase,2019,2021,1.8 Family I
JG-0054,Chevrolet,Spin,Final,2021,2023,1.8 Family I
VG-0042,Chevrolet,Spin,Lançamento,2012,2016,1.8 SPE4
VG-0042,Chevrolet,Spin,Facelift,2016,2019,1.8 SPE4
VG-0042,Chevrolet,Spin,Facelift,2016,2019,1.8 SPE4 Flexpower
VG-0042,Chevrolet,Spin,2ª fase,2019,2021,1.8 Family I
VG-0042,Chevrolet,Spin,Final,2021,2023,1.8 Family I
IB-0059,Chevrolet,Spin,Lançamento,2012,2016,1.8 SPE4
IB-0059,Chevrolet,Spin,Facelift,2016,2019,1.8 SPE4
IB-0059,Chevrolet,Spin,Facelift,2016,2019,1.8 SPE4 Flexpower
IB-0059,Chevrolet,Spin,2ª fase,2019,2021,1.8 Family I
IB-0059,Chevrolet,Spin,Final,2021,2023,1.8 Family I
AN-0065,Chevrolet,Spin,Lançamento,2012,2016,1.8 SPE4
AN-0065,Chevrolet,Spin,Facelift,2016,2019,1.8 SPE4
AN-0065,Chevrolet,Spin,Facelift,2016,2019,1.8 SPE4 Flexpower
AN-0065,Chevrolet,Spin,2ª fase,2019,2021,1.8 Family I
AN-0065,Chevrolet,Spin,Final,2021,2023,1.8 Family I
IB-0060,Chevrolet,Spin,Lançamento,2012,2016,1.8 SPE4
IB-0060,Chevrolet,Spin,Facelift,2016,2019,1.8 SPE4
IB-0060,Chevrolet,Spin,Facelift,2016,2019,1.8 SPE4 Flexpower
IB-0060,Chevrolet,Spin,2ª fase,2019,2021,1.8 Family I
IB-0060,Chevrolet,Spin,Final,2021,2023,1.8 Family I
JG-0055,Nissan,March,Lançamento,2011,2014,1.0 HR10DE
JG-0055,Nissan,March,Lançamento,2011,2014,1.6 HR16DE
JG-0055,Nissan,March,Facelift,2014,2017,1.0 HR10DE
JG-0055,Nissan,March,Facelift,2014,2017,1.6 HR16DE
JG-0055,Nissan,March,2ª fase,2017,2020,1.0 HR10DE
JG-0055,Nissan,March,2ª fase,2017,2020,1.6 HR16DE
JG-0055,Nissan,March,Final,2020,2022,1.6 HR16DE
AN-0066,Nissan,March,Lançamento,2011,2014,1.0 HR10DE
AN-0066,Nissan,March,Lançamento,2011,2014,1.6 HR16DE
AN-0066,Nissan,March,Facelift,2014,2017,1.0 HR10DE
AN-0066,Nissan,March,Facelift,2014,2017,1.6 HR16DE
AN-0066,Nissan,March,2ª fase,2017,2020,1.0 HR10DE
AN-0066,Nissan,March,2ª fase,2017,2020,1.6 HR16DE
AN-0066,Nissan,March,Final,2020,2022,1.6 HR16DE
JG-0056,Nissan,March,Lançamento,2011,2014,1.0 HR10DE
JG-0056,Nissan,March,Lançamento,2011,2014,1.6 HR16DE
JG-0056,Nissan,March,Facelift,2014,2017,1.0 HR10DE
JG-0056,Nissan,March,Facelift,2014,2017,1.6 HR16DE
JG-0056,Nissan,March,2ª fase,2017,2020,1.0 HR10DE
JG-0056,Nissan,March,2ª fase,2017,2020,1.6 HR16DE
JG-0056,Nissan,March,Final,2020,2022,1.6 HR16DE
AN-0067,Nissan,March,Lançamento,2011,2014,1.0 HR10DE
AN-0067,Nissan,March,Lançamento,2011,2014,1.6 HR16DE
AN-0067,Nissan,March,Facelift,2014,2017,1.0 HR10DE
AN-0067,Nissan,March,Facelift,2014,2017,1.6 HR16DE
AN-0067,Nissan,March,2ª fase,2017,2020,1.0 HR10DE
AN-0067,Nissan,March,2ª fase,2017,2020,1.6 HR16DE
AN-0067,Nissan,March,Final,2020,2022,1.6 HR16DE
TT-0058,Nissan,Versa,Lançamento,2011,2014,1.6 HR16DE
TT-0058,Nissan,Versa,Facelift,2014,2017,1.6 HR16DE
TT-0058,Nissan,Versa,2ª fase,2017,2020,1.6 HR16DE
TT-0058,Nissan,Versa,Atual,2020,2023,1.6 HR16DE
AN-0068,Nissan,Versa,Lançamento,2011,2014,1.6 HR16DE
AN-0068,Nissan,Versa,Facelift,2014,2017,1.6 HR16DE
AN-0068,Nissan,Versa,2ª fase,2017,2020,1.6 HR16DE
AN-0068,Nissan,Versa,Atual,2020,2023,1.6 HR16DE
AN-0069,Nissan,Versa,Lançamento,2011,2014,1.6 HR16DE
AN-0069,Nissan,Versa,Facelift,2014,2017,1.6 HR16DE
AN-0069,Nissan,Versa,2ª fase,2017,2020,1.6 HR16DE
AN-0069,Nissan,Versa,Atual,2020,2023,1.6 HR16DE
VG-0043,Nissan,Versa,Lançamento,2011,2014,1.6 HR16DE
VG-0043,Nissan,Versa,Facelift,2014,2017,1.6 HR16DE
VG-0043,Nissan,Versa,2ª fase,2017,2020,1.6 HR16DE
VG-0043,Nissan,Versa,Atual,2020,2023,1.6 HR16DE
PJ-0060,Peugeot,208,Lançamento,2013,2016,1.2 PureTech
PJ-0060,Peugeot,208,Lançamento,2013,2016,1.6 THP
PJ-0060,Peugeot,208,Facelift,2016,2019,1.2 PureTech
PJ-0060,Peugeot,208,Facelift,2016,2019,1.6 THP
PJ-0060,Peugeot,208,2ª fase,2019,2021,1.6 THP
PJ-0060,Peugeot,208,Atual,2021,2023,1.6 THP
TT-0059,Peugeot,208,Lançamento,2013,2016,1.2 PureTech
TT-0059,Peugeot,208,Lançamento,2013,2016,1.6 THP
TT-0059,Peugeot,208,Facelift,2016,2019,1.2 PureTech
TT-0059,Peugeot,208,Facelift,2016,2019,1.6 THP
TT-0059,Peugeot,208,2ª fase,2019,2021,1.6 THP
TT-0059,Peugeot,208,Atual,2021,2023,1.6 THP
PJ-0061,Peugeot,208,Lançamento,2013,2016,1.2 PureTech
PJ-0061,Peugeot,208,Lançamento,2013,2016,1.6 THP
PJ-0061,Peugeot,208,Facelift,2016,2019,1.2 PureTech
PJ-0061,Peugeot,208,Facelift,2016,2019,1.6 THP
PJ-0061,Peugeot,208,2ª fase,2019,2021,1.6 THP
PJ-0061,Peugeot,208,Atual,2021,2023,1.6 THP
IB-0061,Peugeot,208,Lançamento,2013,2016,1.2 PureTech
IB-0061,Peugeot,208,Lançamento,2013,2016,1.6 THP
IB-0061,Peugeot,208,Facelift,2016,2019,1.2 PureTech
IB-0061,Peugeot,208,Facelift,2016,2019,1.6 THP
IB-0061,Peugeot,208,2ª fase,2019,2021,1.6 THP
IB-0061,Peugeot,208,Atual,2021,2023,1.6 THP
JG-0057,Peugeot,208,Lançamento,2013,2016,1.2 PureTech
JG-0057,Peugeot,208,Lançamento,2013,2016,1.6 THP
JG-0057,Peugeot,208,Facelift,2016,2019,1.2 PureTech
JG-0057,Peugeot,208,Facelift,2016,2019,1.6 THP
JG-0057,Peugeot,208,2ª fase,2019,2021,1.6 THP
JG-0057,Peugeot,208,Atual,2021,2023,1.6 THP
TT-0060,Peugeot,208,Lançamento,2013,2016,1.2 PureTech
TT-0060,Peugeot,208,Lançamento,2013,2016,1.6 THP
TT-0060,Peugeot,208,Facelift,2016,2019,1.2 PureTech
TT-0060,Peugeot,208,Facelift,2016,2019,1.6 THP
TT-0060,Peugeot,208,2ª fase,2019,2021,1.6 THP
TT-0060,Peugeot,208,Atual,2021,2023,1.6 THP
TT-0061,Peugeot,208,Lançamento,2013,2016,1.2 PureTech
TT-0061,Peugeot,208,Lançamento,2013,2016,1.6 THP
TT-0061,Peugeot,208,Facelift,2016,2019,1.2 PureTech
TT-0061,Peugeot,208,Facelift,2016,2019,1.6 THP
TT-0061,Peugeot,208,2ª fase,2019,2021,1.6 THP
TT-0061,Peugeot,208,Atual,2021,2023,1.6 THP
IB-0062,Citroën,C3,1ª geração BR,2003,2006,1.4 TU3
IB-0062,Citroën,C3,1ª geração BR,2003,2006,1.6 TU5
IB-0062,Citroën,C3,2ª geração BR,2006,2012,1.4 TU3
IB-0062,Citroën,C3,2ª geração BR,2006,2012,1.6 16V
IB-0062,Citroën,C3,3ª geração,2012,2017,1.5 8V
IB-0062,Citroën,C3,3ª geração,2012,2017,1.6 16V
IB-0062,Citroën,C3,Atual,2017,2023,1.6 PureTech
IB-0063,Citroën,C3,1ª geração BR,2003,2006,1.4 TU3
IB-0063,Citroën,C3,1ª geração BR,2003,2006,1.6 TU5
IB-0063,Citroën,C3,2ª geração BR,2006,2012,1.4 TU3
IB-0063,Citroën,C3,2ª geração BR,2006,2012,1.6 16V
IB-0063,Citroën,C3,3ª geração,2012,2017,1.5 8V
IB-0063,Citroën,C3,3ª geração,2012,2017,1.6 16V
IB-0063,Citroën,C3,Atual,2017,2023,1.6 PureTech
IB-0064,Citroën,C3,1ª geração BR,2003,2006,1.4 TU3
IB-0064,Citroën,C3,1ª geração BR,2003,2006,1.6 TU5
IB-0064,Citroën,C3,2ª geração BR,2006,2012,1.4 TU3
IB-0064,Citroën,C3,2ª geração BR,2006,2012,1.6 16V
IB-0064,Citroën,C3,3ª geração,2012,2017,1.5 8V
IB-0064,Citroën,C3,3ª geração,2012,2017,1.6 16V
IB-0064,Citroën,C3,Atual,2017,2023,1.6 PureTech
VG-0044,Citroën,C3,1ª geração BR,2003,2006,1.4 TU3
VG-0044,Citroën,C3,1ª geração BR,2003,2006,1.6 TU5
VG-0044,Citroën,C3,2ª geração BR,2006,2012,1.4 TU3
VG-0044,Citroën,C3,2ª geração BR,2006,2012,1.6 16V
VG-0044,Citroën,C3,3ª geração,2012,2017,1.5 8V
VG-0044,Citroën,C3,3ª geração,2012,2017,1.6 16V
VG-0044,Citroën,C3,Atual,2017,2023,1.6 PureTech
AN-0070,Citroën,C3,1ª geração BR,2003,2006,1.4 TU3
AN-0070,Citroën,C3,1ª geração BR,2003,2006,1.6 TU5
AN-0070,Citroën,C3,2ª geração BR,2006,2012,1.4 TU3
AN-0070,Citroën,C3,2ª geração BR,2006,2012,1.6 16V
AN-0070,Citroën,C3,3ª geração,2012,2017,1.5 8V
AN-0070,Citroën,C3,3ª geração,2012,2017,1.6 16V
AN-0070,Citroën,C3,Atual,2017,2023,1.6 PureTech
VG-0045,Citroën,C3,1ª geração BR,2003,2006,1.4 TU3
VG-0045,Citroën,C3,1ª geração BR,2003,2006,1.6 TU5
VG-0045,Citroën,C3,2ª geração BR,2006,2012,1.4 TU3
VG-0045,Citroën,C3,2ª geração BR,2006,2012,1.6 16V
VG-0045,Citroën,C3,3ª geração,2012,2017,1.5 8V
VG-0045,Citroën,C3,3ª geração,2012,2017,1.6 16V
VG-0045,Citroën,C3,Atual,2017,2023,1.6 PureTech
IB-0065,Toyota,Etios,Lançamento,2012,2015,1.3 Dual VVT-i
IB-0065,Toyota,Etios,Lançamento,2012,2015,1.5 Dual VVT-i
IB-0065,Toyota,Etios,Facelift,2015,2019,1.3 Dual VVT-i
IB-0065,Toyota,Etios,Facelift,2015,2019,1.5 Dual VVT-i
IB-0065,Toyota,Etios,2ª fase,2019,2021,1.5 Dual VVT-i
IB-0065,Toyota,Etios,Final,2021,2021,1.5 Dual VVT-i
PJ-0062,Toyota,Etios,Lançamento,2012,2015,1.3 Dual VVT-i
PJ-0062,Toyota,Etios,Lançamento,2012,2015,1.5 Dual VVT-i
PJ-0062,Toyota,Etios,Facelift,2015,2019,1.3 Dual VVT-i
PJ-0062,Toyota,Etios,Facelift,2015,2019,1.5 Dual VVT-i
PJ-0062,Toyota,Etios,2ª fase,2019,2021,1.5 Dual VVT-i
PJ-0062,Toyota,Etios,Final,2021,2021,1.5 Dual VVT-i
IB-0066,Toyota,Etios,Lançamento,2012,2015,1.3 Dual VVT-i
IB-0066,Toyota,Etios,Lançamento,2012,2015,1.5 Dual VVT-i
IB-0066,Toyota,Etios,Facelift,2015,2019,1.3 Dual VVT-i
IB-0066,Toyota,Etios,Facelift,2015,2019,1.5 Dual VVT-i
IB-0066,Toyota,Etios,2ª fase,2019,2021,1.5 Dual VVT-i
IB-0066,Toyota,Etios,Final,2021,2021,1.5 Dual VVT-i
VG-0046,Toyota,Etios,Lançamento,2012,2015,1.3 Dual VVT-i
VG-0046,Toyota,Etios,Lançamento,2012,2015,1.5 Dual VVT-i
VG-0046,Toyota,Etios,Facelift,2015,2019,1.3 Dual VVT-i
VG-0046,Toyota,Etios,Facelift,2015,2019,1.5 Dual VVT-i
VG-0046,Toyota,Etios,2ª fase,2019,2021,1.5 Dual VVT-i
VG-0046,Toyota,Etios,Final,2021,2021,1.5 Dual VVT-i
TT-0062,Volkswagen,Gol,G4,2006,2008,1.0 8V EA111
TT-0062,Volkswagen,Gol,G4,2006,2008,1.6 8V EA111
TT-0062,Volkswagen,Gol,G5,2008,2012,1.0 8V EA111
TT-0062,Volkswagen,Gol,G5,2008,2012,1.6 8V EA111
TT-0062,Volkswagen,Gol,G5,2008,2012,1.6 16V EA111
TT-0062,Volkswagen,Gol,G6,2012,2016,1.0 12V MPI EA111
TT-0062,Volkswagen,Gol,G6,2012,2016,1.6 16V MSI EA111
TT-0062,Volkswagen,Gol,G7/G8,2016,2023,1.0 12V MPI EA211
TT-0062,Volkswagen,Gol,G7/G8,2016,2023,1.6 16V MSI EA211
AN-0071,Volkswagen,Gol,G4,2006,2008,1.0 8V EA111
AN-0071,Volkswagen,Gol,G4,2006,2008,1.6 8V EA111
AN-0071,Volkswagen,Gol,G5,2008,2012,1.0 8V EA111
AN-0071,Volkswagen,Gol,G5,2008,2012,1.6 8V EA111
AN-0071,Volkswagen,Gol,G5,2008,2012,1.6 16V EA111
AN-0071,Volkswagen,Gol,G6,2012,2016,1.0 12V MPI EA111
AN-0071,Volkswagen,Gol,G6,2012,2016,1.6 16V MSI EA111
AN-0071,Volkswagen,Gol,G7/G8,2016,2023,1.0 12V MPI EA211
AN-0071,Volkswagen,Gol,G7/G8,2016,2023,1.6 16V MSI EA211
AN-0072,Volkswagen,Gol,G4,2006,2008,1.0 8V EA111
AN-0072,Volkswagen,Gol,G4,2006,2008,1.6 8V EA111
AN-0072,Volkswagen,Gol,G5,2008,2012,1.0 8V EA111
AN-0072,Volkswagen,Gol,G5,2008,2012,1.6 8V EA111
AN-0072,Volkswagen,Gol,G5,2008,2012,1.6 16V EA111
AN-0072,Volkswagen,Gol,G6,2012,2016,1.0 12V MPI EA111
AN-0072,Volkswagen,Gol,G6,2012,2016,1.6 16V MSI EA111
AN-0072,Volkswagen,Gol,G7/G8,2016,2023,1.0 12V MPI EA211
AN-0072,Volkswagen,Gol,G7/G8,2016,2023,1.6 16V MSI EA211
AN-0073,Volkswagen,Gol,G4,2006,2008,1.0 8V EA111
AN-0073,Volkswagen,Gol,G4,2006,2008,1.6 8V EA111
AN-0073,Volkswagen,Gol,G5,2008,2012,1.0 8V EA111
AN-0073,Volkswagen,Gol,G5,2008,2012,1.6 8V EA111
AN-0073,Volkswagen,Gol,G5,2008,2012,1.6 16V EA111
AN-0073,Volkswagen,Gol,G6,2012,2016,1.0 12V MPI EA111
AN-0073,Volkswagen,Gol,G6,2012,2016,1.6 16V MSI EA111
AN-0073,Volkswagen,Gol,G7/G8,2016,2023,1.0 12V MPI EA211
AN-0073,Volkswagen,Gol,G7/G8,2016,2023,1.6 16V MSI EA211
TT-0063,Volkswagen,Gol,G4,2006,2008,1.0 8V EA111
TT-0063,Volkswagen,Gol,G4,2006,2008,1.6 8V EA111
TT-0063,Volkswagen,Gol,G5,2008,2012,1.0 8V EA111
TT-0063,Volkswagen,Gol,G5,2008,2012,1.6 8V EA111
TT-0063,Volkswagen,Gol,G5,2008,2012,1.6 16V EA111
TT-0063,Volkswagen,Gol,G6,2012,2016,1.0 12V MPI EA111
TT-0063,Volkswagen,Gol,G6,2012,2016,1.6 16V MSI EA111
TT-0063,Volkswagen,Gol,G7/G8,2016,2023,1.0 12V MPI EA211
TT-0063,Volkswagen,Gol,G7/G8,2016,2023,1.6 16V MSI EA211
AN-0074,Volkswagen,Fox,1ª geração,2003,2009,1.0 8V EA111
AN-0074,Volkswagen,Fox,1ª geração,2003,2009,1.6 8V EA111
AN-0074,Volkswagen,Fox,2ª geração,2009,2014,1.0 8V EA111
AN-0074,Volkswagen,Fox,2ª geração,2009,2014,1.6 16V EA111
AN-0074,Volkswagen,Fox,Facelift,2014,2017,1.0 12V MPI EA111
AN-0074,Volkswagen,Fox,Facelift,2014,2017,1.6 16V MSI EA111
AN-0074,Volkswagen,Fox,Final,2017,2021,1.0 12V MPI EA211
AN-0074,Volkswagen,Fox,Final,2017,2021,1.6 16V MSI EA211
IB-0067,Volkswagen,Fox,1ª geração,2003,2009,1.0 8V EA111
IB-0067,Volkswagen,Fox,1ª geração,2003,2009,1.6 8V EA111
IB-0067,Volkswagen,Fox,2ª geração,2009,2014,1.0 8V EA111
IB-0067,Volkswagen,Fox,2ª geração,2009,2014,1.6 16V EA111
IB-0067,Volkswagen,Fox,Facelift,2014,2017,1.0 12V MPI EA111
IB-0067,Volkswagen,Fox,Facelift,2014,2017,1.6 16V MSI EA111
IB-0067,Volkswagen,Fox,Final,2017,2021,1.0 12V MPI EA211
IB-0067,Volkswagen,Fox,Final,2017,2021,1.6 16V MSI EA211
IB-0068,Volkswagen,Fox,1ª geração,2003,2009,1.0 8V EA111
IB-0068,Volkswagen,Fox,1ª geração,2003,2009,1.6 8V EA111
IB-0068,Volkswagen,Fox,2ª geração,2009,2014,1.0 8V EA111
IB-0068,Volkswagen,Fox,2ª geração,2009,2014,1.6 16V EA111
IB-0068,Volkswagen,Fox,Facelift,2014,2017,1.0 12V MPI EA111
IB-0068,Volkswagen,Fox,Facelift,2014,2017,1.6 16V MSI EA111
IB-0068,Volkswagen,Fox,Final,2017,2021,1.0 12V MPI EA211
IB-0068,Volkswagen,Fox,Final,2017,2021,1.6 16V MSI EA211
IB-0069,Volkswagen,Fox,1ª geração,2003,2009,1.0 8V EA111
IB-0069,Volkswagen,Fox,1ª geração,2003,2009,1.6 8V EA111
IB-0069,Volkswagen,Fox,2ª geração,2009,2014,1.0 8V EA111
IB-0069,Volkswagen,Fox,2ª geração,2009,2014,1.6 16V EA111
IB-0069,Volkswagen,Fox,Facelift,2014,2017,1.0 12V MPI EA111
IB-0069,Volkswagen,Fox,Facelift,2014,2017,1.6 16V MSI EA111
IB-0069,Volkswagen,Fox,Final,2017,2021,1.0 12V MPI EA211
IB-0069,Volkswagen,Fox,Final,2017,2021,1.6 16V MSI EA211
IB-0070,Volkswagen,Voyage,1ª geração,2008,2012,1.0 8V EA111
IB-0070,Volkswagen,Voyage,1ª geração,2008,2012,1.6 8V EA111
IB-0070,Volkswagen,Voyage,2ª geração,2012,2016,1.0 12V MPI EA111
IB-0070,Volkswagen,Voyage,2ª geração,2012,2016,1.6 16V MSI EA111
IB-0070,Volkswagen,Voyage,Facelift,2016,2019,1.0 12V MPI EA111
IB-0070,Volkswagen,Voyage,Facelift,2016,2019,1.6 16V MSI EA111
IB-0070,Volkswagen,Voyage,Final,2019,2023,1.0 12V MPI EA211
IB-0070,Volkswagen,Voyage,Final,2019,2023,1.6 16V MSI EA211
AN-0075,Volkswagen,Voyage,1ª geração,2008,2012,1.0 8V EA111
AN-0075,Volkswagen,Voyage,1ª geração,2008,2012,1.6 8V EA111
AN-0075,Volkswagen,Voyage,2ª geração,2012,2016,1.0 12V MPI EA111
AN-0075,Volkswagen,Voyage,2ª geração,2012,2016,1.6 16V MSI EA111
AN-0075,Volkswagen,Voyage,Facelift,2016,2019,1.0 12V MPI EA111
AN-0075,Volkswagen,Voyage,Facelift,2016,2019,1.6 16V MSI EA111
AN-0075,Volkswagen,Voyage,Final,2019,2023,1.0 12V MPI EA211
AN-0075,Volkswagen,Voyage,Final,2019,2023,1.6 16V MSI EA211
TT-0064,Volkswagen,Voyage,1ª geração,2008,2012,1.0 8V EA111
TT-0064,Volkswagen,Voyage,1ª geração,2008,2012,1.6 8V EA111
TT-0064,Volkswagen,Voyage,2ª geração,2012,2016,1.0 12V MPI EA111
TT-0064,Volkswagen,Voyage,2ª geração,2012,2016,1.6 16V MSI EA111
TT-0064,Volkswagen,Voyage,Facelift,2016,2019,1.0 12V MPI EA111
TT-0064,Volkswagen,Voyage,Facelift,2016,2019,1.6 16V MSI EA111
TT-0064,Volkswagen,Voyage,Final,2019,2023,1.0 12V MPI EA211
TT-0064,Volkswagen,Voyage,Final,2019,2023,1.6 16V MSI EA211
VG-0047,Volkswagen,Voyage,1ª geração,2008,2012,1.0 8V EA111
VG-0047,Volkswagen,Voyage,1ª geração,2008,2012,1.6 8V EA111
VG-0047,Volkswagen,Voyage,2ª geração,2012,2016,1.0 12V MPI EA111
VG-0047,Volkswagen,Voyage,2ª geração,2012,2016,1.6 16V MSI EA111
VG-0047,Volkswagen,Voyage,Facelift,2016,2019,1.0 12V MPI EA111
VG-0047,Volkswagen,Voyage,Facelift,2016,2019,1.6 16V MSI EA111
VG-0047,Volkswagen,Voyage,Final,2019,2023,1.0 12V MPI EA211
VG-0047,Volkswagen,Voyage,Final,2019,2023,1.6 16V MSI EA211
TT-0065,Volkswagen,Saveiro,G5,2009,2013,1.6 8V EA111
TT-0065,Volkswagen,Saveiro,G5,2009,2013,1.6 16V EA111
TT-0065,Volkswagen,Saveiro,G6,2013,2016,1.0 12V MPI EA111
TT-0065,Volkswagen,Saveiro,G6,2013,2016,1.6 16V MSI EA111
TT-0065,Volkswagen,Saveiro,G7,2016,2021,1.6 16V MSI EA211
TT-0065,Volkswagen,Saveiro,G7,2016,2021,1.6 20V TSI EA211
TT-0065,Volkswagen,Saveiro,Atual,2021,2023,1.6 16V MSI EA211
TT-0065,Volkswagen,Saveiro,Atual,2021,2023,1.6 20V TSI EA211
PJ-0063,Volkswagen,Saveiro,G5,2009,2013,1.6 8V EA111
PJ-0063,Volkswagen,Saveiro,G5,2009,2013,1.6 16V EA111
PJ-0063,Volkswagen,Saveiro,G6,2013,2016,1.0 12V MPI EA111
PJ-0063,Volkswagen,Saveiro,G6,2013,2016,1.6 16V MSI EA111
PJ-0063,Volkswagen,Saveiro,G7,2016,2021,1.6 16V MSI EA211
PJ-0063,Volkswagen,Saveiro,G7,2016,2021,1.6 20V TSI EA211
PJ-0063,Volkswagen,Saveiro,Atual,2021,2023,1.6 16V MSI EA211
PJ-0063,Volkswagen,Saveiro,Atual,2021,2023,1.6 20V TSI EA211
AN-0076,Volkswagen,Saveiro,G5,2009,2013,1.6 8V EA111
AN-0076,Volkswagen,Saveiro,G5,2009,2013,1.6 16V EA111
AN-0076,Volkswagen,Saveiro,G6,2013,2016,1.0 12V MPI EA111
AN-0076,Volkswagen,Saveiro,G6,2013,2016,1.6 16V MSI EA111
AN-0076,Volkswagen,Saveiro,G7,2016,2021,1.6 16V MSI EA211
AN-0076,Volkswagen,Saveiro,G7,2016,2021,1.6 20V TSI EA211
AN-0076,Volkswagen,Saveiro,Atual,2021,2023,1.6 16V MSI EA211
AN-0076,Volkswagen,Saveiro,Atual,2021,2023,1.6 20V TSI EA211
IB-0071,Volkswagen,Saveiro,G5,2009,2013,1.6 8V EA111
IB-0071,Volkswagen,Saveiro,G5,2009,2013,1.6 16V EA111
IB-0071,Volkswagen,Saveiro,G6,2013,2016,1.0 12V MPI EA111
IB-0071,Volkswagen,Saveiro,G6,2013,2016,1.6 16V MSI EA111
IB-0071,Volkswagen,Saveiro,G7,2016,2021,1.6 16V MSI EA211
IB-0071,Volkswagen,Saveiro,G7,2016,2021,1.6 20V TSI EA211
IB-0071,Volkswagen,Saveiro,Atual,2021,2023,1.6 16V MSI EA211
IB-0071,Volkswagen,Saveiro,Atual,2021,2023,1.6 20V TSI EA211
PJ-0064,Volkswagen,Saveiro,G5,2009,2013,1.6 8V EA111
PJ-0064,Volkswagen,Saveiro,G5,2009,2013,1.6 16V EA111
PJ-0064,Volkswagen,Saveiro,G6,2013,2016,1.0 12V MPI EA111
PJ-0064,Volkswagen,Saveiro,G6,2013,2016,1.6 16V MSI EA111
PJ-0064,Volkswagen,Saveiro,G7,2016,2021,1.6 16V MSI EA211
PJ-0064,Volkswagen,Saveiro,G7,2016,2021,1.6 20V TSI EA211
PJ-0064,Volkswagen,Saveiro,Atual,2021,2023,1.6 16V MSI EA211
PJ-0064,Volkswagen,Saveiro,Atual,2021,2023,1.6 20V TSI EA211
VG-0048,Volkswagen,Polo,1ª geração BR,2002,2007,1.6 8V EA111
VG-0048,Volkswagen,Polo,1ª geração BR,2002,2007,1.8 20V Turbo EA111
VG-0048,Volkswagen,Polo,2ª geração BR,2007,2014,1.6 8V EA111
VG-0048,Volkswagen,Polo,2ª geração BR,2007,2014,2.0 8V EA111
VG-0048,Volkswagen,Polo,Novo Polo,2017,2020,1.0 12V MPI EA211
VG-0048,Volkswagen,Polo,Novo Polo,2017,2020,1.0 12V TSI EA211
VG-0048,Volkswagen,Polo,Novo Polo,2017,2020,1.6 16V MSI EA211
VG-0048,Volkswagen,Polo,Atual,2020,2023,1.0 12V TSI EA211
VG-0048,Volkswagen,Polo,Atual,2020,2023,1.6 16V MSI EA211
AN-0077,Volkswagen,Polo,1ª geração BR,2002,2007,1.6 8V EA111
AN-0077,Volkswagen,Polo,1ª geração BR,2002,2007,1.8 20V Turbo EA111
AN-0077,Volkswagen,Polo,2ª geração BR,2007,2014,1.6 8V EA111
AN-0077,Volkswagen,Polo,2ª geração BR,2007,2014,2.0 8V EA111
AN-0077,Volkswagen,Polo,Novo Polo,2017,2020,1.0 12V MPI EA211
AN-0077,Volkswagen,Polo,Novo Polo,2017,2020,1.0 12V TSI EA211
AN-0077,Volkswagen,Polo,Novo Polo,2017,2020,1.6 16V MSI EA211
AN-0077,Volkswagen,Polo,Atual,2020,2023,1.0 12V TSI EA211
AN-0077,Volkswagen,Polo,Atual,2020,2023,1.6 16V MSI EA211
AN-0078,Volkswagen,Polo,1ª geração BR,2002,2007,1.6 8V EA111
AN-0078,Volkswagen,Polo,1ª geração BR,2002,2007,1.8 20V Turbo EA111
AN-0078,Volkswagen,Polo,2ª geração BR,2007,2014,1.6 8V EA111
AN-0078,Volkswagen,Polo,2ª geração BR,2007,2014,2.0 8V EA111
AN-0078,Volkswagen,Polo,Novo Polo,2017,2020,1.0 12V MPI EA211
AN-0078,Volkswagen,Polo,Novo Polo,2017,2020,1.0 12V TSI EA211
AN-0078,Volkswagen,Polo,Novo Polo,2017,2020,1.6 16V MSI EA211
AN-0078,Volkswagen,Polo,Atual,2020,2023,1.0 12V TSI EA211
AN-0078,Volkswagen,Polo,Atual,2020,2023,1.6 16V MSI EA211
JG-0058,Volkswagen,Polo,1ª geração BR,2002,2007,1.6 8V EA111
JG-0058,Volkswagen,Polo,1ª geração BR,2002,2007,1.8 20V Turbo EA111
JG-0058,Volkswagen,Polo,2ª geração BR,2007,2014,1.6 8V EA111
JG-0058,Volkswagen,Polo,2ª geração BR,2007,2014,2.0 8V EA111
JG-0058,Volkswagen,Polo,Novo Polo,2017,2020,1.0 12V MPI EA211
JG-0058,Volkswagen,Polo,Novo Polo,2017,2020,1.0 12V TSI EA211
JG-0058,Volkswagen,Polo,Novo Polo,2017,2020,1.6 16V MSI EA211
JG-0058,Volkswagen,Polo,Atual,2020,2023,1.0 12V TSI EA211
JG-0058,Volkswagen,Polo,Atual,2020,2023,1.6 16V MSI EA211
PJ-0065,Volkswagen,Polo,1ª geração BR,2002,2007,1.6 8V EA111
PJ-0065,Volkswagen,Polo,1ª geração BR,2002,2007,1.8 20V Turbo EA111
PJ-0065,Volkswagen,Polo,2ª geração BR,2007,2014,1.6 8V EA111
PJ-0065,Volkswagen,Polo,2ª geração BR,2007,2014,2.0 8V EA111
PJ-0065,Volkswagen,Polo,Novo Polo,2017,2020,1.0 12V MPI EA211
PJ-0065,Volkswagen,Polo,Novo Polo,2017,2020,1.0 12V TSI EA211
PJ-0065,Volkswagen,Polo,Novo Polo,2017,2020,1.6 16V MSI EA211
PJ-0065,Volkswagen,Polo,Atual,2020,2023,1.0 12V TSI EA211
PJ-0065,Volkswagen,Polo,Atual,2020,2023,1.6 16V MSI EA211
TT-0066,Fiat,Palio,2ª geração,1996,2000,1.0 8V Fire
TT-0066,Fiat,Palio,2ª geração,1996,2000,1.6 16V
TT-0066,Fiat,Palio,Facelift,2001,2004,1.0 8V Fire
TT-0066,Fiat,Palio,Facelift,2001,2004,1.5 8V
TT-0066,Fiat,Palio,3ª geração,2004,2011,1.0 8V Fire
TT-0066,Fiat,Palio,3ª geração,2004,2011,1.4 8V Fire
TT-0066,Fiat,Palio,3ª geração,2004,2011,1.8 8V
TT-0066,Fiat,Palio,Atual,2012,2017,1.0 Fire Evo
TT-0066,Fiat,Palio,Atual,2012,2017,1.4 Fire Evo
VG-0049,Fiat,Palio,2ª geração,1996,2000,1.0 8V Fire
VG-0049,Fiat,Palio,2ª geração,1996,2000,1.6 16V
VG-0049,Fiat,Palio,Facelift,2001,2004,1.0 8V Fire
VG-0049,Fiat,Palio,Facelift,2001,2004,1.5 8V
VG-0049,Fiat,Palio,3ª geração,2004,2011,1.0 8V Fire
VG-0049,Fiat,Palio,3ª geração,2004,2011,1.4 8V Fire
VG-0049,Fiat,Palio,3ª geração,2004,2011,1.8 8V
VG-0049,Fiat,Palio,Atual,2012,2017,1.0 Fire Evo
VG-0049,Fiat,Palio,Atual,2012,2017,1.4 Fire Evo
AN-0079,Fiat,Palio,2ª geração,1996,2000,1.0 8V Fire
AN-0079,Fiat,Palio,2ª geração,1996,2000,1.6 16V
AN-0079,Fiat,Palio,Facelift,2001,2004,1.0 8V Fire
AN-0079,Fiat,Palio,Facelift,2001,2004,1.5 8V
AN-0079,Fiat,Palio,3ª geração,2004,2011,1.0 8V Fire
AN-0079,Fiat,Palio,3ª geração,2004,2011,1.4 8V Fire
AN-0079,Fiat,Palio,3ª geração,2004,2011,1.8 8V
AN-0079,Fiat,Palio,Atual,2012,2017,1.0 Fire Evo
AN-0079,Fiat,Palio,Atual,2012,2017,1.4 Fire Evo
JG-0059,Fiat,Palio,2ª geração,1996,2000,1.0 8V Fire
JG-0059,Fiat,Palio,2ª geração,1996,2000,1.6 16V
JG-0059,Fiat,Palio,Facelift,2001,2004,1.0 8V Fire
JG-0059,Fiat,Palio,Facelift,2001,2004,1.5 8V
JG-0059,Fiat,Palio,3ª geração,2004,2011,1.0 8V Fire
JG-0059,Fiat,Palio,3ª geração,2004,2011,1.4 8V Fire
JG-0059,Fiat,Palio,3ª geração,2004,2011,1.8 8V
JG-0059,Fiat,Palio,Atual,2012,2017,1.0 Fire Evo
JG-0059,Fiat,Palio,Atual,2012,2017,1.4 Fire Evo
JG-0060,Fiat,Palio,2ª geração,1996,2000,1.0 8V Fire
JG-0060,Fiat,Palio,2ª geração,1996,2000,1.6 16V
JG-0060,Fiat,Palio,Facelift,2001,2004,1.0 8V Fire
JG-0060,Fiat,Palio,Facelift,2001,2004,1.5 8V
JG-0060,Fiat,Palio,3ª geração,2004,2011,1.0 8V Fire
JG-0060,Fiat,Palio,3ª geração,2004,2011,1.4 8V Fire
JG-0060,Fiat,Palio,3ª geração,2004,2011,1.8 8V
JG-0060,Fiat,Palio,Atual,2012,2017,1.0 Fire Evo
JG-0060,Fiat,Palio,Atual,2012,2017,1.4 Fire Evo
PJ-0066,Fiat,Uno,Mille,2004,2010,1.0 8V Fire
PJ-0066,Fiat,Uno,Mille,2004,2010,1.5 8V
PJ-0066,Fiat,Uno,Novo Uno 1ª,2010,2014,1.0 8V Fire
PJ-0066,Fiat,Uno,Novo Uno 1ª,2010,2014,1.4 8V Fire
PJ-0066,Fiat,Uno,Novo Uno 2ª,2014,2021,1.0 Fire Evo
PJ-0066,Fiat,Uno,Novo Uno 2ª,2014,2021,1.3 Firefly
PJ-0066,Fiat,Uno,Atual,2021,2023,1.0 Firefly
PJ-0066,Fiat,Uno,Atual,2021,2023,1.3 Firefly
JG-0061,Fiat,Uno,Mille,2004,2010,1.0 8V Fire
JG-0061,Fiat,Uno,Mille,2004,2010,1.5 8V
JG-0061,Fiat,Uno,Novo Uno 1ª,2010,2014,1.0 8V Fire
JG-0061,Fiat,Uno,Novo Uno 1ª,2010,2014,1.4 8V Fire
JG-0061,Fiat,Uno,Novo Uno 2ª,2014,2021,1.0 Fire Evo
JG-0061,Fiat,Uno,Novo Uno 2ª,2014,2021,1.3 Firefly
JG-0061,Fiat,Uno,Atual,2021,2023,1.0 Firefly
JG-0061,Fiat,Uno,Atual,2021,2023,1.3 Firefly
IB-0072,Fiat,Uno,Mille,2004,2010,1.0 8V Fire
IB-0072,Fiat,Uno,Mille,2004,2010,1.5 8V
IB-0072,Fiat,Uno,Novo Uno 1ª,2010,2014,1.0 8V Fire
IB-0072,Fiat,Uno,Novo Uno 1ª,2010,2014,1.4 8V Fire
IB-0072,Fiat,Uno,Novo Uno 2ª,2014,2021,1.0 Fire Evo
IB-0072,Fiat,Uno,Novo Uno 2ª,2014,2021,1.3 Firefly
IB-0072,Fiat,Uno,Atual,2021,2023,1.0 Firefly
IB-0072,Fiat,Uno,Atual,2021,2023,1.3 Firefly
PJ-0067,Fiat,Uno,Mille,2004,2010,1.0 8V Fire
PJ-0067,Fiat,Uno,Mille,2004,2010,1.5 8V
PJ-0067,Fiat,Uno,Novo Uno 1ª,2010,2014,1.0 8V Fire
PJ-0067,Fiat,Uno,Novo Uno 1ª,2010,2014,1.4 8V Fire
PJ-0067,Fiat,Uno,Novo Uno 2ª,2014,2021,1.0 Fire Evo
PJ-0067,Fiat,Uno,Novo Uno 2ª,2014,2021,1.3 Firefly
PJ-0067,Fiat,Uno,Atual,2021,2023,1.0 Firefly
PJ-0067,Fiat,Uno,Atual,2021,2023,1.3 Firefly
VG-0050,Fiat,Uno,Mille,2004,2010,1.0 8V Fire
VG-0050,Fiat,Uno,Mille,2004,2010,1.5 8V
VG-0050,Fiat,Uno,Novo Uno 1ª,2010,2014,1.0 8V Fire
VG-0050,Fiat,Uno,Novo Uno 1ª,2010,2014,1.4 8V Fire
VG-0050,Fiat,Uno,Novo Uno 2ª,2014,2021,1.0 Fire Evo
VG-0050,Fiat,Uno,Novo Uno 2ª,2014,2021,1.3 Firefly
VG-0050,Fiat,Uno,Atual,2021,2023,1.0 Firefly
VG-0050,Fiat,Uno,Atual,2021,2023,1.3 Firefly
AN-0080,Fiat,Siena,1ª geração,1996,2001,1.0 8V Fire
AN-0080,Fiat,Siena,1ª geração,1996,2001,1.5 8V
AN-0080,Fiat,Siena,2ª geração,2001,2004,1.0 8V Fire
AN-0080,Fiat,Siena,2ª geração,2001,2004,1.4 8V Fire
AN-0080,Fiat,Siena,3ª geração,2004,2012,1.0 8V Fire
AN-0080,Fiat,Siena,3ª geração,2004,2012,1.4 8V Fire
AN-0080,Fiat,Siena,3ª geração,2004,2012,1.8 8V
AN-0080,Fiat,Siena,Atual,2012,2016,1.0 Fire Evo
AN-0080,Fiat,Siena,Atual,2012,2016,1.4 Fire Evo
IB-0073,Fiat,Siena,1ª geração,1996,2001,1.0 8V Fire
IB-0073,Fiat,Siena,1ª geração,1996,2001,1.5 8V
IB-0073,Fiat,Siena,2ª geração,2001,2004,1.0 8V Fire
IB-0073,Fiat,Siena,2ª geração,2001,2004,1.4 8V Fire
IB-0073,Fiat,Siena,3ª geração,2004,2012,1.0 8V Fire
IB-0073,Fiat,Siena,3ª geração,2004,2012,1.4 8V Fire
IB-0073,Fiat,Siena,3ª geração,2004,2012,1.8 8V
IB-0073,Fiat,Siena,Atual,2012,2016,1.0 Fire Evo
IB-0073,Fiat,Siena,Atual,2012,2016,1.4 Fire Evo
AN-0081,Fiat,Siena,1ª geração,1996,2001,1.0 8V Fire
AN-0081,Fiat,Siena,1ª geração,1996,2001,1.5 8V
AN-0081,Fiat,Siena,2ª geração,2001,2004,1.0 8V Fire
AN-0081,Fiat,Siena,2ª geração,2001,2004,1.4 8V Fire
AN-0081,Fiat,Siena,3ª geração,2004,2012,1.0 8V Fire
AN-0081,Fiat,Siena,3ª geração,2004,2012,1.4 8V Fire
AN-0081,Fiat,Siena,3ª geração,2004,2012,1.8 8V
AN-0081,Fiat,Siena,Atual,2012,2016,1.0 Fire Evo
AN-0081,Fiat,Siena,Atual,2012,2016,1.4 Fire Evo
VG-0051,Fiat,Siena,1ª geração,1996,2001,1.0 8V Fire
VG-0051,Fiat,Siena,1ª geração,1996,2001,1.5 8V
VG-0051,Fiat,Siena,2ª geração,2001,2004,1.0 8V Fire
VG-0051,Fiat,Siena,2ª geração,2001,2004,1.4 8V Fire
VG-0051,Fiat,Siena,3ª geração,2004,2012,1.0 8V Fire
VG-0051,Fiat,Siena,3ª geração,2004,2012,1.4 8V Fire
VG-0051,Fiat,Siena,3ª geração,2004,2012,1.8 8V
VG-0051,Fiat,Siena,Atual,2012,2016,1.0 Fire Evo
VG-0051,Fiat,Siena,Atual,2012,2016,1.4 Fire Evo
AN-0082,Fiat,Strada,1ª geração,1998,2004,1.5 8V
AN-0082,Fiat,Strada,1ª geração,1998,2004,1.6 8V
AN-0082,Fiat,Strada,2ª geração,2004,2012,1.4 8V Fire
AN-0082,Fiat,Strada,2ª geração,2004,2012,1.8 8V
AN-0082,Fiat,Strada,3ª geração,2013,2020,1.4 Fire Evo
AN-0082,Fiat,Strada,3ª geração,2013,2020,1.8 E.torQ
AN-0082,Fiat,Strada,Atual,2020,2023,1.3 Firefly
AN-0082,Fiat,Strada,Atual,2020,2023,1.4 Firefly Turbo
TT-0067,Fiat,Strada,1ª geração,1998,2004,1.5 8V
TT-0067,Fiat,Strada,1ª geração,1998,2004,1.6 8V
TT-0067,Fiat,Strada,2ª geração,2004,2012,1.4 8V Fire
TT-0067,Fiat,Strada,2ª geração,2004,2012,1.8 8V
TT-0067,Fiat,Strada,3ª geração,2013,2020,1.4 Fire Evo
TT-0067,Fiat,Strada,3ª geração,2013,2020,1.8 E.torQ
TT-0067,Fiat,Strada,Atual,2020,2023,1.3 Firefly
TT-0067,Fiat,Strada,Atual,2020,2023,1.4 Firefly Turbo
PJ-0068,Fiat,Strada,1ª geração,1998,2004,1.5 8V
PJ-0068,Fiat,Strada,1ª geração,1998,2004,1.6 8V
PJ-0068,Fiat,Strada,2ª geração,2004,2012,1.4 8V Fire
PJ-0068,Fiat,Strada,2ª geração,2004,2012,1.8 8V
PJ-0068,Fiat,Strada,3ª geração,2013,2020,1.4 Fire Evo
PJ-0068,Fiat,Strada,3ª geração,2013,2020,1.8 E.torQ
PJ-0068,Fiat,Strada,Atual,2020,2023,1.3 Firefly
PJ-0068,Fiat,Strada,Atual,2020,2023,1.4 Firefly Turbo
TT-0068,Fiat,Strada,1ª geração,1998,2004,1.5 8V
TT-0068,Fiat,Strada,1ª geração,1998,2004,1.6 8V
TT-0068,Fiat,Strada,2ª geração,2004,2012,1.4 8V Fire
TT-0068,Fiat,Strada,2ª geração,2004,2012,1.8 8V
TT-0068,Fiat,Strada,3ª geração,2013,2020,1.4 Fire Evo
TT-0068,Fiat,Strada,3ª geração,2013,2020,1.8 E.torQ
TT-0068,Fiat,Strada,Atual,2020,2023,1.3 Firefly
TT-0068,Fiat,Strada,Atual,2020,2023,1.4 Firefly Turbo
VG-0052,Fiat,Strada,1ª geração,1998,2004,1.5 8V
VG-0052,Fiat,Strada,1ª geração,1998,2004,1.6 8V
VG-0052,Fiat,Strada,2ª geração,2004,2012,1.4 8V Fire
VG-0052,Fiat,Strada,2ª geração,2004,2012,1.8 8V
VG-0052,Fiat,Strada,3ª geração,2013,2020,1.4 Fire Evo
VG-0052,Fiat,Strada,3ª geração,2013,2020,1.8 E.torQ
VG-0052,Fiat,Strada,Atual,2020,2023,1.3 Firefly
VG-0052,Fiat,Strada,Atual,2020,2023,1.4 Firefly Turbo
JG-0062,Fiat,Punto,Lançamento,2007,2009,1.4 8V Fire
JG-0062,Fiat,Punto,Lançamento,2007,2009,1.8 8V
JG-0062,Fiat,Punto,Facelift 1,2009,2012,1.4 8V Fire
JG-0062,Fiat,Punto,Facelift 1,2009,2012,1.8 E.torQ
JG-0062,Fiat,Punto,Facelift 2,2012,2015,1.4 Fire Evo
JG-0062,Fiat,Punto,Facelift 2,2012,2015,1.6 E.torQ
JG-0062,Fiat,Punto,Final,2015,2017,1.4 Fire Evo
JG-0062,Fiat,Punto,Final,2015,2017,1.6 E.torQ
AN-0083,Fiat,Punto,Lançamento,2007,2009,1.4 8V Fire
AN-0083,Fiat,Punto,Lançamento,2007,2009,1.8 8V
AN-0083,Fiat,Punto,Facelift 1,2009,2012,1.4 8V Fire
AN-0083,Fiat,Punto,Facelift 1,2009,2012,1.8 E.torQ
AN-0083,Fiat,Punto,Facelift 2,2012,2015,1.4 Fire Evo
AN-0083,Fiat,Punto,Facelift 2,2012,2015,1.6 E.torQ
AN-0083,Fiat,Punto,Final,2015,2017,1.4 Fire Evo
AN-0083,Fiat,Punto,Final,2015,2017,1.6 E.torQ
IB-0074,Fiat,Punto,Lançamento,2007,2009,1.4 8V Fire
IB-0074,Fiat,Punto,Lançamento,2007,2009,1.8 8V
IB-0074,Fiat,Punto,Facelift 1,2009,2012,1.4 8V Fire
IB-0074,Fiat,Punto,Facelift 1,2009,2012,1.8 E.torQ
IB-0074,Fiat,Punto,Facelift 2,2012,2015,1.4 Fire Evo
IB-0074,Fiat,Punto,Facelift 2,2012,2015,1.6 E.torQ
IB-0074,Fiat,Punto,Final,2015,2017,1.4 Fire Evo
IB-0074,Fiat,Punto,Final,2015,2017,1.6 E.torQ
TT-0069,Fiat,Punto,Lançamento,2007,2009,1.4 8V Fire
TT-0069,Fiat,Punto,Lançamento,2007,2009,1.8 8V
TT-0069,Fiat,Punto,Facelift 1,2009,2012,1.4 8V Fire
TT-0069,Fiat,Punto,Facelift 1,2009,2012,1.8 E.torQ
TT-0069,Fiat,Punto,Facelift 2,2012,2015,1.4 Fire Evo
TT-0069,Fiat,Punto,Facelift 2,2012,2015,1.6 E.torQ
TT-0069,Fiat,Punto,Final,2015,2017,1.4 Fire Evo
TT-0069,Fiat,Punto,Final,2015,2017,1.6 E.torQ
VG-0053,Fiat,Punto,Lançamento,2007,2009,1.4 8V Fire
VG-0053,Fiat,Punto,Lançamento,2007,2009,1.8 8V
VG-0053,Fiat,Punto,Facelift 1,2009,2012,1.4 8V Fire
VG-0053,Fiat,Punto,Facelift 1,2009,2012,1.8 E.torQ
VG-0053,Fiat,Punto,Facelift 2,2012,2015,1.4 Fire Evo
VG-0053,Fiat,Punto,Facelift 2,2012,2015,1.6 E.torQ
VG-0053,Fiat,Punto,Final,2015,2017,1.4 Fire Evo
VG-0053,Fiat,Punto,Final,2015,2017,1.6 E.torQ
JG-0063,Chevrolet,Celta,1ª geração,2000,2003,1.0 8V VHC
JG-0063,Chevrolet,Celta,1ª geração,2000,2003,1.4 8V VHC
JG-0063,Chevrolet,Celta,Facelift,2003,2006,1.0 8V VHC
JG-0063,Chevrolet,Celta,Facelift,2003,2006,1.4 8V VHC
JG-0063,Chevrolet,Celta,2ª geração,2006,2011,1.0 8V VHCE
JG-0063,Chevrolet,Celta,2ª geração,2006,2011,1.4 8V VHCE Flexpower
JG-0063,Chevrolet,Celta,Final,2011,2016,1.0 8V VHCE
JG-0063,Chevrolet,Celta,Final,2011,2016,1.4 8V VHCE Flexpower
IB-0075,Chevrolet,Celta,1ª geração,2000,2003,1.0 8V VHC
IB-0075,Chevrolet,Celta,1ª geração,2000,2003,1.4 8V VHC
IB-0075,Chevrolet,Celta,Facelift,2003,2006,1.0 8V VHC
IB-0075,Chevrolet,Celta,Facelift,2003,2006,1.4 8V VHC
IB-0075,Chevrolet,Celta,2ª geração,2006,2011,1.0 8V VHCE
IB-0075,Chevrolet,Celta,2ª geração,2006,2011,1.4 8V VHCE Flexpower
IB-0075,Chevrolet,Celta,Final,2011,2016,1.0 8V VHCE
IB-0075,Chevrolet,Celta,Final,2011,2016,1.4 8V VHCE Flexpower
AN-0084,Chevrolet,Celta,1ª geração,2000,2003,1.0 8V VHC
AN-0084,Chevrolet,Celta,1ª geração,2000,2003,1.4 8V VHC
AN-0084,Chevrolet,Celta,Facelift,2003,2006,1.0 8V VHC
AN-0084,Chevrolet,Celta,Facelift,2003,2006,1.4 8V VHC
AN-0084,Chevrolet,Celta,2ª geração,2006,2011,1.0 8V VHCE
AN-0084,Chevrolet,Celta,2ª geração,2006,2011,1.4 8V VHCE Flexpower
AN-0084,Chevrolet,Celta,Final,2011,2016,1.0 8V VHCE
AN-0084,Chevrolet,Celta,Final,2011,2016,1.4 8V VHCE Flexpower
IB-0076,Chevrolet,Celta,1ª geração,2000,2003,1.0 8V VHC
IB-0076,Chevrolet,Celta,1ª geração,2000,2003,1.4 8V VHC
IB-0076,Chevrolet,Celta,Facelift,2003,2006,1.0 8V VHC
IB-0076,Chevrolet,Celta,Facelift,2003,2006,1.4 8V VHC
IB-0076,Chevrolet,Celta,2ª geração,2006,2011,1.0 8V VHCE
IB-0076,Chevrolet,Celta,2ª geração,2006,2011,1.4 8V VHCE Flexpower
IB-0076,Chevrolet,Celta,Final,2011,2016,1.0 8V VHCE
IB-0076,Chevrolet,Celta,Final,2011,2016,1.4 8V VHCE Flexpower
JG-0064,Chevrolet,Celta,1ª geração,2000,2003,1.0 8V VHC
JG-0064,Chevrolet,Celta,1ª geração,2000,2003,1.4 8V VHC
JG-0064,Chevrolet,Celta,Facelift,2003,2006,1.0 8V VHC
JG-0064,Chevrolet,Celta,Facelift,2003,2006,1.4 8V VHC
JG-0064,Chevrolet,Celta,2ª geração,2006,2011,1.0 8V VHCE
JG-0064,Chevrolet,Celta,2ª geração,2006,2011,1.4 8V VHCE Flexpower
JG-0064,Chevrolet,Celta,Final,2011,2016,1.0 8V VHCE
JG-0064,Chevrolet,Celta,Final,2011,2016,1.4 8V VHCE Flexpower
PJ-0069,Chevrolet,Corsa,1ª geração,1994,2000,1.0 8V VHC
PJ-0069,Chevrolet,Corsa,1ª geração,1994,2000,1.6 8V VHC
PJ-0069,Chevrolet,Corsa,2ª geração,2000,2002,1.0 8V VHC
PJ-0069,Chevrolet,Corsa,2ª geração,2000,2002,1.6 8V VHC
PJ-0069,Chevrolet,Corsa,Facelift,2002,2007,1.0 8V VHC
PJ-0069,Chevrolet,Corsa,Facelift,2002,2007,1.4 8V VHC
PJ-0069,Chevrolet,Corsa,Facelift,2002,2007,1.8 8V
PJ-0069,Chevrolet,Corsa,Final,2007,2012,1.0 8V VHCE
PJ-0069,Chevrolet,Corsa,Final,2007,2012,1.4 8V VHCE Flexpower
JG-0065,Chevrolet,Corsa,1ª geração,1994,2000,1.0 8V VHC
JG-0065,Chevrolet,Corsa,1ª geração,1994,2000,1.6 8V VHC
JG-0065,Chevrolet,Corsa,2ª geração,2000,2002,1.0 8V VHC
JG-0065,Chevrolet,Corsa,2ª geração,2000,2002,1.6 8V VHC
JG-0065,Chevrolet,Corsa,Facelift,2002,2007,1.0 8V VHC
JG-0065,Chevrolet,Corsa,Facelift,2002,2007,1.4 8V VHC
JG-0065,Chevrolet,Corsa,Facelift,2002,2007,1.8 8V
JG-0065,Chevrolet,Corsa,Final,2007,2012,1.0 8V VHCE
JG-0065,Chevrolet,Corsa,Final,2007,2012,1.4 8V VHCE Flexpower
IB-0077,Chevrolet,Corsa,1ª geração,1994,2000,1.0 8V VHC
IB-0077,Chevrolet,Corsa,1ª geração,1994,2000,1.6 8V VHC
IB-0077,Chevrolet,Corsa,2ª geração,2000,2002,1.0 8V VHC
IB-0077,Chevrolet,Corsa,2ª geração,2000,2002,1.6 8V VHC
IB-0077,Chevrolet,Corsa,Facelift,2002,2007,1.0 8V VHC
IB-0077,Chevrolet,Corsa,Facelift,2002,2007,1.4 8V VHC
IB-0077,Chevrolet,Corsa,Facelift,2002,2007,1.8 8V
IB-0077,Chevrolet,Corsa,Final,2007,2012,1.0 8V VHCE
IB-0077,Chevrolet,Corsa,Final,2007,2012,1.4 8V VHCE Flexpower
VG-0054,Chevrolet,Corsa,1ª geração,1994,2000,1.0 8V VHC
VG-0054,Chevrolet,Corsa,1ª geração,1994,2000,1.6 8V VHC
VG-0054,Chevrolet,Corsa,2ª geração,2000,2002,1.0 8V VHC
VG-0054,Chevrolet,Corsa,2ª geração,2000,2002,1.6 8V VHC
VG-0054,Chevrolet,Corsa,Facelift,2002,2007,1.0 8V VHC
VG-0054,Chevrolet,Corsa,Facelift,2002,2007,1.4 8V VHC
VG-0054,Chevrolet,Corsa,Facelift,2002,2007,1.8 8V
VG-0054,Chevrolet,Corsa,Final,2007,2012,1.0 8V VHCE
VG-0054,Chevrolet,Corsa,Final,2007,2012,1.4 8V VHCE Flexpower
TT-0070,Chevrolet,Corsa,1ª geração,1994,2000,1.0 8V VHC
TT-0070,Chevrolet,Corsa,1ª geração,1994,2000,1.6 8V VHC
TT-0070,Chevrolet,Corsa,2ª geração,2000,2002,1.0 8V VHC
TT-0070,Chevrolet,Corsa,2ª geração,2000,2002,1.6 8V VHC
TT-0070,Chevrolet,Corsa,Facelift,2002,2007,1.0 8V VHC
TT-0070,Chevrolet,Corsa,Facelift,2002,2007,1.4 8V VHC
TT-0070,Chevrolet,Corsa,Facelift,2002,2007,1.8 8V
TT-0070,Chevrolet,Corsa,Final,2007,2012,1.0 8V VHCE
TT-0070,Chevrolet,Corsa,Final,2007,2012,1.4 8V VHCE Flexpower
IB-0078,Chevrolet,Classic,Lançamento,2003,2005,1.0 8V VHC
IB-0078,Chevrolet,Classic,Lançamento,2003,2005,1.4 8V VHC
IB-0078,Chevrolet,Classic,Facelift 1,2005,2010,1.0 8V VHC
IB-0078,Chevrolet,Classic,Facelift 1,2005,2010,1.4 8V VHC
IB-0078,Chevrolet,Classic,Facelift 2,2010,2014,1.0 8V VHCE Economy
IB-0078,Chevrolet,Classic,Facelift 2,2010,2014,1.4 8V VHCE Flexpower
IB-0078,Chevrolet,Classic,Final,2014,2016,1.0 8V VHCE Economy
IB-0078,Chevrolet,Classic,Final,2014,2016,1.4 8V VHCE Flexpower
AN-0085,Chevrolet,Classic,Lançamento,2003,2005,1.0 8V VHC
AN-0085,Chevrolet,Classic,Lançamento,2003,2005,1.4 8V VHC
AN-0085,Chevrolet,Classic,Facelift 1,2005,2010,1.0 8V VHC
AN-0085,Chevrolet,Classic,Facelift 1,2005,2010,1.4 8V VHC
AN-0085,Chevrolet,Classic,Facelift 2,2010,2014,1.0 8V VHCE Economy
AN-0085,Chevrolet,Classic,Facelift 2,2010,2014,1.4 8V VHCE Flexpower
AN-0085,Chevrolet,Classic,Final,2014,2016,1.0 8V VHCE Economy
AN-0085,Chevrolet,Classic,Final,2014,2016,1.4 8V VHCE Flexpower
AN-0086,Chevrolet,Classic,Lançamento,2003,2005,1.0 8V VHC
AN-0086,Chevrolet,Classic,Lançamento,2003,2005,1.4 8V VHC
AN-0086,Chevrolet,Classic,Facelift 1,2005,2010,1.0 8V VHC
AN-0086,Chevrolet,Classic,Facelift 1,2005,2010,1.4 8V VHC
AN-0086,Chevrolet,Classic,Facelift 2,2010,2014,1.0 8V VHCE Economy
AN-0086,Chevrolet,Classic,Facelift 2,2010,2014,1.4 8V VHCE Flexpower
AN-0086,Chevrolet,Classic,Final,2014,2016,1.0 8V VHCE Economy
AN-0086,Chevrolet,Classic,Final,2014,2016,1.4 8V VHCE Flexpower
IB-0079,Chevrolet,Classic,Lançamento,2003,2005,1.0 8V VHC
IB-0079,Chevrolet,Classic,Lançamento,2003,2005,1.4 8V VHC
IB-0079,Chevrolet,Classic,Facelift 1,2005,2010,1.0 8V VHC
IB-0079,Chevrolet,Classic,Facelift 1,2005,2010,1.4 8V VHC
IB-0079,Chevrolet,Classic,Facelift 2,2010,2014,1.0 8V VHCE Economy
IB-0079,Chevrolet,Classic,Facelift 2,2010,2014,1.4 8V VHCE Flexpower
IB-0079,Chevrolet,Classic,Final,2014,2016,1.0 8V VHCE Economy
IB-0079,Chevrolet,Classic,Final,2014,2016,1.4 8V VHCE Flexpower
IB-0080,Chevrolet,Classic,Lançamento,2003,2005,1.0 8V VHC
IB-0080,Chevrolet,Classic,Lançamento,2003,2005,1.4 8V VHC
IB-0080,Chevrolet,Classic,Facelift 1,2005,2010,1.0 8V VHC
IB-0080,Chevrolet,Classic,Facelift 1,2005,2010,1.4 8V VHC
IB-0080,Chevrolet,Classic,Facelift 2,2010,2014,1.0 8V VHCE Economy
IB-0080,Chevrolet,Classic,Facelift 2,2010,2014,1.4 8V VHCE Flexpower
IB-0080,Chevrolet,Classic,Final,2014,2016,1.0 8V VHCE Economy
IB-0080,Chevrolet,Classic,Final,2014,2016,1.4 8V VHCE Flexpower
JG-0066,Chevrolet,Onix,1ª geração,2012,2015,1.0 SPE4
JG-0066,Chevrolet,Onix,1ª geração,2012,2015,1.4 SPE4
JG-0066,Chevrolet,Onix,Facelift,2015,2019,1.0 SPE4
JG-0066,Chevrolet,Onix,Facelift,2015,2019,1.4 SPE4
JG-0066,Chevrolet,Onix,2ª geração,2019,2022,1.0 Turbo Family 0
JG-0066,Chevrolet,Onix,2ª geração,2019,2022,1.0 Aspirado Family 0
JG-0066,Chevrolet,Onix,Atual,2022,2023,1.0 Turbo Family 0
JG-0066,Chevrolet,Onix,Atual,2022,2023,1.0 Aspirado Family 0
VG-0055,Chevrolet,Onix,1ª geração,2012,2015,1.0 SPE4
VG-0055,Chevrolet,Onix,1ª geração,2012,2015,1.4 SPE4
VG-0055,Chevrolet,Onix,Facelift,2015,2019,1.0 SPE4
VG-0055,Chevrolet,Onix,Facelift,2015,2019,1.4 SPE4
VG-0055,Chevrolet,Onix,2ª geração,2019,2022,1.0 Turbo Family 0
VG-0055,Chevrolet,Onix,2ª geração,2019,2022,1.0 Aspirado Family 0
VG-0055,Chevrolet,Onix,Atual,2022,2023,1.0 Turbo Family 0
VG-0055,Chevrolet,Onix,Atual,2022,2023,1.0 Aspirado Family 0
VG-0056,Chevrolet,Onix,1ª geração,2012,2015,1.0 SPE4
VG-0056,Chevrolet,Onix,1ª geração,2012,2015,1.4 SPE4
VG-0056,Chevrolet,Onix,Facelift,2015,2019,1.0 SPE4
VG-0056,Chevrolet,Onix,Facelift,2015,2019,1.4 SPE4
VG-0056,Chevrolet,Onix,2ª geração,2019,2022,1.0 Turbo Family 0
VG-0056,Chevrolet,Onix,2ª geração,2019,2022,1.0 Aspirado Family 0
VG-0056,Chevrolet,Onix,Atual,2022,2023,1.0 Turbo Family 0
VG-0056,Chevrolet,Onix,Atual,2022,2023,1.0 Aspirado Family 0
VG-0057,Chevrolet,Onix,1ª geração,2012,2015,1.0 SPE4
VG-0057,Chevrolet,Onix,1ª geração,2012,2015,1.4 SPE4
VG-0057,Chevrolet,Onix,Facelift,2015,2019,1.0 SPE4
VG-0057,Chevrolet,Onix,Facelift,2015,2019,1.4 SPE4
VG-0057,Chevrolet,Onix,2ª geração,2019,2022,1.0 Turbo Family 0
VG-0057,Chevrolet,Onix,2ª geração,2019,2022,1.0 Aspirado Family 0
VG-0057,Chevrolet,Onix,Atual,2022,2023,1.0 Turbo Family 0
VG-0057,Chevrolet,Onix,Atual,2022,2023,1.0 Aspirado Family 0
PJ-0070,Chevrolet,Onix,1ª geração,2012,2015,1.0 SPE4
PJ-0070,Chevrolet,Onix,1ª geração,2012,2015,1.4 SPE4
PJ-0070,Chevrolet,Onix,Facelift,2015,2019,1.0 SPE4
PJ-0070,Chevrolet,Onix,Facelift,2015,2019,1.4 SPE4
PJ-0070,Chevrolet,Onix,2ª geração,2019,2022,1.0 Turbo Family 0
PJ-0070,Chevrolet,Onix,2ª geração,2019,2022,1.0 Aspirado Family 0
PJ-0070,Chevrolet,Onix,Atual,2022,2023,1.0 Turbo Family 0
PJ-0070,Chevrolet,Onix,Atual,2022,2023,1.0 Aspirado Family 0
JG-0067,Chevrolet,Prisma,1ª geração,2006,2013,1.0 8V VHCE
JG-0067,Chevrolet,Prisma,1ª geração,2006,2013,1.4 8V VHCE Flexpower
JG-0067,Chevrolet,Prisma,2ª geração,2013,2016,1.0 SPE4
JG-0067,Chevrolet,Prisma,2ª geração,2013,2016,1.4 SPE4
JG-0067,Chevrolet,Prisma,Facelift,2016,2019,1.0 SPE4
JG-0067,Chevrolet,Prisma,Facelift,2016,2019,1.4 SPE4
JG-0067,Chevrolet,Prisma,Final,2019,2021,1.0 SPE4
JG-0067,Chevrolet,Prisma,Final,2019,2021,1.4 SPE4
VG-0058,Chevrolet,Prisma,1ª geração,2006,2013,1.0 8V VHCE
VG-0058,Chevrolet,Prisma,1ª geração,2006,2013,1.4 8V VHCE Flexpower
VG-0058,Chevrolet,Prisma,2ª geração,2013,2016,1.0 SPE4
VG-0058,Chevrolet,Prisma,2ª geração,2013,2016,1.4 SPE4
VG-0058,Chevrolet,Prisma,Facelift,2016,2019,1.0 SPE4
VG-0058,Chevrolet,Prisma,Facelift,2016,2019,1.4 SPE4
VG-0058,Chevrolet,Prisma,Final,2019,2021,1.0 SPE4
VG-0058,Chevrolet,Prisma,Final,2019,2021,1.4 SPE4
VG-0059,Chevrolet,Prisma,1ª geração,2006,2013,1.0 8V VHCE
VG-0059,Chevrolet,Prisma,1ª geração,2006,2013,1.4 8V VHCE Flexpower
VG-0059,Chevrolet,Prisma,2ª geração,2013,2016,1.0 SPE4
VG-0059,Chevrolet,Prisma,2ª geração,2013,2016,1.4 SPE4
VG-0059,Chevrolet,Prisma,Facelift,2016,2019,1.0 SPE4
VG-0059,Chevrolet,Prisma,Facelift,2016,2019,1.4 SPE4
VG-0059,Chevrolet,Prisma,Final,2019,2021,1.0 SPE4
VG-0059,Chevrolet,Prisma,Final,2019,2021,1.4 SPE4
PJ-0071,Chevrolet,Prisma,1ª geração,2006,2013,1.0 8V VHCE
PJ-0071,Chevrolet,Prisma,1ª geração,2006,2013,1.4 8V VHCE Flexpower
PJ-0071,Chevrolet,Prisma,2ª geração,2013,2016,1.0 SPE4
PJ-0071,Chevrolet,Prisma,2ª geração,2013,2016,1.4 SPE4
PJ-0071,Chevrolet,Prisma,Facelift,2016,2019,1.0 SPE4
PJ-0071,Chevrolet,Prisma,Facelift,2016,2019,1.4 SPE4
PJ-0071,Chevrolet,Prisma,Final,2019,2021,1.0 SPE4
PJ-0071,Chevrolet,Prisma,Final,2019,2021,1.4 SPE4
VG-0060,Ford,Ka,1ª geração,1997,2000,1.0 Zetec Rocam
VG-0060,Ford,Ka,1ª geração,1997,2000,1.3 Zetec Rocam
VG-0060,Ford,Ka,Facelift,2000,2007,1.0 Zetec Rocam
VG-0060,Ford,Ka,Facelift,2000,2007,1.6 Zetec Rocam
VG-0060,Ford,Ka,Nova geração,2014,2017,1.0 Ti-VCT Dragon
VG-0060,Ford,Ka,Nova geração,2014,2017,1.5 Ti-VCT Dragon
VG-0060,Ford,Ka,Facelift atual,2017,2021,1.0 Ti-VCT Dragon
VG-0060,Ford,Ka,Facelift atual,2017,2021,1.5 Ti-VCT Dragon
AN-0087,Ford,Ka,1ª geração,1997,2000,1.0 Zetec Rocam
AN-0087,Ford,Ka,1ª geração,1997,2000,1.3 Zetec Rocam
AN-0087,Ford,Ka,Facelift,2000,2007,1.0 Zetec Rocam
AN-0087,Ford,Ka,Facelift,2000,2007,1.6 Zetec Rocam
AN-0087,Ford,Ka,Nova geração,2014,2017,1.0 Ti-VCT Dragon
AN-0087,Ford,Ka,Nova geração,2014,2017,1.5 Ti-VCT Dragon
AN-0087,Ford,Ka,Facelift atual,2017,2021,1.0 Ti-VCT Dragon
AN-0087,Ford,Ka,Facelift atual,2017,2021,1.5 Ti-VCT Dragon
IB-0081,Ford,Ka,1ª geração,1997,2000,1.0 Zetec Rocam
IB-0081,Ford,Ka,1ª geração,1997,2000,1.3 Zetec Rocam
IB-0081,Ford,Ka,Facelift,2000,2007,1.0 Zetec Rocam
IB-0081,Ford,Ka,Facelift,2000,2007,1.6 Zetec Rocam
IB-0081,Ford,Ka,Nova geração,2014,2017,1.0 Ti-VCT Dragon
IB-0081,Ford,Ka,Nova geração,2014,2017,1.5 Ti-VCT Dragon
IB-0081,Ford,Ka,Facelift atual,2017,2021,1.0 Ti-VCT Dragon
IB-0081,Ford,Ka,Facelift atual,2017,2021,1.5 Ti-VCT Dragon
IB-0082,Ford,Ka,1ª geração,1997,2000,1.0 Zetec Rocam
IB-0082,Ford,Ka,1ª geração,1997,2000,1.3 Zetec Rocam
IB-0082,Ford,Ka,Facelift,2000,2007,1.0 Zetec Rocam
IB-0082,Ford,Ka,Facelift,2000,2007,1.6 Zetec Rocam
IB-0082,Ford,Ka,Nova geração,2014,2017,1.0 Ti-VCT Dragon
IB-0082,Ford,Ka,Nova geração,2014,2017,1.5 Ti-VCT Dragon
IB-0082,Ford,Ka,Facelift atual,2017,2021,1.0 Ti-VCT Dragon
IB-0082,Ford,Ka,Facelift atual,2017,2021,1.5 Ti-VCT Dragon
IB-0083,Ford,Ka,1ª geração,1997,2000,1.0 Zetec Rocam
IB-0083,Ford,Ka,1ª geração,1997,2000,1.3 Zetec Rocam
IB-0083,Ford,Ka,Facelift,2000,2007,1.0 Zetec Rocam
IB-0083,Ford,Ka,Facelift,2000,2007,1.6 Zetec Rocam
IB-0083,Ford,Ka,Nova geração,2014,2017,1.0 Ti-VCT Dragon
IB-0083,Ford,Ka,Nova geração,2014,2017,1.5 Ti-VCT Dragon
IB-0083,Ford,Ka,Facelift atual,2017,2021,1.0 Ti-VCT Dragon
IB-0083,Ford,Ka,Facelift atual,2017,2021,1.5 Ti-VCT Dragon
AN-0088,Ford,Fiesta,1ª geração BR,2002,2005,1.0 Zetec Rocam
AN-0088,Ford,Fiesta,1ª geração BR,2002,2005,1.6 Zetec Rocam
AN-0088,Ford,Fiesta,2ª geração BR,2005,2012,1.0 Zetec Rocam
AN-0088,Ford,Fiesta,2ª geração BR,2005,2012,1.6 Zetec Rocam
AN-0088,Ford,Fiesta,Nova geração,2013,2017,1.6 Ti-VCT
AN-0088,Ford,Fiesta,Nova geração,2013,2017,1.0 EcoBoost
AN-0088,Ford,Fiesta,Final,2017,2019,1.6 Ti-VCT
AN-0088,Ford,Fiesta,Final,2017,2019,1.0 EcoBoost
PJ-0072,Ford,Fiesta,1ª geração BR,2002,2005,1.0 Zetec Rocam
PJ-0072,Ford,Fiesta,1ª geração BR,2002,2005,1.6 Zetec Rocam
PJ-0072,Ford,Fiesta,2ª geração BR,2005,2012,1.0 Zetec Rocam
PJ-0072,Ford,Fiesta,2ª geração BR,2005,2012,1.6 Zetec Rocam
PJ-0072,Ford,Fiesta,Nova geração,2013,2017,1.6 Ti-VCT
PJ-0072,Ford,Fiesta,Nova geração,2013,2017,1.0 EcoBoost
PJ-0072,Ford,Fiesta,Final,2017,2019,1.6 Ti-VCT
PJ-0072,Ford,Fiesta,Final,2017,2019,1.0 EcoBoost
JG-0068,Ford,Fiesta,1ª geração BR,2002,2005,1.0 Zetec Rocam
JG-0068,Ford,Fiesta,1ª geração BR,2002,2005,1.6 Zetec Rocam
JG-0068,Ford,Fiesta,2ª geração BR,2005,2012,1.0 Zetec Rocam
JG-0068,Ford,Fiesta,2ª geração BR,2005,2012,1.6 Zetec Rocam
JG-0068,Ford,Fiesta,Nova geração,2013,2017,1.6 Ti-VCT
JG-0068,Ford,Fiesta,Nova geração,2013,2017,1.0 EcoBoost
JG-0068,Ford,Fiesta,Final,2017,2019,1.6 Ti-VCT
JG-0068,Ford,Fiesta,Final,2017,2019,1.0 EcoBoost
PJ-0073,Ford,Fiesta,1ª geração BR,2002,2005,1.0 Zetec Rocam
PJ-0073,Ford,Fiesta,1ª geração BR,2002,2005,1.6 Zetec Rocam
PJ-0073,Ford,Fiesta,2ª geração BR,2005,2012,1.0 Zetec Rocam
PJ-0073,Ford,Fiesta,2ª geração BR,2005,2012,1.6 Zetec Rocam
PJ-0073,Ford,Fiesta,Nova geração,2013,2017,1.6 Ti-VCT
PJ-0073,Ford,Fiesta,Nova geração,2013,2017,1.0 EcoBoost
PJ-0073,Ford,Fiesta,Final,2017,2019,1.6 Ti-VCT
PJ-0073,Ford,Fiesta,Final,2017,2019,1.0 EcoBoost
JG-0069,Ford,Fiesta,1ª geração BR,2002,2005,1.0 Zetec Rocam
JG-0069,Ford,Fiesta,1ª geração BR,2002,2005,1.6 Zetec Rocam
JG-0069,Ford,Fiesta,2ª geração BR,2005,2012,1.0 Zetec Rocam
JG-0069,Ford,Fiesta,2ª geração BR,2005,2012,1.6 Zetec Rocam
JG-0069,Ford,Fiesta,Nova geração,2013,2017,1.6 Ti-VCT
JG-0069,Ford,Fiesta,Nova geração,2013,2017,1.0 EcoBoost
JG-0069,Ford,Fiesta,Final,2017,2019,1.6 Ti-VCT
JG-0069,Ford,Fiesta,Final,2017,2019,1.0 EcoBoost
IB-0084,Ford,EcoSport,1ª geração,2003,2007,1.6 Zetec Rocam
IB-0084,Ford,EcoSport,1ª geração,2003,2007,2.0 Zetec
IB-0084,Ford,EcoSport,Facelift,2007,2012,1.6 Zetec Rocam
IB-0084,Ford,EcoSport,Facelift,2007,2012,2.0 Duratec
IB-0084,Ford,EcoSport,2ª geração,2012,2017,1.6 Ti-VCT
IB-0084,Ford,EcoSport,2ª geração,2012,2017,2.0 Ti-VCT
IB-0084,Ford,EcoSport,Final,2017,2021,1.5 Ti-VCT
IB-0084,Ford,EcoSport,Final,2017,2021,2.0 Ti-VCT AWD
JG-0070,Ford,EcoSport,1ª geração,2003,2007,1.6 Zetec Rocam
JG-0070,Ford,EcoSport,1ª geração,2003,2007,2.0 Zetec
JG-0070,Ford,EcoSport,Facelift,2007,2012,1.6 Zetec Rocam
JG-0070,Ford,EcoSport,Facelift,2007,2012,2.0 Duratec
JG-0070,Ford,EcoSport,2ª geração,2012,2017,1.6 Ti-VCT
JG-0070,Ford,EcoSport,2ª geração,2012,2017,2.0 Ti-VCT
JG-0070,Ford,EcoSport,Final,2017,2021,1.5 Ti-VCT
JG-0070,Ford,EcoSport,Final,2017,2021,2.0 Ti-VCT AWD
IB-0085,Ford,EcoSport,1ª geração,2003,2007,1.6 Zetec Rocam
IB-0085,Ford,EcoSport,1ª geração,2003,2007,2.0 Zetec
IB-0085,Ford,EcoSport,Facelift,2007,2012,1.6 Zetec Rocam
IB-0085,Ford,EcoSport,Facelift,2007,2012,2.0 Duratec
IB-0085,Ford,EcoSport,2ª geração,2012,2017,1.6 Ti-VCT
IB-0085,Ford,EcoSport,2ª geração,2012,2017,2.0 Ti-VCT
IB-0085,Ford,EcoSport,Final,2017,2021,1.5 Ti-VCT
IB-0085,Ford,EcoSport,Final,2017,2021,2.0 Ti-VCT AWD
AN-0089,Ford,EcoSport,1ª geração,2003,2007,1.6 Zetec Rocam
AN-0089,Ford,EcoSport,1ª geração,2003,2007,2.0 Zetec
AN-0089,Ford,EcoSport,Facelift,2007,2012,1.6 Zetec Rocam
AN-0089,Ford,EcoSport,Facelift,2007,2012,2.0 Duratec
AN-0089,Ford,EcoSport,2ª geração,2012,2017,1.6 Ti-VCT
AN-0089,Ford,EcoSport,2ª geração,2012,2017,2.0 Ti-VCT
AN-0089,Ford,EcoSport,Final,2017,2021,1.5 Ti-VCT
AN-0089,Ford,EcoSport,Final,2017,2021,2.0 Ti-VCT AWD
PJ-0074,Renault,Sandero,1ª geração,2007,2011,1.0 16V Energy
PJ-0074,Renault,Sandero,1ª geração,2007,2011,1.6 16V Energy
PJ-0074,Renault,Sandero,Facelift,2011,2014,1.0 16V Energy
PJ-0074,Renault,Sandero,Facelift,2011,2014,1.6 16V Energy
PJ-0074,Renault,Sandero,2ª geração,2014,2017,1.0 12V SCe
PJ-0074,Renault,Sandero,2ª geração,2014,2017,1.6 16V Energy
PJ-0074,Renault,Sandero,Final,2017,2020,1.0 12V SCe
PJ-0074,Renault,Sandero,Final,2017,2020,1.6 16V SCe
IB-0086,Renault,Sandero,1ª geração,2007,2011,1.0 16V Energy
IB-0086,Renault,Sandero,1ª geração,2007,2011,1.6 16V Energy
IB-0086,Renault,Sandero,Facelift,2011,2014,1.0 16V Energy
IB-0086,Renault,Sandero,Facelift,2011,2014,1.6 16V Energy
IB-0086,Renault,Sandero,2ª geração,2014,2017,1.0 12V SCe
IB-0086,Renault,Sandero,2ª geração,2014,2017,1.6 16V Energy
IB-0086,Renault,Sandero,Final,2017,2020,1.0 12V SCe
IB-0086,Renault,Sandero,Final,2017,2020,1.6 16V SCe
TT-0071,Renault,Sandero,1ª geração,2007,2011,1.0 16V Energy
TT-0071,Renault,Sandero,1ª geração,2007,2011,1.6 16V Energy
TT-0071,Renault,Sandero,Facelift,2011,2014,1.0 16V Energy
TT-0071,Renault,Sandero,Facelift,2011,2014,1.6 16V Energy
TT-0071,Renault,Sandero,2ª geração,2014,2017,1.0 12V SCe
TT-0071,Renault,Sandero,2ª geração,2014,2017,1.6 16V Energy
TT-0071,Renault,Sandero,Final,2017,2020,1.0 12V SCe
TT-0071,Renault,Sandero,Final,2017,2020,1.6 16V SCe
VG-0061,Renault,Sandero,1ª geração,2007,2011,1.0 16V Energy
VG-0061,Renault,Sandero,1ª geração,2007,2011,1.6 16V Energy
VG-0061,Renault,Sandero,Facelift,2011,2014,1.0 16V Energy
VG-0061,Renault,Sandero,Facelift,2011,2014,1.6 16V Energy
VG-0061,Renault,Sandero,2ª geração,2014,2017,1.0 12V SCe
VG-0061,Renault,Sandero,2ª geração,2014,2017,1.6 16V Energy
VG-0061,Renault,Sandero,Final,2017,2020,1.0 12V SCe
VG-0061,Renault,Sandero,Final,2017,2020,1.6 16V SCe
AN-0090,Renault,Logan,1ª geração,2007,2011,1.0 16V Energy
AN-0090,Renault,Logan,1ª geração,2007,2011,1.6 16V Energy
AN-0090,Renault,Logan,Facelift,2011,2013,1.0 16V Energy
AN-0090,Renault,Logan,Facelift,2011,2013,1.6 16V Energy
AN-0090,Renault,Logan,2ª geração,2013,2017,1.0 12V SCe
AN-0090,Renault,Logan,2ª geração,2013,2017,1.6 16V Energy
AN-0090,Renault,Logan,Final,2017,2021,1.0 12V SCe
AN-0090,Renault,Logan,Final,2017,2021,1.6 16V SCe
IB-0087,Renault,Logan,1ª geração,2007,2011,1.0 16V Energy
IB-0087,Renault,Logan,1ª geração,2007,2011,1.6 16V Energy
IB-0087,Renault,Logan,Facelift,2011,2013,1.0 16V Energy
IB-0087,Renault,Logan,Facelift,2011,2013,1.6 16V Energy
IB-0087,Renault,Logan,2ª geração,2013,2017,1.0 12V SCe
IB-0087,Renault,Logan,2ª geração,2013,2017,1.6 16V Energy
IB-0087,Renault,Logan,Final,2017,2021,1.0 12V SCe
IB-0087,Renault,Logan,Final,2017,2021,1.6 16V SCe
IB-0088,Renault,Logan,1ª geração,2007,2011,1.0 16V Energy
IB-0088,Renault,Logan,1ª geração,2007,2011,1.6 16V Energy
IB-0088,Renault,Logan,Facelift,2011,2013,1.0 16V Energy
IB-0088,Renault,Logan,Facelift,2011,2013,1.6 16V Energy
IB-0088,Renault,Logan,2ª geração,2013,2017,1.0 12V SCe
IB-0088,Renault,Logan,2ª geração,2013,2017,1.6 16V Energy
IB-0088,Renault,Logan,Final,2017,2021,1.0 12V SCe
IB-0088,Renault,Logan,Final,2017,2021,1.6 16V SCe
TT-0072,Renault,Logan,1ª geração,2007,2011,1.0 16V Energy
TT-0072,Renault,Logan,1ª geração,2007,2011,1.6 16V Energy
TT-0072,Renault,Logan,Facelift,2011,2013,1.0 16V Energy
TT-0072,Renault,Logan,Facelift,2011,2013,1.6 16V Energy
TT-0072,Renault,Logan,2ª geração,2013,2017,1.0 12V SCe
TT-0072,Renault,Logan,2ª geração,2013,2017,1.6 16V Energy
TT-0072,Renault,Logan,Final,2017,2021,1.0 12V SCe
TT-0072,Renault,Logan,Final,2017,2021,1.6 16V SCe
VG-0062,Renault,Logan,1ª geração,2007,2011,1.0 16V Energy
VG-0062,Renault,Logan,1ª geração,2007,2011,1.6 16V Energy
VG-0062,Renault,Logan,Facelift,2011,2013,1.0 16V Energy
VG-0062,Renault,Logan,Facelift,2011,2013,1.6 16V Energy
VG-0062,Renault,Logan,2ª geração,2013,2017,1.0 12V SCe
VG-0062,Renault,Logan,2ª geração,2013,2017,1.6 16V Energy
VG-0062,Renault,Logan,Final,2017,2021,1.0 12V SCe
VG-0062,Renault,Logan,Final,2017,2021,1.6 16V SCe
PJ-0075,Renault,Duster,1ª geração,2011,2015,1.6 16V Energy
PJ-0075,Renault,Duster,1ª geração,2011,2015,2.0 16V
PJ-0075,Renault,Duster,Facelift,2015,2019,1.6 16V SCe
PJ-0075,Renault,Duster,Facelift,2015,2019,2.0 16V
PJ-0075,Renault,Duster,2ª geração,2019,2021,1.6 16V SCe
PJ-0075,Renault,Duster,2ª geração,2019,2021,2.0 16V
PJ-0075,Renault,Duster,Atual,2021,2023,1.6 16V SCe
PJ-0075,Renault,Duster,Atual,2021,2023,2.0 16V
VG-0063,Renault,Duster,1ª geração,2011,2015,1.6 16V Energy
VG-0063,Renault,Duster,1ª geração,2011,2015,2.0 16V
VG-0063,Renault,Duster,Facelift,2015,2019,1.6 16V SCe
VG-0063,Renault,Duster,Facelift,2015,2019,2.0 16V
VG-0063,Renault,Duster,2ª geração,2019,2021,1.6 16V SCe
VG-0063,Renault,Duster,2ª geração,2019,2021,2.0 16V
VG-0063,Renault,Duster,Atual,2021,2023,1.6 16V SCe
VG-0063,Renault,Duster,Atual,2021,2023,2.0 16V
PJ-0076,Renault,Duster,1ª geração,2011,2015,1.6 16V Energy
PJ-0076,Renault,Duster,1ª geração,2011,2015,2.0 16V
PJ-0076,Renault,Duster,Facelift,2015,2019,1.6 16V SCe
PJ-0076,Renault,Duster,Facelift,2015,2019,2.0 16V
PJ-0076,Renault,Duster,2ª geração,2019,2021,1.6 16V SCe
PJ-0076,Renault,Duster,2ª geração,2019,2021,2.0 16V
PJ-0076,Renault,Duster,Atual,2021,2023,1.6 16V SCe
PJ-0076,Renault,Duster,Atual,2021,2023,2.0 16V
IB-0089,Renault,Duster,1ª geração,2011,2015,1.6 16V Energy
IB-0089,Renault,Duster,1ª geração,2011,2015,2.0 16V
IB-0089,Renault,Duster,Facelift,2015,2019,1.6 16V SCe
IB-0089,Renault,Duster,Facelift,2015,2019,2.0 16V
IB-0089,Renault,Duster,2ª geração,2019,2021,1.6 16V SCe
IB-0089,Renault,Duster,2ª geração,2019,2021,2.0 16V
IB-0089,Renault,Duster,Atual,2021,2023,1.6 16V SCe
IB-0089,Renault,Duster,Atual,2021,2023,2.0 16V
TT-0073,Hyundai,HB20,Lançamento,2012,2015,1.0 Kappa
TT-0073,Hyundai,HB20,Lançamento,2012,2015,1.6 Gamma
TT-0073,Hyundai,HB20,Facelift,2015,2019,1.0 Kappa
TT-0073,Hyundai,HB20,Facelift,2015,2019,1.6 Gamma
TT-0073,Hyundai,HB20,2ª geração,2019,2021,1.0 Kappa TGDI
TT-0073,Hyundai,HB20,2ª geração,2019,2021,1.6 Gamma
TT-0073,Hyundai,HB20,Atual,2021,2023,1.0 Kappa TGDI
TT-0073,Hyundai,HB20,Atual,2021,2023,1.6 Gamma
AN-0091,Hyundai,HB20,Lançamento,2012,2015,1.0 Kappa
AN-0091,Hyundai,HB20,Lançamento,2012,2015,1.6 Gamma
AN-0091,Hyundai,HB20,Facelift,2015,2019,1.0 Kappa
AN-0091,Hyundai,HB20,Facelift,2015,2019,1.6 Gamma
AN-0091,Hyundai,HB20,2ª geração,2019,2021,1.0 Kappa TGDI
AN-0091,Hyundai,HB20,2ª geração,2019,2021,1.6 Gamma
AN-0091,Hyundai,HB20,Atual,2021,2023,1.0 Kappa TGDI
AN-0091,Hyundai,HB20,Atual,2021,2023,1.6 Gamma
JG-0071,Hyundai,HB20,Lançamento,2012,2015,1.0 Kappa
JG-0071,Hyundai,HB20,Lançamento,2012,2015,1.6 Gamma
JG-0071,Hyundai,HB20,Facelift,2015,2019,1.0 Kappa
JG-0071,Hyundai,HB20,Facelift,2015,2019,1.6 Gamma
JG-0071,Hyundai,HB20,2ª geração,2019,2021,1.0 Kappa TGDI
JG-0071,Hyundai,HB20,2ª geração,2019,2021,1.6 Gamma
JG-0071,Hyundai,HB20,Atual,2021,2023,1.0 Kappa TGDI
JG-0071,Hyundai,HB20,Atual,2021,2023,1.6 Gamma
VG-0064,Hyundai,HB20,Lançamento,2012,2015,1.0 Kappa
VG-0064,Hyundai,HB20,Lançamento,2012,2015,1.6 Gamma
VG-0064,Hyundai,HB20,Facelift,2015,2019,1.0 Kappa
VG-0064,Hyundai,HB20,Facelift,2015,2019,1.6 Gamma
VG-0064,Hyundai,HB20,2ª geração,2019,2021,1.0 Kappa TGDI
VG-0064,Hyundai,HB20,2ª geração,2019,2021,1.6 Gamma
VG-0064,Hyundai,HB20,Atual,2021,2023,1.0 Kappa TGDI
VG-0064,Hyundai,HB20,Atual,2021,2023,1.6 Gamma
PJ-0077,Toyota,Corolla,9ª geração,2003,2008,1.6 VVT-i
PJ-0077,Toyota,Corolla,9ª geração,2003,2008,1.8 VVT-i
PJ-0077,Toyota,Corolla,10ª geração,2008,2014,1.8 Dual VVT-i
PJ-0077,Toyota,Corolla,10ª geração,2008,2014,2.0 Dual VVT-i
PJ-0077,Toyota,Corolla,11ª geração,2014,2019,1.8 Dual VVT-i
PJ-0077,Toyota,Corolla,11ª geração,2014,2019,2.0 Dual VVT-i
PJ-0077,Toyota,Corolla,12ª geração,2019,2023,2.0 Dynamic Force
PJ-0077,Toyota,Corolla,12ª geração,2019,2023,1.8 Hybrid Dynamic Force
JG-0072,Toyota,Corolla,9ª geração,2003,2008,1.6 VVT-i
JG-0072,Toyota,Corolla,9ª geração,2003,2008,1.8 VVT-i
JG-0072,Toyota,Corolla,10ª geração,2008,2014,1.8 Dual VVT-i
JG-0072,Toyota,Corolla,10ª geração,2008,2014,2.0 Dual VVT-i
JG-0072,Toyota,Corolla,11ª geração,2014,2019,1.8 Dual VVT-i
JG-0072,Toyota,Corolla,11ª geração,2014,2019,2.0 Dual VVT-i
JG-0072,Toyota,Corolla,12ª geração,2019,2023,2.0 Dynamic Force
JG-0072,Toyota,Corolla,12ª geração,2019,2023,1.8 Hybrid Dynamic Force
VG-0065,Toyota,Corolla,9ª geração,2003,2008,1.6 VVT-i
VG-0065,Toyota,Corolla,9ª geração,2003,2008,1.8 VVT-i
VG-0065,Toyota,Corolla,10ª geração,2008,2014,1.8 Dual VVT-i
VG-0065,Toyota,Corolla,10ª geração,2008,2014,2.0 Dual VVT-i
VG-0065,Toyota,Corolla,11ª geração,2014,2019,1.8 Dual VVT-i
VG-0065,Toyota,Corolla,11ª geração,2014,2019,2.0 Dual VVT-i
VG-0065,Toyota,Corolla,12ª geração,2019,2023,2.0 Dynamic Force
VG-0065,Toyota,Corolla,12ª geração,2019,2023,1.8 Hybrid Dynamic Force
VG-0066,Toyota,Corolla,9ª geração,2003,2008,1.6 VVT-i
VG-0066,Toyota,Corolla,9ª geração,2003,2008,1.8 VVT-i
VG-0066,Toyota,Corolla,10ª geração,2008,2014,1.8 Dual VVT-i
VG-0066,Toyota,Corolla,10ª geração,2008,2014,2.0 Dual VVT-i
VG-0066,Toyota,Corolla,11ª geração,2014,2019,1.8 Dual VVT-i
VG-0066,Toyota,Corolla,11ª geração,2014,2019,2.0 Dual VVT-i
VG-0066,Toyota,Corolla,12ª geração,2019,2023,2.0 Dynamic Force
VG-0066,Toyota,Corolla,12ª geração,2019,2023,1.8 Hybrid Dynamic Force
IB-0090,Honda,Civic,7ª geração,2001,2006,1.7 SOHC VTEC
IB-0090,Honda,Civic,8ª geração,2006,2011,1.8 SOHC i-VTEC
IB-0090,Honda,Civic,8ª geração,2006,2011,2.0 SOHC i-VTEC
IB-0090,Honda,Civic,9ª geração,2012,2016,1.8 SOHC i-VTEC
IB-0090,Honda,Civic,9ª geração,2012,2016,2.0 SOHC i-VTEC
IB-0090,Honda,Civic,10ª geração,2016,2021,2.0 Earth Dreams
IB-0090,Honda,Civic,10ª geração,2016,2021,1.5 Turbo Earth Dreams
VG-0067,Honda,Civic,7ª geração,2001,2006,1.7 SOHC VTEC
VG-0067,Honda,Civic,8ª geração,2006,2011,1.8 SOHC i-VTEC
VG-0067,Honda,Civic,8ª geração,2006,2011,2.0 SOHC i-VTEC
VG-0067,Honda,Civic,9ª geração,2012,2016,1.8 SOHC i-VTEC
VG-0067,Honda,Civic,9ª geração,2012,2016,2.0 SOHC i-VTEC
VG-0067,Honda,Civic,10ª geração,2016,2021,2.0 Earth Dreams
VG-0067,Honda,Civic,10ª geração,2016,2021,1.5 Turbo Earth Dreams
IB-0091,Honda,Civic,7ª geração,2001,2006,1.7 SOHC VTEC
IB-0091,Honda,Civic,8ª geração,2006,2011,1.8 SOHC i-VTEC
IB-0091,Honda,Civic,8ª geração,2006,2011,2.0 SOHC i-VTEC
IB-0091,Honda,Civic,9ª geração,2012,2016,1.8 SOHC i-VTEC
IB-0091,Honda,Civic,9ª geração,2012,2016,2.0 SOHC i-VTEC
IB-0091,Honda,Civic,10ª geração,2016,2021,2.0 Earth Dreams
IB-0091,Honda,Civic,10ª geração,2016,2021,1.5 Turbo Earth Dreams
PJ-0078,Honda,Civic,7ª geração,2001,2006,1.7 SOHC VTEC
PJ-0078,Honda,Civic,8ª geração,2006,2011,1.8 SOHC i-VTEC
PJ-0078,Honda,Civic,8ª geração,2006,2011,2.0 SOHC i-VTEC
PJ-0078,Honda,Civic,9ª geração,2012,2016,1.8 SOHC i-VTEC
PJ-0078,Honda,Civic,9ª geração,2012,2016,2.0 SOHC i-VTEC
PJ-0078,Honda,Civic,10ª geração,2016,2021,2.0 Earth Dreams
PJ-0078,Honda,Civic,10ª geração,2016,2021,1.5 Turbo Earth Dreams
PJ-0079,Honda,Civic,7ª geração,2001,2006,1.7 SOHC VTEC
PJ-0079,Honda,Civic,8ª geração,2006,2011,1.8 SOHC i-VTEC
PJ-0079,Honda,Civic,8ª geração,2006,2011,2.0 SOHC i-VTEC
PJ-0079,Honda,Civic,9ª geração,2012,2016,1.8 SOHC i-VTEC
PJ-0079,Honda,Civic,9ª geração,2012,2016,2.0 SOHC i-VTEC
PJ-0079,Honda,Civic,10ª geração,2016,2021,2.0 Earth Dreams
PJ-0079,Honda,Civic,10ª geração,2016,2021,1.5 Turbo Earth Dreams
AN-0092,Honda,Fit,1ª geração,2003,2008,1.4 SOHC i-DSI
AN-0092,Honda,Fit,1ª geração,2003,2008,1.5 SOHC VTEC
AN-0092,Honda,Fit,2ª geração,2008,2014,1.4 SOHC i-VTEC
AN-0092,Honda,Fit,2ª geração,2008,2014,1.5 SOHC i-VTEC
AN-0092,Honda,Fit,3ª geração,2015,2020,1.5 Earth Dreams
AN-0092,Honda,Fit,Final,2020,2021,1.5 Earth Dreams
IB-0092,Honda,Fit,1ª geração,2003,2008,1.4 SOHC i-DSI
IB-0092,Honda,Fit,1ª geração,2003,2008,1.5 SOHC VTEC
IB-0092,Honda,Fit,2ª geração,2008,2014,1.4 SOHC i-VTEC
IB-0092,Honda,Fit,2ª geração,2008,2014,1.5 SOHC i-VTEC
IB-0092,Honda,Fit,3ª geração,2015,2020,1.5 Earth Dreams
IB-0092,Honda,Fit,Final,2020,2021,1.5 Earth Dreams
AN-0093,Honda,Fit,1ª geração,2003,2008,1.4 SOHC i-DSI
AN-0093,Honda,Fit,1ª geração,2003,2008,1.5 SOHC VTEC
AN-0093,Honda,Fit,2ª geração,2008,2014,1.4 SOHC i-VTEC
AN-0093,Honda,Fit,2ª geração,2008,2014,1.5 SOHC i-VTEC
AN-0093,Honda,Fit,3ª geração,2015,2020,1.5 Earth Dreams
AN-0093,Honda,Fit,Final,2020,2021,1.5 Earth Dreams
VG-0068,Honda,Fit,1ª geração,2003,2008,1.4 SOHC i-DSI
VG-0068,Honda,Fit,1ª geração,2003,2008,1.5 SOHC VTEC
VG-0068,Honda,Fit,2ª geração,2008,2014,1.4 SOHC i-VTEC
VG-0068,Honda,Fit,2ª geração,2008,2014,1.5 SOHC i-VTEC
VG-0068,Honda,Fit,3ª geração,2015,2020,1.5 Earth Dreams
VG-0068,Honda,Fit,Final,2020,2021,1.5 Earth Dreams
JG-0073,Volkswagen,Up!,Lançamento,2014,2016,1.0 12V MPI EA111
JG-0073,Volkswagen,Up!,Lançamento,2014,2016,1.0 12V TSI EA111
JG-0073,Volkswagen,Up!,Facelift,2016,2019,1.0 12V MPI EA111
JG-0073,Volkswagen,Up!,Facelift,2016,2019,1.0 12V TSI EA111
JG-0073,Volkswagen,Up!,2ª fase,2019,2021,1.0 12V MPI EA211
JG-0073,Volkswagen,Up!,2ª fase,2019,2021,1.0 12V TSI EA211
JG-0073,Volkswagen,Up!,Final,2021,2023,1.0 12V TSI EA211
JG-0074,Volkswagen,Up!,Lançamento,2014,2016,1.0 12V MPI EA111
JG-0074,Volkswagen,Up!,Lançamento,2014,2016,1.0 12V TSI EA111
JG-0074,Volkswagen,Up!,Facelift,2016,2019,1.0 12V MPI EA111
JG-0074,Volkswagen,Up!,Facelift,2016,2019,1.0 12V TSI EA111
JG-0074,Volkswagen,Up!,2ª fase,2019,2021,1.0 12V MPI EA211
JG-0074,Volkswagen,Up!,2ª fase,2019,2021,1.0 12V TSI EA211
JG-0074,Volkswagen,Up!,Final,2021,2023,1.0 12V TSI EA211
AN-0094,Volkswagen,Up!,Lançamento,2014,2016,1.0 12V MPI EA111
AN-0094,Volkswagen,Up!,Lançamento,2014,2016,1.0 12V TSI EA111
AN-0094,Volkswagen,Up!,Facelift,2016,2019,1.0 12V MPI EA111
AN-0094,Volkswagen,Up!,Facelift,2016,2019,1.0 12V TSI EA111
AN-0094,Volkswagen,Up!,2ª fase,2019,2021,1.0 12V MPI EA211
AN-0094,Volkswagen,Up!,2ª fase,2019,2021,1.0 12V TSI EA211
AN-0094,Volkswagen,Up!,Final,2021,2023,1.0 12V TSI EA211
PJ-0080,Volkswagen,Up!,Lançamento,2014,2016,1.0 12V MPI EA111
PJ-0080,Volkswagen,Up!,Lançamento,2014,2016,1.0 12V TSI EA111
PJ-0080,Volkswagen,Up!,Facelift,2016,2019,1.0 12V MPI EA111
PJ-0080,Volkswagen,Up!,Facelift,2016,2019,1.0 12V TSI EA111
PJ-0080,Volkswagen,Up!,2ª fase,2019,2021,1.0 12V MPI EA211
PJ-0080,Volkswagen,Up!,2ª fase,2019,2021,1.0 12V TSI EA211
PJ-0080,Volkswagen,Up!,Final,2021,2023,1.0 12V TSI EA211
IB-0093,Volkswagen,Up!,Lançamento,2014,2016,1.0 12V MPI EA111
IB-0093,Volkswagen,Up!,Lançamento,2014,2016,1.0 12V TSI EA111
IB-0093,Volkswagen,Up!,Facelift,2016,2019,1.0 12V MPI EA111
IB-0093,Volkswagen,Up!,Facelift,2016,2019,1.0 12V TSI EA111
IB-0093,Volkswagen,Up!,2ª fase,2019,2021,1.0 12V MPI EA211
IB-0093,Volkswagen,Up!,2ª fase,2019,2021,1.0 12V TSI EA211
IB-0093,Volkswagen,Up!,Final,2021,2023,1.0 12V TSI EA211
IB-0094,Fiat,Mobi,Lançamento,2016,2018,1.0 Firefly
IB-0094,Fiat,Mobi,Facelift 1,2018,2020,1.0 Firefly
IB-0094,Fiat,Mobi,Facelift 2,2020,2022,1.0 Firefly
IB-0094,Fiat,Mobi,Facelift 2,2020,2022,1.0 Firefly Turbo
IB-0094,Fiat,Mobi,Atual,2022,2023,1.0 Firefly
IB-0094,Fiat,Mobi,Atual,2022,2023,1.0 Firefly Turbo
VG-0069,Fiat,Mobi,Lançamento,2016,2018,1.0 Firefly
VG-0069,Fiat,Mobi,Facelift 1,2018,2020,1.0 Firefly
VG-0069,Fiat,Mobi,Facelift 2,2020,2022,1.0 Firefly
VG-0069,Fiat,Mobi,Facelift 2,2020,2022,1.0 Firefly Turbo
VG-0069,Fiat,Mobi,Atual,2022,2023,1.0 Firefly
VG-0069,Fiat,Mobi,Atual,2022,2023,1.0 Firefly Turbo
AN-0095,Fiat,Mobi,Lançamento,2016,2018,1.0 Firefly
AN-0095,Fiat,Mobi,Facelift 1,2018,2020,1.0 Firefly
AN-0095,Fiat,Mobi,Facelift 2,2020,2022,1.0 Firefly
AN-0095,Fiat,Mobi,Facelift 2,2020,2022,1.0 Firefly Turbo
AN-0095,Fiat,Mobi,Atual,2022,2023,1.0 Firefly
AN-0095,Fiat,Mobi,Atual,2022,2023,1.0 Firefly Turbo
VG-0070,Fiat,Mobi,Lançamento,2016,2018,1.0 Firefly
VG-0070,Fiat,Mobi,Facelift 1,2018,2020,1.0 Firefly
VG-0070,Fiat,Mobi,Facelift 2,2020,2022,1.0 Firefly
VG-0070,Fiat,Mobi,Facelift 2,2020,2022,1.0 Firefly Turbo
VG-0070,Fiat,Mobi,Atual,2022,2023,1.0 Firefly
VG-0070,Fiat,Mobi,Atual,2022,2023,1.0 Firefly Turbo
PJ-0081,Chevrolet,Spin,Lançamento,2012,2016,1.8 SPE4
PJ-0081,Chevrolet,Spin,Facelift,2016,2019,1.8 SPE4
PJ-0081,Chevrolet,Spin,Facelift,2016,2019,1.8 SPE4 Flexpower
PJ-0081,Chevrolet,Spin,2ª fase,2019,2021,1.8 Family I
PJ-0081,Chevrolet,Spin,Final,2021,2023,1.8 Family I
VG-0071,Chevrolet,Spin,Lançamento,2012,2016,1.8 SPE4
VG-0071,Chevrolet,Spin,Facelift,2016,2019,1.8 SPE4
VG-0071,Chevrolet,Spin,Facelift,2016,2019,1.8 SPE4 Flexpower
VG-0071,Chevrolet,Spin,2ª fase,2019,2021,1.8 Family I
VG-0071,Chevrolet,Spin,Final,2021,2023,1.8 Family I
TT-0074,Chevrolet,Spin,Lançamento,2012,2016,1.8 SPE4
TT-0074,Chevrolet,Spin,Facelift,2016,2019,1.8 SPE4
TT-0074,Chevrolet,Spin,Facelift,2016,2019,1.8 SPE4 Flexpower
TT-0074,Chevrolet,Spin,2ª fase,2019,2021,1.8 Family I
TT-0074,Chevrolet,Spin,Final,2021,2023,1.8 Family I
IB-0095,Chevrolet,Spin,Lançamento,2012,2016,1.8 SPE4
IB-0095,Chevrolet,Spin,Facelift,2016,2019,1.8 SPE4
IB-0095,Chevrolet,Spin,Facelift,2016,2019,1.8 SPE4 Flexpower
IB-0095,Chevrolet,Spin,2ª fase,2019,2021,1.8 Family I
IB-0095,Chevrolet,Spin,Final,2021,2023,1.8 Family I
JG-0075,Chevrolet,Spin,Lançamento,2012,2016,1.8 SPE4
JG-0075,Chevrolet,Spin,Facelift,2016,2019,1.8 SPE4
JG-0075,Chevrolet,Spin,Facelift,2016,2019,1.8 SPE4 Flexpower
JG-0075,Chevrolet,Spin,2ª fase,2019,2021,1.8 Family I
JG-0075,Chevrolet,Spin,Final,2021,2023,1.8 Family I
IB-0096,Nissan,March,Lançamento,2011,2014,1.0 HR10DE
IB-0096,Nissan,March,Lançamento,2011,2014,1.6 HR16DE
IB-0096,Nissan,March,Facelift,2014,2017,1.0 HR10DE
IB-0096,Nissan,March,Facelift,2014,2017,1.6 HR16DE
IB-0096,Nissan,March,2ª fase,2017,2020,1.0 HR10DE
IB-0096,Nissan,March,2ª fase,2017,2020,1.6 HR16DE
IB-0096,Nissan,March,Final,2020,2022,1.6 HR16DE
IB-0097,Nissan,March,Lançamento,2011,2014,1.0 HR10DE
IB-0097,Nissan,March,Lançamento,2011,2014,1.6 HR16DE
IB-0097,Nissan,March,Facelift,2014,2017,1.0 HR10DE
IB-0097,Nissan,March,Facelift,2014,2017,1.6 HR16DE
IB-0097,Nissan,March,2ª fase,2017,2020,1.0 HR10DE
IB-0097,Nissan,March,2ª fase,2017,2020,1.6 HR16DE
IB-0097,Nissan,March,Final,2020,2022,1.6 HR16DE
AN-0096,Nissan,March,Lançamento,2011,2014,1.0 HR10DE
AN-0096,Nissan,March,Lançamento,2011,2014,1.6 HR16DE
AN-0096,Nissan,March,Facelift,2014,2017,1.0 HR10DE
AN-0096,Nissan,March,Facelift,2014,2017,1.6 HR16DE
AN-0096,Nissan,March,2ª fase,2017,2020,1.0 HR10DE
AN-0096,Nissan,March,2ª fase,2017,2020,1.6 HR16DE
AN-0096,Nissan,March,Final,2020,2022,1.6 HR16DE
JG-0076,Nissan,March,Lançamento,2011,2014,1.0 HR10DE
JG-0076,Nissan,March,Lançamento,2011,2014,1.6 HR16DE
JG-0076,Nissan,March,Facelift,2014,2017,1.0 HR10DE
JG-0076,Nissan,March,Facelift,2014,2017,1.6 HR16DE
JG-0076,Nissan,March,2ª fase,2017,2020,1.0 HR10DE
JG-0076,Nissan,March,2ª fase,2017,2020,1.6 HR16DE
JG-0076,Nissan,March,Final,2020,2022,1.6 HR16DE
TT-0075,Nissan,March,Lançamento,2011,2014,1.0 HR10DE
TT-0075,Nissan,March,Lançamento,2011,2014,1.6 HR16DE
TT-0075,Nissan,March,Facelift,2014,2017,1.0 HR10DE
TT-0075,Nissan,March,Facelift,2014,2017,1.6 HR16DE
TT-0075,Nissan,March,2ª fase,2017,2020,1.0 HR10DE
TT-0075,Nissan,March,2ª fase,2017,2020,1.6 HR16DE
TT-0075,Nissan,March,Final,2020,2022,1.6 HR16DE
TT-0076,Nissan,Versa,Lançamento,2011,2014,1.6 HR16DE
TT-0076,Nissan,Versa,Facelift,2014,2017,1.6 HR16DE
TT-0076,Nissan,Versa,2ª fase,2017,2020,1.6 HR16DE
TT-0076,Nissan,Versa,Atual,2020,2023,1.6 HR16DE
VG-0072,Nissan,Versa,Lançamento,2011,2014,1.6 HR16DE
VG-0072,Nissan,Versa,Facelift,2014,2017,1.6 HR16DE
VG-0072,Nissan,Versa,2ª fase,2017,2020,1.6 HR16DE
VG-0072,Nissan,Versa,Atual,2020,2023,1.6 HR16DE
VG-0073,Nissan,Versa,Lançamento,2011,2014,1.6 HR16DE
VG-0073,Nissan,Versa,Facelift,2014,2017,1.6 HR16DE
VG-0073,Nissan,Versa,2ª fase,2017,2020,1.6 HR16DE
VG-0073,Nissan,Versa,Atual,2020,2023,1.6 HR16DE
PJ-0082,Nissan,Versa,Lançamento,2011,2014,1.6 HR16DE
PJ-0082,Nissan,Versa,Facelift,2014,2017,1.6 HR16DE
PJ-0082,Nissan,Versa,2ª fase,2017,2020,1.6 HR16DE
PJ-0082,Nissan,Versa,Atual,2020,2023,1.6 HR16DE
VG-0074,Nissan,Versa,Lançamento,2011,2014,1.6 HR16DE
VG-0074,Nissan,Versa,Facelift,2014,2017,1.6 HR16DE
VG-0074,Nissan,Versa,2ª fase,2017,2020,1.6 HR16DE
VG-0074,Nissan,Versa,Atual,2020,2023,1.6 HR16DE
VG-0075,Peugeot,208,Lançamento,2013,2016,1.2 PureTech
VG-0075,Peugeot,208,Lançamento,2013,2016,1.6 THP
VG-0075,Peugeot,208,Facelift,2016,2019,1.2 PureTech
VG-0075,Peugeot,208,Facelift,2016,2019,1.6 THP
VG-0075,Peugeot,208,2ª fase,2019,2021,1.6 THP
VG-0075,Peugeot,208,Atual,2021,2023,1.6 THP
TT-0077,Peugeot,208,Lançamento,2013,2016,1.2 PureTech
TT-0077,Peugeot,208,Lançamento,2013,2016,1.6 THP
TT-0077,Peugeot,208,Facelift,2016,2019,1.2 PureTech
TT-0077,Peugeot,208,Facelift,2016,2019,1.6 THP
TT-0077,Peugeot,208,2ª fase,2019,2021,1.6 THP
TT-0077,Peugeot,208,Atual,2021,2023,1.6 THP
PJ-0083,Peugeot,208,Lançamento,2013,2016,1.2 PureTech
PJ-0083,Peugeot,208,Lançamento,2013,2016,1.6 THP
PJ-0083,Peugeot,208,Facelift,2016,2019,1.2 PureTech
PJ-0083,Peugeot,208,Facelift,2016,2019,1.6 THP
PJ-0083,Peugeot,208,2ª fase,2019,2021,1.6 THP
PJ-0083,Peugeot,208,Atual,2021,2023,1.6 THP
TT-0078,Peugeot,208,Lançamento,2013,2016,1.2 PureTech
TT-0078,Peugeot,208,Lançamento,2013,2016,1.6 THP
TT-0078,Peugeot,208,Facelift,2016,2019,1.2 PureTech
TT-0078,Peugeot,208,Facelift,2016,2019,1.6 THP
TT-0078,Peugeot,208,2ª fase,2019,2021,1.6 THP
TT-0078,Peugeot,208,Atual,2021,2023,1.6 THP
IB-0098,Citroën,C3,1ª geração BR,2003,2006,1.4 TU3
IB-0098,Citroën,C3,1ª geração BR,2003,2006,1.6 TU5
IB-0098,Citroën,C3,2ª geração BR,2006,2012,1.4 TU3
IB-0098,Citroën,C3,2ª geração BR,2006,2012,1.6 16V
IB-0098,Citroën,C3,3ª geração,2012,2017,1.5 8V
IB-0098,Citroën,C3,3ª geração,2012,2017,1.6 16V
IB-0098,Citroën,C3,Atual,2017,2023,1.6 PureTech
PJ-0084,Citroën,C3,1ª geração BR,2003,2006,1.4 TU3
PJ-0084,Citroën,C3,1ª geração BR,2003,2006,1.6 TU5
PJ-0084,Citroën,C3,2ª geração BR,2006,2012,1.4 TU3
PJ-0084,Citroën,C3,2ª geração BR,2006,2012,1.6 16V
PJ-0084,Citroën,C3,3ª geração,2012,2017,1.5 8V
PJ-0084,Citroën,C3,3ª geração,2012,2017,1.6 16V
PJ-0084,Citroën,C3,Atual,2017,2023,1.6 PureTech
JG-0077,Citroën,C3,1ª geração BR,2003,2006,1.4 TU3
JG-0077,Citroën,C3,1ª geração BR,2003,2006,1.6 TU5
JG-0077,Citroën,C3,2ª geração BR,2006,2012,1.4 TU3
JG-0077,Citroën,C3,2ª geração BR,2006,2012,1.6 16V
JG-0077,Citroën,C3,3ª geração,2012,2017,1.5 8V
JG-0077,Citroën,C3,3ª geração,2012,2017,1.6 16V
JG-0077,Citroën,C3,Atual,2017,2023,1.6 PureTech
IB-0099,Citroën,C3,1ª geração BR,2003,2006,1.4 TU3
IB-0099,Citroën,C3,1ª geração BR,2003,2006,1.6 TU5
IB-0099,Citroën,C3,2ª geração BR,2006,2012,1.4 TU3
IB-0099,Citroën,C3,2ª geração BR,2006,2012,1.6 16V
IB-0099,Citroën,C3,3ª geração,2012,2017,1.5 8V
IB-0099,Citroën,C3,3ª geração,2012,2017,1.6 16V
IB-0099,Citroën,C3,Atual,2017,2023,1.6 PureTech
TT-0079,Toyota,Etios,Lançamento,2012,2015,1.3 Dual VVT-i
TT-0079,Toyota,Etios,Lançamento,2012,2015,1.5 Dual VVT-i
TT-0079,Toyota,Etios,Facelift,2015,2019,1.3 Dual VVT-i
TT-0079,Toyota,Etios,Facelift,2015,2019,1.5 Dual VVT-i
TT-0079,Toyota,Etios,2ª fase,2019,2021,1.5 Dual VVT-i
TT-0079,Toyota,Etios,Final,2021,2021,1.5 Dual VVT-i
TT-0080,Toyota,Etios,Lançamento,2012,2015,1.3 Dual VVT-i
TT-0080,Toyota,Etios,Lançamento,2012,2015,1.5 Dual VVT-i
TT-0080,Toyota,Etios,Facelift,2015,2019,1.3 Dual VVT-i
TT-0080,Toyota,Etios,Facelift,2015,2019,1.5 Dual VVT-i
TT-0080,Toyota,Etios,2ª fase,2019,2021,1.5 Dual VVT-i
TT-0080,Toyota,Etios,Final,2021,2021,1.5 Dual VVT-i
PJ-0085,Toyota,Etios,Lançamento,2012,2015,1.3 Dual VVT-i
PJ-0085,Toyota,Etios,Lançamento,2012,2015,1.5 Dual VVT-i
PJ-0085,Toyota,Etios,Facelift,2015,2019,1.3 Dual VVT-i
PJ-0085,Toyota,Etios,Facelift,2015,2019,1.5 Dual VVT-i
PJ-0085,Toyota,Etios,2ª fase,2019,2021,1.5 Dual VVT-i
PJ-0085,Toyota,Etios,Final,2021,2021,1.5 Dual VVT-i
TT-0081,Toyota,Etios,Lançamento,2012,2015,1.3 Dual VVT-i
TT-0081,Toyota,Etios,Lançamento,2012,2015,1.5 Dual VVT-i
TT-0081,Toyota,Etios,Facelift,2015,2019,1.3 Dual VVT-i
TT-0081,Toyota,Etios,Facelift,2015,2019,1.5 Dual VVT-i
TT-0081,Toyota,Etios,2ª fase,2019,2021,1.5 Dual VVT-i
TT-0081,Toyota,Etios,Final,2021,2021,1.5 Dual VVT-i
IB-0100,Volkswagen,Gol,G4,2006,2008,1.0 8V EA111
IB-0100,Volkswagen,Gol,G4,2006,2008,1.6 8V EA111
IB-0100,Volkswagen,Gol,G5,2008,2012,1.0 8V EA111
IB-0100,Volkswagen,Gol,G5,2008,2012,1.6 8V EA111
IB-0100,Volkswagen,Gol,G5,2008,2012,1.6 16V EA111
IB-0100,Volkswagen,Gol,G6,2012,2016,1.0 12V MPI EA111
IB-0100,Volkswagen,Gol,G6,2012,2016,1.6 16V MSI EA111
IB-0100,Volkswagen,Gol,G7/G8,2016,2023,1.0 12V MPI EA211
IB-0100,Volkswagen,Gol,G7/G8,2016,2023,1.6 16V MSI EA211
AN-0097,Volkswagen,Gol,G4,2006,2008,1.0 8V EA111
AN-0097,Volkswagen,Gol,G4,2006,2008,1.6 8V EA111
AN-0097,Volkswagen,Gol,G5,2008,2012,1.0 8V EA111
AN-0097,Volkswagen,Gol,G5,2008,2012,1.6 8V EA111
AN-0097,Volkswagen,Gol,G5,2008,2012,1.6 16V EA111
AN-0097,Volkswagen,Gol,G6,2012,2016,1.0 12V MPI EA111
AN-0097,Volkswagen,Gol,G6,2012,2016,1.6 16V MSI EA111
AN-0097,Volkswagen,Gol,G7/G8,2016,2023,1.0 12V MPI EA211
AN-0097,Volkswagen,Gol,G7/G8,2016,2023,1.6 16V MSI EA211
TT-0082,Volkswagen,Gol,G4,2006,2008,1.0 8V EA111
TT-0082,Volkswagen,Gol,G4,2006,2008,1.6 8V EA111
TT-0082,Volkswagen,Gol,G5,2008,2012,1.0 8V EA111
TT-0082,Volkswagen,Gol,G5,2008,2012,1.6 8V EA111
TT-0082,Volkswagen,Gol,G5,2008,2012,1.6 16V EA111
TT-0082,Volkswagen,Gol,G6,2012,2016,1.0 12V MPI EA111
TT-0082,Volkswagen,Gol,G6,2012,2016,1.6 16V MSI EA111
TT-0082,Volkswagen,Gol,G7/G8,2016,2023,1.0 12V MPI EA211
TT-0082,Volkswagen,Gol,G7/G8,2016,2023,1.6 16V MSI EA211
PJ-0086,Volkswagen,Gol,G4,2006,2008,1.0 8V EA111
PJ-0086,Volkswagen,Gol,G4,2006,2008,1.6 8V EA111
PJ-0086,Volkswagen,Gol,G5,2008,2012,1.0 8V EA111
PJ-0086,Volkswagen,Gol,G5,2008,2012,1.6 8V EA111
PJ-0086,Volkswagen,Gol,G5,2008,2012,1.6 16V EA111
PJ-0086,Volkswagen,Gol,G6,2012,2016,1.0 12V MPI EA111
PJ-0086,Volkswagen,Gol,G6,2012,2016,1.6 16V MSI EA111
PJ-0086,Volkswagen,Gol,G7/G8,2016,2023,1.0 12V MPI EA211
PJ-0086,Volkswagen,Gol,G7/G8,2016,2023,1.6 16V MSI EA211
JG-0078,Volkswagen,Fox,1ª geração,2003,2009,1.0 8V EA111
JG-0078,Volkswagen,Fox,1ª geração,2003,2009,1.6 8V EA111
JG-0078,Volkswagen,Fox,2ª geração,2009,2014,1.0 8V EA111
JG-0078,Volkswagen,Fox,2ª geração,2009,2014,1.6 16V EA111
JG-0078,Volkswagen,Fox,Facelift,2014,2017,1.0 12V MPI EA111
JG-0078,Volkswagen,Fox,Facelift,2014,2017,1.6 16V MSI EA111
JG-0078,Volkswagen,Fox,Final,2017,2021,1.0 12V MPI EA211
JG-0078,Volkswagen,Fox,Final,2017,2021,1.6 16V MSI EA211
AN-0098,Volkswagen,Fox,1ª geração,2003,2009,1.0 8V EA111
AN-0098,Volkswagen,Fox,1ª geração,2003,2009,1.6 8V EA111
AN-0098,Volkswagen,Fox,2ª geração,2009,2014,1.0 8V EA111
AN-0098,Volkswagen,Fox,2ª geração,2009,2014,1.6 16V EA111
AN-0098,Volkswagen,Fox,Facelift,2014,2017,1.0 12V MPI EA111
AN-0098,Volkswagen,Fox,Facelift,2014,2017,1.6 16V MSI EA111
AN-0098,Volkswagen,Fox,Final,2017,2021,1.0 12V MPI EA211
AN-0098,Volkswagen,Fox,Final,2017,2021,1.6 16V MSI EA211
JG-0079,Volkswagen,Fox,1ª geração,2003,2009,1.0 8V EA111
JG-0079,Volkswagen,Fox,1ª geração,2003,2009,1.6 8V EA111
JG-0079,Volkswagen,Fox,2ª geração,2009,2014,1.0 8V EA111
JG-0079,Volkswagen,Fox,2ª geração,2009,2014,1.6 16V EA111
JG-0079,Volkswagen,Fox,Facelift,2014,2017,1.0 12V MPI EA111
JG-0079,Volkswagen,Fox,Facelift,2014,2017,1.6 16V MSI EA111
JG-0079,Volkswagen,Fox,Final,2017,2021,1.0 12V MPI EA211
JG-0079,Volkswagen,Fox,Final,2017,2021,1.6 16V MSI EA211
AN-0099,Volkswagen,Fox,1ª geração,2003,2009,1.0 8V EA111
AN-0099,Volkswagen,Fox,1ª geração,2003,2009,1.6 8V EA111
AN-0099,Volkswagen,Fox,2ª geração,2009,2014,1.0 8V EA111
AN-0099,Volkswagen,Fox,2ª geração,2009,2014,1.6 16V EA111
AN-0099,Volkswagen,Fox,Facelift,2014,2017,1.0 12V MPI EA111
AN-0099,Volkswagen,Fox,Facelift,2014,2017,1.6 16V MSI EA111
AN-0099,Volkswagen,Fox,Final,2017,2021,1.0 12V MPI EA211
AN-0099,Volkswagen,Fox,Final,2017,2021,1.6 16V MSI EA211
PJ-0087,Volkswagen,Voyage,1ª geração,2008,2012,1.0 8V EA111
PJ-0087,Volkswagen,Voyage,1ª geração,2008,2012,1.6 8V EA111
PJ-0087,Volkswagen,Voyage,2ª geração,2012,2016,1.0 12V MPI EA111
PJ-0087,Volkswagen,Voyage,2ª geração,2012,2016,1.6 16V MSI EA111
PJ-0087,Volkswagen,Voyage,Facelift,2016,2019,1.0 12V MPI EA111
PJ-0087,Volkswagen,Voyage,Facelift,2016,2019,1.6 16V MSI EA111
PJ-0087,Volkswagen,Voyage,Final,2019,2023,1.0 12V MPI EA211
PJ-0087,Volkswagen,Voyage,Final,2019,2023,1.6 16V MSI EA211
TT-0083,Volkswagen,Voyage,1ª geração,2008,2012,1.0 8V EA111
TT-0083,Volkswagen,Voyage,1ª geração,2008,2012,1.6 8V EA111
TT-0083,Volkswagen,Voyage,2ª geração,2012,2016,1.0 12V MPI EA111
TT-0083,Volkswagen,Voyage,2ª geração,2012,2016,1.6 16V MSI EA111
TT-0083,Volkswagen,Voyage,Facelift,2016,2019,1.0 12V MPI EA111
TT-0083,Volkswagen,Voyage,Facelift,2016,2019,1.6 16V MSI EA111
TT-0083,Volkswagen,Voyage,Final,2019,2023,1.0 12V MPI EA211
TT-0083,Volkswagen,Voyage,Final,2019,2023,1.6 16V MSI EA211
AN-0100,Volkswagen,Voyage,1ª geração,2008,2012,1.0 8V EA111
AN-0100,Volkswagen,Voyage,1ª geração,2008,2012,1.6 8V EA111
AN-0100,Volkswagen,Voyage,2ª geração,2012,2016,1.0 12V MPI EA111
AN-0100,Volkswagen,Voyage,2ª geração,2012,2016,1.6 16V MSI EA111
AN-0100,Volkswagen,Voyage,Facelift,2016,2019,1.0 12V MPI EA111
AN-0100,Volkswagen,Voyage,Facelift,2016,2019,1.6 16V MSI EA111
AN-0100,Volkswagen,Voyage,Final,2019,2023,1.0 12V MPI EA211
AN-0100,Volkswagen,Voyage,Final,2019,2023,1.6 16V MSI EA211
IB-0101,Volkswagen,Voyage,1ª geração,2008,2012,1.0 8V EA111
IB-0101,Volkswagen,Voyage,1ª geração,2008,2012,1.6 8V EA111
IB-0101,Volkswagen,Voyage,2ª geração,2012,2016,1.0 12V MPI EA111
IB-0101,Volkswagen,Voyage,2ª geração,2012,2016,1.6 16V MSI EA111
IB-0101,Volkswagen,Voyage,Facelift,2016,2019,1.0 12V MPI EA111
IB-0101,Volkswagen,Voyage,Facelift,2016,2019,1.6 16V MSI EA111
IB-0101,Volkswagen,Voyage,Final,2019,2023,1.0 12V MPI EA211
IB-0101,Volkswagen,Voyage,Final,2019,2023,1.6 16V MSI EA211
VG-0076,Volkswagen,Saveiro,G5,2009,2013,1.6 8V EA111
VG-0076,Volkswagen,Saveiro,G5,2009,2013,1.6 16V EA111
VG-0076,Volkswagen,Saveiro,G6,2013,2016,1.0 12V MPI EA111
VG-0076,Volkswagen,Saveiro,G6,2013,2016,1.6 16V MSI EA111
VG-0076,Volkswagen,Saveiro,G7,2016,2021,1.6 16V MSI EA211
VG-0076,Volkswagen,Saveiro,G7,2016,2021,1.6 20V TSI EA211
VG-0076,Volkswagen,Saveiro,Atual,2021,2023,1.6 16V MSI EA211
VG-0076,Volkswagen,Saveiro,Atual,2021,2023,1.6 20V TSI EA211
AN-0101,Volkswagen,Saveiro,G5,2009,2013,1.6 8V EA111
AN-0101,Volkswagen,Saveiro,G5,2009,2013,1.6 16V EA111
AN-0101,Volkswagen,Saveiro,G6,2013,2016,1.0 12V MPI EA111
AN-0101,Volkswagen,Saveiro,G6,2013,2016,1.6 16V MSI EA111
AN-0101,Volkswagen,Saveiro,G7,2016,2021,1.6 16V MSI EA211
AN-0101,Volkswagen,Saveiro,G7,2016,2021,1.6 20V TSI EA211
AN-0101,Volkswagen,Saveiro,Atual,2021,2023,1.6 16V MSI EA211
AN-0101,Volkswagen,Saveiro,Atual,2021,2023,1.6 20V TSI EA211
JG-0080,Volkswagen,Saveiro,G5,2009,2013,1.6 8V EA111
JG-0080,Volkswagen,Saveiro,G5,2009,2013,1.6 16V EA111
JG-0080,Volkswagen,Saveiro,G6,2013,2016,1.0 12V MPI EA111
JG-0080,Volkswagen,Saveiro,G6,2013,2016,1.6 16V MSI EA111
JG-0080,Volkswagen,Saveiro,G7,2016,2021,1.6 16V MSI EA211
JG-0080,Volkswagen,Saveiro,G7,2016,2021,1.6 20V TSI EA211
JG-0080,Volkswagen,Saveiro,Atual,2021,2023,1.6 16V MSI EA211
JG-0080,Volkswagen,Saveiro,Atual,2021,2023,1.6 20V TSI EA211
AN-0102,Volkswagen,Saveiro,G5,2009,2013,1.6 8V EA111
AN-0102,Volkswagen,Saveiro,G5,2009,2013,1.6 16V EA111
AN-0102,Volkswagen,Saveiro,G6,2013,2016,1.0 12V MPI EA111
AN-0102,Volkswagen,Saveiro,G6,2013,2016,1.6 16V MSI EA111
AN-0102,Volkswagen,Saveiro,G7,2016,2021,1.6 16V MSI EA211
AN-0102,Volkswagen,Saveiro,G7,2016,2021,1.6 20V TSI EA211
AN-0102,Volkswagen,Saveiro,Atual,2021,2023,1.6 16V MSI EA211
AN-0102,Volkswagen,Saveiro,Atual,2021,2023,1.6 20V TSI EA211
TT-0084,Volkswagen,Saveiro,G5,2009,2013,1.6 8V EA111
TT-0084,Volkswagen,Saveiro,G5,2009,2013,1.6 16V EA111
TT-0084,Volkswagen,Saveiro,G6,2013,2016,1.0 12V MPI EA111
TT-0084,Volkswagen,Saveiro,G6,2013,2016,1.6 16V MSI EA111
TT-0084,Volkswagen,Saveiro,G7,2016,2021,1.6 16V MSI EA211
TT-0084,Volkswagen,Saveiro,G7,2016,2021,1.6 20V TSI EA211
TT-0084,Volkswagen,Saveiro,Atual,2021,2023,1.6 16V MSI EA211
TT-0084,Volkswagen,Saveiro,Atual,2021,2023,1.6 20V TSI EA211
JG-0081,Volkswagen,Polo,1ª geração BR,2002,2007,1.6 8V EA111
JG-0081,Volkswagen,Polo,1ª geração BR,2002,2007,1.8 20V Turbo EA111
JG-0081,Volkswagen,Polo,2ª geração BR,2007,2014,1.6 8V EA111
JG-0081,Volkswagen,Polo,2ª geração BR,2007,2014,2.0 8V EA111
JG-0081,Volkswagen,Polo,Novo Polo,2017,2020,1.0 12V MPI EA211
JG-0081,Volkswagen,Polo,Novo Polo,2017,2020,1.0 12V TSI EA211
JG-0081,Volkswagen,Polo,Novo Polo,2017,2020,1.6 16V MSI EA211
JG-0081,Volkswagen,Polo,Atual,2020,2023,1.0 12V TSI EA211
JG-0081,Volkswagen,Polo,Atual,2020,2023,1.6 16V MSI EA211
IB-0102,Volkswagen,Polo,1ª geração BR,2002,2007,1.6 8V EA111
IB-0102,Volkswagen,Polo,1ª geração BR,2002,2007,1.8 20V Turbo EA111
IB-0102,Volkswagen,Polo,2ª geração BR,2007,2014,1.6 8V EA111
IB-0102,Volkswagen,Polo,2ª geração BR,2007,2014,2.0 8V EA111
IB-0102,Volkswagen,Polo,Novo Polo,2017,2020,1.0 12V MPI EA211
IB-0102,Volkswagen,Polo,Novo Polo,2017,2020,1.0 12V TSI EA211
IB-0102,Volkswagen,Polo,Novo Polo,2017,2020,1.6 16V MSI EA211
IB-0102,Volkswagen,Polo,Atual,2020,2023,1.0 12V TSI EA211
IB-0102,Volkswagen,Polo,Atual,2020,2023,1.6 16V MSI EA211
IB-0103,Volkswagen,Polo,1ª geração BR,2002,2007,1.6 8V EA111
IB-0103,Volkswagen,Polo,1ª geração BR,2002,2007,1.8 20V Turbo EA111
IB-0103,Volkswagen,Polo,2ª geração BR,2007,2014,1.6 8V EA111
IB-0103,Volkswagen,Polo,2ª geração BR,2007,2014,2.0 8V EA111
IB-0103,Volkswagen,Polo,Novo Polo,2017,2020,1.0 12V MPI EA211
IB-0103,Volkswagen,Polo,Novo Polo,2017,2020,1.0 12V TSI EA211
IB-0103,Volkswagen,Polo,Novo Polo,2017,2020,1.6 16V MSI EA211
IB-0103,Volkswagen,Polo,Atual,2020,2023,1.0 12V TSI EA211
IB-0103,Volkswagen,Polo,Atual,2020,2023,1.6 16V MSI EA211
JG-0082,Volkswagen,Polo,1ª geração BR,2002,2007,1.6 8V EA111
JG-0082,Volkswagen,Polo,1ª geração BR,2002,2007,1.8 20V Turbo EA111
JG-0082,Volkswagen,Polo,2ª geração BR,2007,2014,1.6 8V EA111
JG-0082,Volkswagen,Polo,2ª geração BR,2007,2014,2.0 8V EA111
JG-0082,Volkswagen,Polo,Novo Polo,2017,2020,1.0 12V MPI EA211
JG-0082,Volkswagen,Polo,Novo Polo,2017,2020,1.0 12V TSI EA211
JG-0082,Volkswagen,Polo,Novo Polo,2017,2020,1.6 16V MSI EA211
JG-0082,Volkswagen,Polo,Atual,2020,2023,1.0 12V TSI EA211
JG-0082,Volkswagen,Polo,Atual,2020,2023,1.6 16V MSI EA211
VG-0077,Fiat,Palio,2ª geração,1996,2000,1.0 8V Fire
VG-0077,Fiat,Palio,2ª geração,1996,2000,1.6 16V
VG-0077,Fiat,Palio,Facelift,2001,2004,1.0 8V Fire
VG-0077,Fiat,Palio,Facelift,2001,2004,1.5 8V
VG-0077,Fiat,Palio,3ª geração,2004,2011,1.0 8V Fire
VG-0077,Fiat,Palio,3ª geração,2004,2011,1.4 8V Fire
VG-0077,Fiat,Palio,3ª geração,2004,2011,1.8 8V
VG-0077,Fiat,Palio,Atual,2012,2017,1.0 Fire Evo
VG-0077,Fiat,Palio,Atual,2012,2017,1.4 Fire Evo
JG-0083,Fiat,Palio,2ª geração,1996,2000,1.0 8V Fire
JG-0083,Fiat,Palio,2ª geração,1996,2000,1.6 16V
JG-0083,Fiat,Palio,Facelift,2001,2004,1.0 8V Fire
JG-0083,Fiat,Palio,Facelift,2001,2004,1.5 8V
JG-0083,Fiat,Palio,3ª geração,2004,2011,1.0 8V Fire
JG-0083,Fiat,Palio,3ª geração,2004,2011,1.4 8V Fire
JG-0083,Fiat,Palio,3ª geração,2004,2011,1.8 8V
JG-0083,Fiat,Palio,Atual,2012,2017,1.0 Fire Evo
JG-0083,Fiat,Palio,Atual,2012,2017,1.4 Fire Evo
AN-0103,Fiat,Palio,2ª geração,1996,2000,1.0 8V Fire
AN-0103,Fiat,Palio,2ª geração,1996,2000,1.6 16V
AN-0103,Fiat,Palio,Facelift,2001,2004,1.0 8V Fire
AN-0103,Fiat,Palio,Facelift,2001,2004,1.5 8V
AN-0103,Fiat,Palio,3ª geração,2004,2011,1.0 8V Fire
AN-0103,Fiat,Palio,3ª geração,2004,2011,1.4 8V Fire
AN-0103,Fiat,Palio,3ª geração,2004,2011,1.8 8V
AN-0103,Fiat,Palio,Atual,2012,2017,1.0 Fire Evo
AN-0103,Fiat,Palio,Atual,2012,2017,1.4 Fire Evo
VG-0078,Fiat,Palio,2ª geração,1996,2000,1.0 8V Fire
VG-0078,Fiat,Palio,2ª geração,1996,2000,1.6 16V
VG-0078,Fiat,Palio,Facelift,2001,2004,1.0 8V Fire
VG-0078,Fiat,Palio,Facelift,2001,2004,1.5 8V
VG-0078,Fiat,Palio,3ª geração,2004,2011,1.0 8V Fire
VG-0078,Fiat,Palio,3ª geração,2004,2011,1.4 8V Fire
VG-0078,Fiat,Palio,3ª geração,2004,2011,1.8 8V
VG-0078,Fiat,Palio,Atual,2012,2017,1.0 Fire Evo
VG-0078,Fiat,Palio,Atual,2012,2017,1.4 Fire Evo
PJ-0088,Fiat,Palio,2ª geração,1996,2000,1.0 8V Fire
PJ-0088,Fiat,Palio,2ª geração,1996,2000,1.6 16V
PJ-0088,Fiat,Palio,Facelift,2001,2004,1.0 8V Fire
PJ-0088,Fiat,Palio,Facelift,2001,2004,1.5 8V
PJ-0088,Fiat,Palio,3ª geração,2004,2011,1.0 8V Fire
PJ-0088,Fiat,Palio,3ª geração,2004,2011,1.4 8V Fire
PJ-0088,Fiat,Palio,3ª geração,2004,2011,1.8 8V
PJ-0088,Fiat,Palio,Atual,2012,2017,1.0 Fire Evo
PJ-0088,Fiat,Palio,Atual,2012,2017,1.4 Fire Evo
VG-0079,Fiat,Uno,Mille,2004,2010,1.0 8V Fire
VG-0079,Fiat,Uno,Mille,2004,2010,1.5 8V
VG-0079,Fiat,Uno,Novo Uno 1ª,2010,2014,1.0 8V Fire
VG-0079,Fiat,Uno,Novo Uno 1ª,2010,2014,1.4 8V Fire
VG-0079,Fiat,Uno,Novo Uno 2ª,2014,2021,1.0 Fire Evo
VG-0079,Fiat,Uno,Novo Uno 2ª,2014,2021,1.3 Firefly
VG-0079,Fiat,Uno,Atual,2021,2023,1.0 Firefly
VG-0079,Fiat,Uno,Atual,2021,2023,1.3 Firefly
AN-0104,Fiat,Uno,Mille,2004,2010,1.0 8V Fire
AN-0104,Fiat,Uno,Mille,2004,2010,1.5 8V
AN-0104,Fiat,Uno,Novo Uno 1ª,2010,2014,1.0 8V Fire
AN-0104,Fiat,Uno,Novo Uno 1ª,2010,2014,1.4 8V Fire
AN-0104,Fiat,Uno,Novo Uno 2ª,2014,2021,1.0 Fire Evo
AN-0104,Fiat,Uno,Novo Uno 2ª,2014,2021,1.3 Firefly
AN-0104,Fiat,Uno,Atual,2021,2023,1.0 Firefly
AN-0104,Fiat,Uno,Atual,2021,2023,1.3 Firefly
TT-0085,Fiat,Uno,Mille,2004,2010,1.0 8V Fire
TT-0085,Fiat,Uno,Mille,2004,2010,1.5 8V
TT-0085,Fiat,Uno,Novo Uno 1ª,2010,2014,1.0 8V Fire
TT-0085,Fiat,Uno,Novo Uno 1ª,2010,2014,1.4 8V Fire
TT-0085,Fiat,Uno,Novo Uno 2ª,2014,2021,1.0 Fire Evo
TT-0085,Fiat,Uno,Novo Uno 2ª,2014,2021,1.3 Firefly
TT-0085,Fiat,Uno,Atual,2021,2023,1.0 Firefly
TT-0085,Fiat,Uno,Atual,2021,2023,1.3 Firefly
IB-0104,Fiat,Uno,Mille,2004,2010,1.0 8V Fire
IB-0104,Fiat,Uno,Mille,2004,2010,1.5 8V
IB-0104,Fiat,Uno,Novo Uno 1ª,2010,2014,1.0 8V Fire
IB-0104,Fiat,Uno,Novo Uno 1ª,2010,2014,1.4 8V Fire
IB-0104,Fiat,Uno,Novo Uno 2ª,2014,2021,1.0 Fire Evo
IB-0104,Fiat,Uno,Novo Uno 2ª,2014,2021,1.3 Firefly
IB-0104,Fiat,Uno,Atual,2021,2023,1.0 Firefly
IB-0104,Fiat,Uno,Atual,2021,2023,1.3 Firefly
PJ-0089,Fiat,Siena,1ª geração,1996,2001,1.0 8V Fire
PJ-0089,Fiat,Siena,1ª geração,1996,2001,1.5 8V
PJ-0089,Fiat,Siena,2ª geração,2001,2004,1.0 8V Fire
PJ-0089,Fiat,Siena,2ª geração,2001,2004,1.4 8V Fire
PJ-0089,Fiat,Siena,3ª geração,2004,2012,1.0 8V Fire
PJ-0089,Fiat,Siena,3ª geração,2004,2012,1.4 8V Fire
PJ-0089,Fiat,Siena,3ª geração,2004,2012,1.8 8V
PJ-0089,Fiat,Siena,Atual,2012,2016,1.0 Fire Evo
PJ-0089,Fiat,Siena,Atual,2012,2016,1.4 Fire Evo
IB-0105,Fiat,Siena,1ª geração,1996,2001,1.0 8V Fire
IB-0105,Fiat,Siena,1ª geração,1996,2001,1.5 8V
IB-0105,Fiat,Siena,2ª geração,2001,2004,1.0 8V Fire
IB-0105,Fiat,Siena,2ª geração,2001,2004,1.4 8V Fire
IB-0105,Fiat,Siena,3ª geração,2004,2012,1.0 8V Fire
IB-0105,Fiat,Siena,3ª geração,2004,2012,1.4 8V Fire
IB-0105,Fiat,Siena,3ª geração,2004,2012,1.8 8V
IB-0105,Fiat,Siena,Atual,2012,2016,1.0 Fire Evo
IB-0105,Fiat,Siena,Atual,2012,2016,1.4 Fire Evo
AN-0105,Fiat,Siena,1ª geração,1996,2001,1.0 8V Fire
AN-0105,Fiat,Siena,1ª geração,1996,2001,1.5 8V
AN-0105,Fiat,Siena,2ª geração,2001,2004,1.0 8V Fire
AN-0105,Fiat,Siena,2ª geração,2001,2004,1.4 8V Fire
AN-0105,Fiat,Siena,3ª geração,2004,2012,1.0 8V Fire
AN-0105,Fiat,Siena,3ª geração,2004,2012,1.4 8V Fire
AN-0105,Fiat,Siena,3ª geração,2004,2012,1.8 8V
AN-0105,Fiat,Siena,Atual,2012,2016,1.0 Fire Evo
AN-0105,Fiat,Siena,Atual,2012,2016,1.4 Fire Evo
TT-0086,Fiat,Siena,1ª geração,1996,2001,1.0 8V Fire
TT-0086,Fiat,Siena,1ª geração,1996,2001,1.5 8V
TT-0086,Fiat,Siena,2ª geração,2001,2004,1.0 8V Fire
TT-0086,Fiat,Siena,2ª geração,2001,2004,1.4 8V Fire
TT-0086,Fiat,Siena,3ª geração,2004,2012,1.0 8V Fire
TT-0086,Fiat,Siena,3ª geração,2004,2012,1.4 8V Fire
TT-0086,Fiat,Siena,3ª geração,2004,2012,1.8 8V
TT-0086,Fiat,Siena,Atual,2012,2016,1.0 Fire Evo
TT-0086,Fiat,Siena,Atual,2012,2016,1.4 Fire Evo
VG-0080,Fiat,Siena,1ª geração,1996,2001,1.0 8V Fire
VG-0080,Fiat,Siena,1ª geração,1996,2001,1.5 8V
VG-0080,Fiat,Siena,2ª geração,2001,2004,1.0 8V Fire
VG-0080,Fiat,Siena,2ª geração,2001,2004,1.4 8V Fire
VG-0080,Fiat,Siena,3ª geração,2004,2012,1.0 8V Fire
VG-0080,Fiat,Siena,3ª geração,2004,2012,1.4 8V Fire
VG-0080,Fiat,Siena,3ª geração,2004,2012,1.8 8V
VG-0080,Fiat,Siena,Atual,2012,2016,1.0 Fire Evo
VG-0080,Fiat,Siena,Atual,2012,2016,1.4 Fire Evo
AN-0106,Fiat,Strada,1ª geração,1998,2004,1.5 8V
AN-0106,Fiat,Strada,1ª geração,1998,2004,1.6 8V
AN-0106,Fiat,Strada,2ª geração,2004,2012,1.4 8V Fire
AN-0106,Fiat,Strada,2ª geração,2004,2012,1.8 8V
AN-0106,Fiat,Strada,3ª geração,2013,2020,1.4 Fire Evo
AN-0106,Fiat,Strada,3ª geração,2013,2020,1.8 E.torQ
AN-0106,Fiat,Strada,Atual,2020,2023,1.3 Firefly
AN-0106,Fiat,Strada,Atual,2020,2023,1.4 Firefly Turbo
JG-0084,Fiat,Strada,1ª geração,1998,2004,1.5 8V
JG-0084,Fiat,Strada,1ª geração,1998,2004,1.6 8V
JG-0084,Fiat,Strada,2ª geração,2004,2012,1.4 8V Fire
JG-0084,Fiat,Strada,2ª geração,2004,2012,1.8 8V
JG-0084,Fiat,Strada,3ª geração,2013,2020,1.4 Fire Evo
JG-0084,Fiat,Strada,3ª geração,2013,2020,1.8 E.torQ
JG-0084,Fiat,Strada,Atual,2020,2023,1.3 Firefly
JG-0084,Fiat,Strada,Atual,2020,2023,1.4 Firefly Turbo
PJ-0090,Fiat,Strada,1ª geração,1998,2004,1.5 8V
PJ-0090,Fiat,Strada,1ª geração,1998,2004,1.6 8V
PJ-0090,Fiat,Strada,2ª geração,2004,2012,1.4 8V Fire
PJ-0090,Fiat,Strada,2ª geração,2004,2012,1.8 8V
PJ-0090,Fiat,Strada,3ª geração,2013,2020,1.4 Fire Evo
PJ-0090,Fiat,Strada,3ª geração,2013,2020,1.8 E.torQ
PJ-0090,Fiat,Strada,Atual,2020,2023,1.3 Firefly
PJ-0090,Fiat,Strada,Atual,2020,2023,1.4 Firefly Turbo
AN-0107,Fiat,Strada,1ª geração,1998,2004,1.5 8V
AN-0107,Fiat,Strada,1ª geração,1998,2004,1.6 8V
AN-0107,Fiat,Strada,2ª geração,2004,2012,1.4 8V Fire
AN-0107,Fiat,Strada,2ª geração,2004,2012,1.8 8V
AN-0107,Fiat,Strada,3ª geração,2013,2020,1.4 Fire Evo
AN-0107,Fiat,Strada,3ª geração,2013,2020,1.8 E.torQ
AN-0107,Fiat,Strada,Atual,2020,2023,1.3 Firefly
AN-0107,Fiat,Strada,Atual,2020,2023,1.4 Firefly Turbo
VG-0081,Fiat,Punto,Lançamento,2007,2009,1.4 8V Fire
VG-0081,Fiat,Punto,Lançamento,2007,2009,1.8 8V
VG-0081,Fiat,Punto,Facelift 1,2009,2012,1.4 8V Fire
VG-0081,Fiat,Punto,Facelift 1,2009,2012,1.8 E.torQ
VG-0081,Fiat,Punto,Facelift 2,2012,2015,1.4 Fire Evo
VG-0081,Fiat,Punto,Facelift 2,2012,2015,1.6 E.torQ
VG-0081,Fiat,Punto,Final,2015,2017,1.4 Fire Evo
VG-0081,Fiat,Punto,Final,2015,2017,1.6 E.torQ
VG-0082,Fiat,Punto,Lançamento,2007,2009,1.4 8V Fire
VG-0082,Fiat,Punto,Lançamento,2007,2009,1.8 8V
VG-0082,Fiat,Punto,Facelift 1,2009,2012,1.4 8V Fire
VG-0082,Fiat,Punto,Facelift 1,2009,2012,1.8 E.torQ
VG-0082,Fiat,Punto,Facelift 2,2012,2015,1.4 Fire Evo
VG-0082,Fiat,Punto,Facelift 2,2012,2015,1.6 E.torQ
VG-0082,Fiat,Punto,Final,2015,2017,1.4 Fire Evo
VG-0082,Fiat,Punto,Final,2015,2017,1.6 E.torQ
TT-0087,Fiat,Punto,Lançamento,2007,2009,1.4 8V Fire
TT-0087,Fiat,Punto,Lançamento,2007,2009,1.8 8V
TT-0087,Fiat,Punto,Facelift 1,2009,2012,1.4 8V Fire
TT-0087,Fiat,Punto,Facelift 1,2009,2012,1.8 E.torQ
TT-0087,Fiat,Punto,Facelift 2,2012,2015,1.4 Fire Evo
TT-0087,Fiat,Punto,Facelift 2,2012,2015,1.6 E.torQ
TT-0087,Fiat,Punto,Final,2015,2017,1.4 Fire Evo
TT-0087,Fiat,Punto,Final,2015,2017,1.6 E.torQ
JG-0085,Fiat,Punto,Lançamento,2007,2009,1.4 8V Fire
JG-0085,Fiat,Punto,Lançamento,2007,2009,1.8 8V
JG-0085,Fiat,Punto,Facelift 1,2009,2012,1.4 8V Fire
JG-0085,Fiat,Punto,Facelift 1,2009,2012,1.8 E.torQ
JG-0085,Fiat,Punto,Facelift 2,2012,2015,1.4 Fire Evo
JG-0085,Fiat,Punto,Facelift 2,2012,2015,1.6 E.torQ
JG-0085,Fiat,Punto,Final,2015,2017,1.4 Fire Evo
JG-0085,Fiat,Punto,Final,2015,2017,1.6 E.torQ
PJ-0091,Fiat,Punto,Lançamento,2007,2009,1.4 8V Fire
PJ-0091,Fiat,Punto,Lançamento,2007,2009,1.8 8V
PJ-0091,Fiat,Punto,Facelift 1,2009,2012,1.4 8V Fire
PJ-0091,Fiat,Punto,Facelift 1,2009,2012,1.8 E.torQ
PJ-0091,Fiat,Punto,Facelift 2,2012,2015,1.4 Fire Evo
PJ-0091,Fiat,Punto,Facelift 2,2012,2015,1.6 E.torQ
PJ-0091,Fiat,Punto,Final,2015,2017,1.4 Fire Evo
PJ-0091,Fiat,Punto,Final,2015,2017,1.6 E.torQ
JG-0086,Chevrolet,Celta,1ª geração,2000,2003,1.0 8V VHC
JG-0086,Chevrolet,Celta,1ª geração,2000,2003,1.4 8V VHC
JG-0086,Chevrolet,Celta,Facelift,2003,2006,1.0 8V VHC
JG-0086,Chevrolet,Celta,Facelift,2003,2006,1.4 8V VHC
JG-0086,Chevrolet,Celta,2ª geração,2006,2011,1.0 8V VHCE
JG-0086,Chevrolet,Celta,2ª geração,2006,2011,1.4 8V VHCE Flexpower
JG-0086,Chevrolet,Celta,Final,2011,2016,1.0 8V VHCE
JG-0086,Chevrolet,Celta,Final,2011,2016,1.4 8V VHCE Flexpower
IB-0106,Chevrolet,Celta,1ª geração,2000,2003,1.0 8V VHC
IB-0106,Chevrolet,Celta,1ª geração,2000,2003,1.4 8V VHC
IB-0106,Chevrolet,Celta,Facelift,2003,2006,1.0 8V VHC
IB-0106,Chevrolet,Celta,Facelift,2003,2006,1.4 8V VHC
IB-0106,Chevrolet,Celta,2ª geração,2006,2011,1.0 8V VHCE
IB-0106,Chevrolet,Celta,2ª geração,2006,2011,1.4 8V VHCE Flexpower
IB-0106,Chevrolet,Celta,Final,2011,2016,1.0 8V VHCE
IB-0106,Chevrolet,Celta,Final,2011,2016,1.4 8V VHCE Flexpower
IB-0107,Chevrolet,Celta,1ª geração,2000,2003,1.0 8V VHC
IB-0107,Chevrolet,Celta,1ª geração,2000,2003,1.4 8V VHC
IB-0107,Chevrolet,Celta,Facelift,2003,2006,1.0 8V VHC
IB-0107,Chevrolet,Celta,Facelift,2003,2006,1.4 8V VHC
IB-0107,Chevrolet,Celta,2ª geração,2006,2011,1.0 8V VHCE
IB-0107,Chevrolet,Celta,2ª geração,2006,2011,1.4 8V VHCE Flexpower
IB-0107,Chevrolet,Celta,Final,2011,2016,1.0 8V VHCE
IB-0107,Chevrolet,Celta,Final,2011,2016,1.4 8V VHCE Flexpower
PJ-0092,Chevrolet,Celta,1ª geração,2000,2003,1.0 8V VHC
PJ-0092,Chevrolet,Celta,1ª geração,2000,2003,1.4 8V VHC
PJ-0092,Chevrolet,Celta,Facelift,2003,2006,1.0 8V VHC
PJ-0092,Chevrolet,Celta,Facelift,2003,2006,1.4 8V VHC
PJ-0092,Chevrolet,Celta,2ª geração,2006,2011,1.0 8V VHCE
PJ-0092,Chevrolet,Celta,2ª geração,2006,2011,1.4 8V VHCE Flexpower
PJ-0092,Chevrolet,Celta,Final,2011,2016,1.0 8V VHCE
PJ-0092,Chevrolet,Celta,Final,2011,2016,1.4 8V VHCE Flexpower
PJ-0093,Chevrolet,Corsa,1ª geração,1994,2000,1.0 8V VHC
PJ-0093,Chevrolet,Corsa,1ª geração,1994,2000,1.6 8V VHC
PJ-0093,Chevrolet,Corsa,2ª geração,2000,2002,1.0 8V VHC
PJ-0093,Chevrolet,Corsa,2ª geração,2000,2002,1.6 8V VHC
PJ-0093,Chevrolet,Corsa,Facelift,2002,2007,1.0 8V VHC
PJ-0093,Chevrolet,Corsa,Facelift,2002,2007,1.4 8V VHC
PJ-0093,Chevrolet,Corsa,Facelift,2002,2007,1.8 8V
PJ-0093,Chevrolet,Corsa,Final,2007,2012,1.0 8V VHCE
PJ-0093,Chevrolet,Corsa,Final,2007,2012,1.4 8V VHCE Flexpower
VG-0083,Chevrolet,Corsa,1ª geração,1994,2000,1.0 8V VHC
VG-0083,Chevrolet,Corsa,1ª geração,1994,2000,1.6 8V VHC
VG-0083,Chevrolet,Corsa,2ª geração,2000,2002,1.0 8V VHC
VG-0083,Chevrolet,Corsa,2ª geração,2000,2002,1.6 8V VHC
VG-0083,Chevrolet,Corsa,Facelift,2002,2007,1.0 8V VHC
VG-0083,Chevrolet,Corsa,Facelift,2002,2007,1.4 8V VHC
VG-0083,Chevrolet,Corsa,Facelift,2002,2007,1.8 8V
VG-0083,Chevrolet,Corsa,Final,2007,2012,1.0 8V VHCE
VG-0083,Chevrolet,Corsa,Final,2007,2012,1.4 8V VHCE Flexpower
JG-0087,Chevrolet,Corsa,1ª geração,1994,2000,1.0 8V VHC
JG-0087,Chevrolet,Corsa,1ª geração,1994,2000,1.6 8V VHC
JG-0087,Chevrolet,Corsa,2ª geração,2000,2002,1.0 8V VHC
JG-0087,Chevrolet,Corsa,2ª geração,2000,2002,1.6 8V VHC
JG-0087,Chevrolet,Corsa,Facelift,2002,2007,1.0 8V VHC
JG-0087,Chevrolet,Corsa,Facelift,2002,2007,1.4 8V VHC
JG-0087,Chevrolet,Corsa,Facelift,2002,2007,1.8 8V
JG-0087,Chevrolet,Corsa,Final,2007,2012,1.0 8V VHCE
JG-0087,Chevrolet,Corsa,Final,2007,2012,1.4 8V VHCE Flexpower
TT-0088,Chevrolet,Corsa,1ª geração,1994,2000,1.0 8V VHC
TT-0088,Chevrolet,Corsa,1ª geração,1994,2000,1.6 8V VHC
TT-0088,Chevrolet,Corsa,2ª geração,2000,2002,1.0 8V VHC
TT-0088,Chevrolet,Corsa,2ª geração,2000,2002,1.6 8V VHC
TT-0088,Chevrolet,Corsa,Facelift,2002,2007,1.0 8V VHC
TT-0088,Chevrolet,Corsa,Facelift,2002,2007,1.4 8V VHC
TT-0088,Chevrolet,Corsa,Facelift,2002,2007,1.8 8V
TT-0088,Chevrolet,Corsa,Final,2007,2012,1.0 8V VHCE
TT-0088,Chevrolet,Corsa,Final,2007,2012,1.4 8V VHCE Flexpower
JG-0088,Chevrolet,Classic,Lançamento,2003,2005,1.0 8V VHC
JG-0088,Chevrolet,Classic,Lançamento,2003,2005,1.4 8V VHC
JG-0088,Chevrolet,Classic,Facelift 1,2005,2010,1.0 8V VHC
JG-0088,Chevrolet,Classic,Facelift 1,2005,2010,1.4 8V VHC
JG-0088,Chevrolet,Classic,Facelift 2,2010,2014,1.0 8V VHCE Economy
JG-0088,Chevrolet,Classic,Facelift 2,2010,2014,1.4 8V VHCE Flexpower
JG-0088,Chevrolet,Classic,Final,2014,2016,1.0 8V VHCE Economy
JG-0088,Chevrolet,Classic,Final,2014,2016,1.4 8V VHCE Flexpower
PJ-0094,Chevrolet,Classic,Lançamento,2003,2005,1.0 8V VHC
PJ-0094,Chevrolet,Classic,Lançamento,2003,2005,1.4 8V VHC
PJ-0094,Chevrolet,Classic,Facelift 1,2005,2010,1.0 8V VHC
PJ-0094,Chevrolet,Classic,Facelift 1,2005,2010,1.4 8V VHC
PJ-0094,Chevrolet,Classic,Facelift 2,2010,2014,1.0 8V VHCE Economy
PJ-0094,Chevrolet,Classic,Facelift 2,2010,2014,1.4 8V VHCE Flexpower
PJ-0094,Chevrolet,Classic,Final,2014,2016,1.0 8V VHCE Economy
PJ-0094,Chevrolet,Classic,Final,2014,2016,1.4 8V VHCE Flexpower
VG-0084,Chevrolet,Classic,Lançamento,2003,2005,1.0 8V VHC
VG-0084,Chevrolet,Classic,Lançamento,2003,2005,1.4 8V VHC
VG-0084,Chevrolet,Classic,Facelift 1,2005,2010,1.0 8V VHC
VG-0084,Chevrolet,Classic,Facelift 1,2005,2010,1.4 8V VHC
VG-0084,Chevrolet,Classic,Facelift 2,2010,2014,1.0 8V VHCE Economy
VG-0084,Chevrolet,Classic,Facelift 2,2010,2014,1.4 8V VHCE Flexpower
VG-0084,Chevrolet,Classic,Final,2014,2016,1.0 8V VHCE Economy
VG-0084,Chevrolet,Classic,Final,2014,2016,1.4 8V VHCE Flexpower
VG-0085,Chevrolet,Classic,Lançamento,2003,2005,1.0 8V VHC
VG-0085,Chevrolet,Classic,Lançamento,2003,2005,1.4 8V VHC
VG-0085,Chevrolet,Classic,Facelift 1,2005,2010,1.0 8V VHC
VG-0085,Chevrolet,Classic,Facelift 1,2005,2010,1.4 8V VHC
VG-0085,Chevrolet,Classic,Facelift 2,2010,2014,1.0 8V VHCE Economy
VG-0085,Chevrolet,Classic,Facelift 2,2010,2014,1.4 8V VHCE Flexpower
VG-0085,Chevrolet,Classic,Final,2014,2016,1.0 8V VHCE Economy
VG-0085,Chevrolet,Classic,Final,2014,2016,1.4 8V VHCE Flexpower
TT-0089,Chevrolet,Onix,1ª geração,2012,2015,1.0 SPE4
TT-0089,Chevrolet,Onix,1ª geração,2012,2015,1.4 SPE4
TT-0089,Chevrolet,Onix,Facelift,2015,2019,1.0 SPE4
TT-0089,Chevrolet,Onix,Facelift,2015,2019,1.4 SPE4
TT-0089,Chevrolet,Onix,2ª geração,2019,2022,1.0 Turbo Family 0
TT-0089,Chevrolet,Onix,2ª geração,2019,2022,1.0 Aspirado Family 0
TT-0089,Chevrolet,Onix,Atual,2022,2023,1.0 Turbo Family 0
TT-0089,Chevrolet,Onix,Atual,2022,2023,1.0 Aspirado Family 0
PJ-0095,Chevrolet,Onix,1ª geração,2012,2015,1.0 SPE4
PJ-0095,Chevrolet,Onix,1ª geração,2012,2015,1.4 SPE4
PJ-0095,Chevrolet,Onix,Facelift,2015,2019,1.0 SPE4
PJ-0095,Chevrolet,Onix,Facelift,2015,2019,1.4 SPE4
PJ-0095,Chevrolet,Onix,2ª geração,2019,2022,1.0 Turbo Family 0
PJ-0095,Chevrolet,Onix,2ª geração,2019,2022,1.0 Aspirado Family 0
PJ-0095,Chevrolet,Onix,Atual,2022,2023,1.0 Turbo Family 0
PJ-0095,Chevrolet,Onix,Atual,2022,2023,1.0 Aspirado Family 0
VG-0086,Chevrolet,Onix,1ª geração,2012,2015,1.0 SPE4
VG-0086,Chevrolet,Onix,1ª geração,2012,2015,1.4 SPE4
VG-0086,Chevrolet,Onix,Facelift,2015,2019,1.0 SPE4
VG-0086,Chevrolet,Onix,Facelift,2015,2019,1.4 SPE4
VG-0086,Chevrolet,Onix,2ª geração,2019,2022,1.0 Turbo Family 0
VG-0086,Chevrolet,Onix,2ª geração,2019,2022,1.0 Aspirado Family 0
VG-0086,Chevrolet,Onix,Atual,2022,2023,1.0 Turbo Family 0
VG-0086,Chevrolet,Onix,Atual,2022,2023,1.0 Aspirado Family 0
JG-0089,Chevrolet,Onix,1ª geração,2012,2015,1.0 SPE4
JG-0089,Chevrolet,Onix,1ª geração,2012,2015,1.4 SPE4
JG-0089,Chevrolet,Onix,Facelift,2015,2019,1.0 SPE4
JG-0089,Chevrolet,Onix,Facelift,2015,2019,1.4 SPE4
JG-0089,Chevrolet,Onix,2ª geração,2019,2022,1.0 Turbo Family 0
JG-0089,Chevrolet,Onix,2ª geração,2019,2022,1.0 Aspirado Family 0
JG-0089,Chevrolet,Onix,Atual,2022,2023,1.0 Turbo Family 0
JG-0089,Chevrolet,Onix,Atual,2022,2023,1.0 Aspirado Family 0
VG-0087,Chevrolet,Onix,1ª geração,2012,2015,1.0 SPE4
VG-0087,Chevrolet,Onix,1ª geração,2012,2015,1.4 SPE4
VG-0087,Chevrolet,Onix,Facelift,2015,2019,1.0 SPE4
VG-0087,Chevrolet,Onix,Facelift,2015,2019,1.4 SPE4
VG-0087,Chevrolet,Onix,2ª geração,2019,2022,1.0 Turbo Family 0
VG-0087,Chevrolet,Onix,2ª geração,2019,2022,1.0 Aspirado Family 0
VG-0087,Chevrolet,Onix,Atual,2022,2023,1.0 Turbo Family 0
VG-0087,Chevrolet,Onix,Atual,2022,2023,1.0 Aspirado Family 0
TT-0090,Chevrolet,Prisma,1ª geração,2006,2013,1.0 8V VHCE
TT-0090,Chevrolet,Prisma,1ª geração,2006,2013,1.4 8V VHCE Flexpower
TT-0090,Chevrolet,Prisma,2ª geração,2013,2016,1.0 SPE4
TT-0090,Chevrolet,Prisma,2ª geração,2013,2016,1.4 SPE4
TT-0090,Chevrolet,Prisma,Facelift,2016,2019,1.0 SPE4
TT-0090,Chevrolet,Prisma,Facelift,2016,2019,1.4 SPE4
TT-0090,Chevrolet,Prisma,Final,2019,2021,1.0 SPE4
TT-0090,Chevrolet,Prisma,Final,2019,2021,1.4 SPE4
JG-0090,Chevrolet,Prisma,1ª geração,2006,2013,1.0 8V VHCE
JG-0090,Chevrolet,Prisma,1ª geração,2006,2013,1.4 8V VHCE Flexpower
JG-0090,Chevrolet,Prisma,2ª geração,2013,2016,1.0 SPE4
JG-0090,Chevrolet,Prisma,2ª geração,2013,2016,1.4 SPE4
JG-0090,Chevrolet,Prisma,Facelift,2016,2019,1.0 SPE4
JG-0090,Chevrolet,Prisma,Facelift,2016,2019,1.4 SPE4
JG-0090,Chevrolet,Prisma,Final,2019,2021,1.0 SPE4
JG-0090,Chevrolet,Prisma,Final,2019,2021,1.4 SPE4
AN-0108,Chevrolet,Prisma,1ª geração,2006,2013,1.0 8V VHCE
AN-0108,Chevrolet,Prisma,1ª geração,2006,2013,1.4 8V VHCE Flexpower
AN-0108,Chevrolet,Prisma,2ª geração,2013,2016,1.0 SPE4
AN-0108,Chevrolet,Prisma,2ª geração,2013,2016,1.4 SPE4
AN-0108,Chevrolet,Prisma,Facelift,2016,2019,1.0 SPE4
AN-0108,Chevrolet,Prisma,Facelift,2016,2019,1.4 SPE4
AN-0108,Chevrolet,Prisma,Final,2019,2021,1.0 SPE4
AN-0108,Chevrolet,Prisma,Final,2019,2021,1.4 SPE4
IB-0108,Chevrolet,Prisma,1ª geração,2006,2013,1.0 8V VHCE
IB-0108,Chevrolet,Prisma,1ª geração,2006,2013,1.4 8V VHCE Flexpower
IB-0108,Chevrolet,Prisma,2ª geração,2013,2016,1.0 SPE4
IB-0108,Chevrolet,Prisma,2ª geração,2013,2016,1.4 SPE4
IB-0108,Chevrolet,Prisma,Facelift,2016,2019,1.0 SPE4
IB-0108,Chevrolet,Prisma,Facelift,2016,2019,1.4 SPE4
IB-0108,Chevrolet,Prisma,Final,2019,2021,1.0 SPE4
IB-0108,Chevrolet,Prisma,Final,2019,2021,1.4 SPE4
TT-0091,Chevrolet,Prisma,1ª geração,2006,2013,1.0 8V VHCE
TT-0091,Chevrolet,Prisma,1ª geração,2006,2013,1.4 8V VHCE Flexpower
TT-0091,Chevrolet,Prisma,2ª geração,2013,2016,1.0 SPE4
TT-0091,Chevrolet,Prisma,2ª geração,2013,2016,1.4 SPE4
TT-0091,Chevrolet,Prisma,Facelift,2016,2019,1.0 SPE4
TT-0091,Chevrolet,Prisma,Facelift,2016,2019,1.4 SPE4
TT-0091,Chevrolet,Prisma,Final,2019,2021,1.0 SPE4
TT-0091,Chevrolet,Prisma,Final,2019,2021,1.4 SPE4
VG-0088,Ford,Ka,1ª geração,1997,2000,1.0 Zetec Rocam
VG-0088,Ford,Ka,1ª geração,1997,2000,1.3 Zetec Rocam
VG-0088,Ford,Ka,Facelift,2000,2007,1.0 Zetec Rocam
VG-0088,Ford,Ka,Facelift,2000,2007,1.6 Zetec Rocam
VG-0088,Ford,Ka,Nova geração,2014,2017,1.0 Ti-VCT Dragon
VG-0088,Ford,Ka,Nova geração,2014,2017,1.5 Ti-VCT Dragon
VG-0088,Ford,Ka,Facelift atual,2017,2021,1.0 Ti-VCT Dragon
VG-0088,Ford,Ka,Facelift atual,2017,2021,1.5 Ti-VCT Dragon
JG-0091,Ford,Ka,1ª geração,1997,2000,1.0 Zetec Rocam
JG-0091,Ford,Ka,1ª geração,1997,2000,1.3 Zetec Rocam
JG-0091,Ford,Ka,Facelift,2000,2007,1.0 Zetec Rocam
JG-0091,Ford,Ka,Facelift,2000,2007,1.6 Zetec Rocam
JG-0091,Ford,Ka,Nova geração,2014,2017,1.0 Ti-VCT Dragon
JG-0091,Ford,Ka,Nova geração,2014,2017,1.5 Ti-VCT Dragon
JG-0091,Ford,Ka,Facelift atual,2017,2021,1.0 Ti-VCT Dragon
JG-0091,Ford,Ka,Facelift atual,2017,2021,1.5 Ti-VCT Dragon
PJ-0096,Ford,Ka,1ª geração,1997,2000,1.0 Zetec Rocam
PJ-0096,Ford,Ka,1ª geração,1997,2000,1.3 Zetec Rocam
PJ-0096,Ford,Ka,Facelift,2000,2007,1.0 Zetec Rocam
PJ-0096,Ford,Ka,Facelift,2000,2007,1.6 Zetec Rocam
PJ-0096,Ford,Ka,Nova geração,2014,2017,1.0 Ti-VCT Dragon
PJ-0096,Ford,Ka,Nova geração,2014,2017,1.5 Ti-VCT Dragon
PJ-0096,Ford,Ka,Facelift atual,2017,2021,1.0 Ti-VCT Dragon
PJ-0096,Ford,Ka,Facelift atual,2017,2021,1.5 Ti-VCT Dragon
IB-0109,Ford,Ka,1ª geração,1997,2000,1.0 Zetec Rocam
IB-0109,Ford,Ka,1ª geração,1997,2000,1.3 Zetec Rocam
IB-0109,Ford,Ka,Facelift,2000,2007,1.0 Zetec Rocam
IB-0109,Ford,Ka,Facelift,2000,2007,1.6 Zetec Rocam
IB-0109,Ford,Ka,Nova geração,2014,2017,1.0 Ti-VCT Dragon
IB-0109,Ford,Ka,Nova geração,2014,2017,1.5 Ti-VCT Dragon
IB-0109,Ford,Ka,Facelift atual,2017,2021,1.0 Ti-VCT Dragon
IB-0109,Ford,Ka,Facelift atual,2017,2021,1.5 Ti-VCT Dragon
TT-0092,Ford,Ka,1ª geração,1997,2000,1.0 Zetec Rocam
TT-0092,Ford,Ka,1ª geração,1997,2000,1.3 Zetec Rocam
TT-0092,Ford,Ka,Facelift,2000,2007,1.0 Zetec Rocam
TT-0092,Ford,Ka,Facelift,2000,2007,1.6 Zetec Rocam
TT-0092,Ford,Ka,Nova geração,2014,2017,1.0 Ti-VCT Dragon
TT-0092,Ford,Ka,Nova geração,2014,2017,1.5 Ti-VCT Dragon
TT-0092,Ford,Ka,Facelift atual,2017,2021,1.0 Ti-VCT Dragon
TT-0092,Ford,Ka,Facelift atual,2017,2021,1.5 Ti-VCT Dragon
VG-0089,Ford,Fiesta,1ª geração BR,2002,2005,1.0 Zetec Rocam
VG-0089,Ford,Fiesta,1ª geração BR,2002,2005,1.6 Zetec Rocam
VG-0089,Ford,Fiesta,2ª geração BR,2005,2012,1.0 Zetec Rocam
VG-0089,Ford,Fiesta,2ª geração BR,2005,2012,1.6 Zetec Rocam
VG-0089,Ford,Fiesta,Nova geração,2013,2017,1.6 Ti-VCT
VG-0089,Ford,Fiesta,Nova geração,2013,2017,1.0 EcoBoost
VG-0089,Ford,Fiesta,Final,2017,2019,1.6 Ti-VCT
VG-0089,Ford,Fiesta,Final,2017,2019,1.0 EcoBoost
VG-0090,Ford,Fiesta,1ª geração BR,2002,2005,1.0 Zetec Rocam
VG-0090,Ford,Fiesta,1ª geração BR,2002,2005,1.6 Zetec Rocam
VG-0090,Ford,Fiesta,2ª geração BR,2005,2012,1.0 Zetec Rocam
VG-0090,Ford,Fiesta,2ª geração BR,2005,2012,1.6 Zetec Rocam
VG-0090,Ford,Fiesta,Nova geração,2013,2017,1.6 Ti-VCT
VG-0090,Ford,Fiesta,Nova geração,2013,2017,1.0 EcoBoost
VG-0090,Ford,Fiesta,Final,2017,2019,1.6 Ti-VCT
VG-0090,Ford,Fiesta,Final,2017,2019,1.0 EcoBoost
PJ-0097,Ford,Fiesta,1ª geração BR,2002,2005,1.0 Zetec Rocam
PJ-0097,Ford,Fiesta,1ª geração BR,2002,2005,1.6 Zetec Rocam
PJ-0097,Ford,Fiesta,2ª geração BR,2005,2012,1.0 Zetec Rocam
PJ-0097,Ford,Fiesta,2ª geração BR,2005,2012,1.6 Zetec Rocam
PJ-0097,Ford,Fiesta,Nova geração,2013,2017,1.6 Ti-VCT
PJ-0097,Ford,Fiesta,Nova geração,2013,2017,1.0 EcoBoost
PJ-0097,Ford,Fiesta,Final,2017,2019,1.6 Ti-VCT
PJ-0097,Ford,Fiesta,Final,2017,2019,1.0 EcoBoost
TT-0093,Ford,Fiesta,1ª geração BR,2002,2005,1.0 Zetec Rocam
TT-0093,Ford,Fiesta,1ª geração BR,2002,2005,1.6 Zetec Rocam
TT-0093,Ford,Fiesta,2ª geração BR,2005,2012,1.0 Zetec Rocam
TT-0093,Ford,Fiesta,2ª geração BR,2005,2012,1.6 Zetec Rocam
TT-0093,Ford,Fiesta,Nova geração,2013,2017,1.6 Ti-VCT
TT-0093,Ford,Fiesta,Nova geração,2013,2017,1.0 EcoBoost
TT-0093,Ford,Fiesta,Final,2017,2019,1.6 Ti-VCT
TT-0093,Ford,Fiesta,Final,2017,2019,1.0 EcoBoost
AN-0109,Ford,EcoSport,1ª geração,2003,2007,1.6 Zetec Rocam
AN-0109,Ford,EcoSport,1ª geração,2003,2007,2.0 Zetec
AN-0109,Ford,EcoSport,Facelift,2007,2012,1.6 Zetec Rocam
AN-0109,Ford,EcoSport,Facelift,2007,2012,2.0 Duratec
AN-0109,Ford,EcoSport,2ª geração,2012,2017,1.6 Ti-VCT
AN-0109,Ford,EcoSport,2ª geração,2012,2017,2.0 Ti-VCT
AN-0109,Ford,EcoSport,Final,2017,2021,1.5 Ti-VCT
AN-0109,Ford,EcoSport,Final,2017,2021,2.0 Ti-VCT AWD
JG-0092,Ford,EcoSport,1ª geração,2003,2007,1.6 Zetec Rocam
JG-0092,Ford,EcoSport,1ª geração,2003,2007,2.0 Zetec
JG-0092,Ford,EcoSport,Facelift,2007,2012,1.6 Zetec Rocam
JG-0092,Ford,EcoSport,Facelift,2007,2012,2.0 Duratec
JG-0092,Ford,EcoSport,2ª geração,2012,2017,1.6 Ti-VCT
JG-0092,Ford,EcoSport,2ª geração,2012,2017,2.0 Ti-VCT
JG-0092,Ford,EcoSport,Final,2017,2021,1.5 Ti-VCT
JG-0092,Ford,EcoSport,Final,2017,2021,2.0 Ti-VCT AWD
VG-0091,Ford,EcoSport,1ª geração,2003,2007,1.6 Zetec Rocam
VG-0091,Ford,EcoSport,1ª geração,2003,2007,2.0 Zetec
VG-0091,Ford,EcoSport,Facelift,2007,2012,1.6 Zetec Rocam
VG-0091,Ford,EcoSport,Facelift,2007,2012,2.0 Duratec
VG-0091,Ford,EcoSport,2ª geração,2012,2017,1.6 Ti-VCT
VG-0091,Ford,EcoSport,2ª geração,2012,2017,2.0 Ti-VCT
VG-0091,Ford,EcoSport,Final,2017,2021,1.5 Ti-VCT
VG-0091,Ford,EcoSport,Final,2017,2021,2.0 Ti-VCT AWD
TT-0094,Ford,EcoSport,1ª geração,2003,2007,1.6 Zetec Rocam
TT-0094,Ford,EcoSport,1ª geração,2003,2007,2.0 Zetec
TT-0094,Ford,EcoSport,Facelift,2007,2012,1.6 Zetec Rocam
TT-0094,Ford,EcoSport,Facelift,2007,2012,2.0 Duratec
TT-0094,Ford,EcoSport,2ª geração,2012,2017,1.6 Ti-VCT
TT-0094,Ford,EcoSport,2ª geração,2012,2017,2.0 Ti-VCT
TT-0094,Ford,EcoSport,Final,2017,2021,1.5 Ti-VCT
TT-0094,Ford,EcoSport,Final,2017,2021,2.0 Ti-VCT AWD
IB-0110,Renault,Sandero,1ª geração,2007,2011,1.0 16V Energy
IB-0110,Renault,Sandero,1ª geração,2007,2011,1.6 16V Energy
IB-0110,Renault,Sandero,Facelift,2011,2014,1.0 16V Energy
IB-0110,Renault,Sandero,Facelift,2011,2014,1.6 16V Energy
IB-0110,Renault,Sandero,2ª geração,2014,2017,1.0 12V SCe
IB-0110,Renault,Sandero,2ª geração,2014,2017,1.6 16V Energy
IB-0110,Renault,Sandero,Final,2017,2020,1.0 12V SCe
IB-0110,Renault,Sandero,Final,2017,2020,1.6 16V SCe
IB-0111,Renault,Sandero,1ª geração,2007,2011,1.0 16V Energy
IB-0111,Renault,Sandero,1ª geração,2007,2011,1.6 16V Energy
IB-0111,Renault,Sandero,Facelift,2011,2014,1.0 16V Energy
IB-0111,Renault,Sandero,Facelift,2011,2014,1.6 16V Energy
IB-0111,Renault,Sandero,2ª geração,2014,2017,1.0 12V SCe
IB-0111,Renault,Sandero,2ª geração,2014,2017,1.6 16V Energy
IB-0111,Renault,Sandero,Final,2017,2020,1.0 12V SCe
IB-0111,Renault,Sandero,Final,2017,2020,1.6 16V SCe
VG-0092,Renault,Sandero,1ª geração,2007,2011,1.0 16V Energy
VG-0092,Renault,Sandero,1ª geração,2007,2011,1.6 16V Energy
VG-0092,Renault,Sandero,Facelift,2011,2014,1.0 16V Energy
VG-0092,Renault,Sandero,Facelift,2011,2014,1.6 16V Energy
VG-0092,Renault,Sandero,2ª geração,2014,2017,1.0 12V SCe
VG-0092,Renault,Sandero,2ª geração,2014,2017,1.6 16V Energy
VG-0092,Renault,Sandero,Final,2017,2020,1.0 12V SCe
VG-0092,Renault,Sandero,Final,2017,2020,1.6 16V SCe
VG-0093,Renault,Sandero,1ª geração,2007,2011,1.0 16V Energy
VG-0093,Renault,Sandero,1ª geração,2007,2011,1.6 16V Energy
VG-0093,Renault,Sandero,Facelift,2011,2014,1.0 16V Energy
VG-0093,Renault,Sandero,Facelift,2011,2014,1.6 16V Energy
VG-0093,Renault,Sandero,2ª geração,2014,2017,1.0 12V SCe
VG-0093,Renault,Sandero,2ª geração,2014,2017,1.6 16V Energy
VG-0093,Renault,Sandero,Final,2017,2020,1.0 12V SCe
VG-0093,Renault,Sandero,Final,2017,2020,1.6 16V SCe
TT-0095,Renault,Logan,1ª geração,2007,2011,1.0 16V Energy
TT-0095,Renault,Logan,1ª geração,2007,2011,1.6 16V Energy
TT-0095,Renault,Logan,Facelift,2011,2013,1.0 16V Energy
TT-0095,Renault,Logan,Facelift,2011,2013,1.6 16V Energy
TT-0095,Renault,Logan,2ª geração,2013,2017,1.0 12V SCe
TT-0095,Renault,Logan,2ª geração,2013,2017,1.6 16V Energy
TT-0095,Renault,Logan,Final,2017,2021,1.0 12V SCe
TT-0095,Renault,Logan,Final,2017,2021,1.6 16V SCe
AN-0110,Renault,Logan,1ª geração,2007,2011,1.0 16V Energy
AN-0110,Renault,Logan,1ª geração,2007,2011,1.6 16V Energy
AN-0110,Renault,Logan,Facelift,2011,2013,1.0 16V Energy
AN-0110,Renault,Logan,Facelift,2011,2013,1.6 16V Energy
AN-0110,Renault,Logan,2ª geração,2013,2017,1.0 12V SCe
AN-0110,Renault,Logan,2ª geração,2013,2017,1.6 16V Energy
AN-0110,Renault,Logan,Final,2017,2021,1.0 12V SCe
AN-0110,Renault,Logan,Final,2017,2021,1.6 16V SCe
AN-0111,Renault,Logan,1ª geração,2007,2011,1.0 16V Energy
AN-0111,Renault,Logan,1ª geração,2007,2011,1.6 16V Energy
AN-0111,Renault,Logan,Facelift,2011,2013,1.0 16V Energy
AN-0111,Renault,Logan,Facelift,2011,2013,1.6 16V Energy
AN-0111,Renault,Logan,2ª geração,2013,2017,1.0 12V SCe
AN-0111,Renault,Logan,2ª geração,2013,2017,1.6 16V Energy
AN-0111,Renault,Logan,Final,2017,2021,1.0 12V SCe
AN-0111,Renault,Logan,Final,2017,2021,1.6 16V SCe
TT-0096,Renault,Logan,1ª geração,2007,2011,1.0 16V Energy
TT-0096,Renault,Logan,1ª geração,2007,2011,1.6 16V Energy
TT-0096,Renault,Logan,Facelift,2011,2013,1.0 16V Energy
TT-0096,Renault,Logan,Facelift,2011,2013,1.6 16V Energy
TT-0096,Renault,Logan,2ª geração,2013,2017,1.0 12V SCe
TT-0096,Renault,Logan,2ª geração,2013,2017,1.6 16V Energy
TT-0096,Renault,Logan,Final,2017,2021,1.0 12V SCe
TT-0096,Renault,Logan,Final,2017,2021,1.6 16V SCe
AN-0112,Renault,Duster,1ª geração,2011,2015,1.6 16V Energy
AN-0112,Renault,Duster,1ª geração,2011,2015,2.0 16V
AN-0112,Renault,Duster,Facelift,2015,2019,1.6 16V SCe
AN-0112,Renault,Duster,Facelift,2015,2019,2.0 16V
AN-0112,Renault,Duster,2ª geração,2019,2021,1.6 16V SCe
AN-0112,Renault,Duster,2ª geração,2019,2021,2.0 16V
AN-0112,Renault,Duster,Atual,2021,2023,1.6 16V SCe
AN-0112,Renault,Duster,Atual,2021,2023,2.0 16V
AN-0113,Renault,Duster,1ª geração,2011,2015,1.6 16V Energy
AN-0113,Renault,Duster,1ª geração,2011,2015,2.0 16V
AN-0113,Renault,Duster,Facelift,2015,2019,1.6 16V SCe
AN-0113,Renault,Duster,Facelift,2015,2019,2.0 16V
AN-0113,Renault,Duster,2ª geração,2019,2021,1.6 16V SCe
AN-0113,Renault,Duster,2ª geração,2019,2021,2.0 16V
AN-0113,Renault,Duster,Atual,2021,2023,1.6 16V SCe
AN-0113,Renault,Duster,Atual,2021,2023,2.0 16V
TT-0097,Renault,Duster,1ª geração,2011,2015,1.6 16V Energy
TT-0097,Renault,Duster,1ª geração,2011,2015,2.0 16V
TT-0097,Renault,Duster,Facelift,2015,2019,1.6 16V SCe
TT-0097,Renault,Duster,Facelift,2015,2019,2.0 16V
TT-0097,Renault,Duster,2ª geração,2019,2021,1.6 16V SCe
TT-0097,Renault,Duster,2ª geração,2019,2021,2.0 16V
TT-0097,Renault,Duster,Atual,2021,2023,1.6 16V SCe
TT-0097,Renault,Duster,Atual,2021,2023,2.0 16V
AN-0114,Renault,Duster,1ª geração,2011,2015,1.6 16V Energy
AN-0114,Renault,Duster,1ª geração,2011,2015,2.0 16V
AN-0114,Renault,Duster,Facelift,2015,2019,1.6 16V SCe
AN-0114,Renault,Duster,Facelift,2015,2019,2.0 16V
AN-0114,Renault,Duster,2ª geração,2019,2021,1.6 16V SCe
AN-0114,Renault,Duster,2ª geração,2019,2021,2.0 16V
AN-0114,Renault,Duster,Atual,2021,2023,1.6 16V SCe
AN-0114,Renault,Duster,Atual,2021,2023,2.0 16V
VG-0094,Hyundai,HB20,Lançamento,2012,2015,1.0 Kappa
VG-0094,Hyundai,HB20,Lançamento,2012,2015,1.6 Gamma
VG-0094,Hyundai,HB20,Facelift,2015,2019,1.0 Kappa
VG-0094,Hyundai,HB20,Facelift,2015,2019,1.6 Gamma
VG-0094,Hyundai,HB20,2ª geração,2019,2021,1.0 Kappa TGDI
VG-0094,Hyundai,HB20,2ª geração,2019,2021,1.6 Gamma
VG-0094,Hyundai,HB20,Atual,2021,2023,1.0 Kappa TGDI
VG-0094,Hyundai,HB20,Atual,2021,2023,1.6 Gamma
AN-0115,Hyundai,HB20,Lançamento,2012,2015,1.0 Kappa
AN-0115,Hyundai,HB20,Lançamento,2012,2015,1.6 Gamma
AN-0115,Hyundai,HB20,Facelift,2015,2019,1.0 Kappa
AN-0115,Hyundai,HB20,Facelift,2015,2019,1.6 Gamma
AN-0115,Hyundai,HB20,2ª geração,2019,2021,1.0 Kappa TGDI
AN-0115,Hyundai,HB20,2ª geração,2019,2021,1.6 Gamma
AN-0115,Hyundai,HB20,Atual,2021,2023,1.0 Kappa TGDI
AN-0115,Hyundai,HB20,Atual,2021,2023,1.6 Gamma
AN-0116,Hyundai,HB20,Lançamento,2012,2015,1.0 Kappa
AN-0116,Hyundai,HB20,Lançamento,2012,2015,1.6 Gamma
AN-0116,Hyundai,HB20,Facelift,2015,2019,1.0 Kappa
AN-0116,Hyundai,HB20,Facelift,2015,2019,1.6 Gamma
AN-0116,Hyundai,HB20,2ª geração,2019,2021,1.0 Kappa TGDI
AN-0116,Hyundai,HB20,2ª geração,2019,2021,1.6 Gamma
AN-0116,Hyundai,HB20,Atual,2021,2023,1.0 Kappa TGDI
AN-0116,Hyundai,HB20,Atual,2021,2023,1.6 Gamma
PJ-0098,Hyundai,HB20,Lançamento,2012,2015,1.0 Kappa
PJ-0098,Hyundai,HB20,Lançamento,2012,2015,1.6 Gamma
PJ-0098,Hyundai,HB20,Facelift,2015,2019,1.0 Kappa
PJ-0098,Hyundai,HB20,Facelift,2015,2019,1.6 Gamma
PJ-0098,Hyundai,HB20,2ª geração,2019,2021,1.0 Kappa TGDI
PJ-0098,Hyundai,HB20,2ª geração,2019,2021,1.6 Gamma
PJ-0098,Hyundai,HB20,Atual,2021,2023,1.0 Kappa TGDI
PJ-0098,Hyundai,HB20,Atual,2021,2023,1.6 Gamma
JG-0093,Hyundai,HB20,Lançamento,2012,2015,1.0 Kappa
JG-0093,Hyundai,HB20,Lançamento,2012,2015,1.6 Gamma
JG-0093,Hyundai,HB20,Facelift,2015,2019,1.0 Kappa
JG-0093,Hyundai,HB20,Facelift,2015,2019,1.6 Gamma
JG-0093,Hyundai,HB20,2ª geração,2019,2021,1.0 Kappa TGDI
JG-0093,Hyundai,HB20,2ª geração,2019,2021,1.6 Gamma
JG-0093,Hyundai,HB20,Atual,2021,2023,1.0 Kappa TGDI
JG-0093,Hyundai,HB20,Atual,2021,2023,1.6 Gamma
VG-0095,Toyota,Corolla,9ª geração,2003,2008,1.6 VVT-i
VG-0095,Toyota,Corolla,9ª geração,2003,2008,1.8 VVT-i
VG-0095,Toyota,Corolla,10ª geração,2008,2014,1.8 Dual VVT-i
VG-0095,Toyota,Corolla,10ª geração,2008,2014,2.0 Dual VVT-i
VG-0095,Toyota,Corolla,11ª geração,2014,2019,1.8 Dual VVT-i
VG-0095,Toyota,Corolla,11ª geração,2014,2019,2.0 Dual VVT-i
VG-0095,Toyota,Corolla,12ª geração,2019,2023,2.0 Dynamic Force
VG-0095,Toyota,Corolla,12ª geração,2019,2023,1.8 Hybrid Dynamic Force
TT-0098,Toyota,Corolla,9ª geração,2003,2008,1.6 VVT-i
TT-0098,Toyota,Corolla,9ª geração,2003,2008,1.8 VVT-i
TT-0098,Toyota,Corolla,10ª geração,2008,2014,1.8 Dual VVT-i
TT-0098,Toyota,Corolla,10ª geração,2008,2014,2.0 Dual VVT-i
TT-0098,Toyota,Corolla,11ª geração,2014,2019,1.8 Dual VVT-i
TT-0098,Toyota,Corolla,11ª geração,2014,2019,2.0 Dual VVT-i
TT-0098,Toyota,Corolla,12ª geração,2019,2023,2.0 Dynamic Force
TT-0098,Toyota,Corolla,12ª geração,2019,2023,1.8 Hybrid Dynamic Force
TT-0099,Toyota,Corolla,9ª geração,2003,2008,1.6 VVT-i
TT-0099,Toyota,Corolla,9ª geração,2003,2008,1.8 VVT-i
TT-0099,Toyota,Corolla,10ª geração,2008,2014,1.8 Dual VVT-i
TT-0099,Toyota,Corolla,10ª geração,2008,2014,2.0 Dual VVT-i
TT-0099,Toyota,Corolla,11ª geração,2014,2019,1.8 Dual VVT-i
TT-0099,Toyota,Corolla,11ª geração,2014,2019,2.0 Dual VVT-i
TT-0099,Toyota,Corolla,12ª geração,2019,2023,2.0 Dynamic Force
TT-0099,Toyota,Corolla,12ª geração,2019,2023,1.8 Hybrid Dynamic Force
AN-0117,Toyota,Corolla,9ª geração,2003,2008,1.6 VVT-i
AN-0117,Toyota,Corolla,9ª geração,2003,2008,1.8 VVT-i
AN-0117,Toyota,Corolla,10ª geração,2008,2014,1.8 Dual VVT-i
AN-0117,Toyota,Corolla,10ª geração,2008,2014,2.0 Dual VVT-i
AN-0117,Toyota,Corolla,11ª geração,2014,2019,1.8 Dual VVT-i
AN-0117,Toyota,Corolla,11ª geração,2014,2019,2.0 Dual VVT-i
AN-0117,Toyota,Corolla,12ª geração,2019,2023,2.0 Dynamic Force
AN-0117,Toyota,Corolla,12ª geração,2019,2023,1.8 Hybrid Dynamic Force
PJ-0099,Honda,Civic,7ª geração,2001,2006,1.7 SOHC VTEC
PJ-0099,Honda,Civic,8ª geração,2006,2011,1.8 SOHC i-VTEC
PJ-0099,Honda,Civic,8ª geração,2006,2011,2.0 SOHC i-VTEC
PJ-0099,Honda,Civic,9ª geração,2012,2016,1.8 SOHC i-VTEC
PJ-0099,Honda,Civic,9ª geração,2012,2016,2.0 SOHC i-VTEC
PJ-0099,Honda,Civic,10ª geração,2016,2021,2.0 Earth Dreams
PJ-0099,Honda,Civic,10ª geração,2016,2021,1.5 Turbo Earth Dreams
JG-0094,Honda,Civic,7ª geração,2001,2006,1.7 SOHC VTEC
JG-0094,Honda,Civic,8ª geração,2006,2011,1.8 SOHC i-VTEC
JG-0094,Honda,Civic,8ª geração,2006,2011,2.0 SOHC i-VTEC
JG-0094,Honda,Civic,9ª geração,2012,2016,1.8 SOHC i-VTEC
JG-0094,Honda,Civic,9ª geração,2012,2016,2.0 SOHC i-VTEC
JG-0094,Honda,Civic,10ª geração,2016,2021,2.0 Earth Dreams
JG-0094,Honda,Civic,10ª geração,2016,2021,1.5 Turbo Earth Dreams
IB-0112,Honda,Civic,7ª geração,2001,2006,1.7 SOHC VTEC
IB-0112,Honda,Civic,8ª geração,2006,2011,1.8 SOHC i-VTEC
IB-0112,Honda,Civic,8ª geração,2006,2011,2.0 SOHC i-VTEC
IB-0112,Honda,Civic,9ª geração,2012,2016,1.8 SOHC i-VTEC
IB-0112,Honda,Civic,9ª geração,2012,2016,2.0 SOHC i-VTEC
IB-0112,Honda,Civic,10ª geração,2016,2021,2.0 Earth Dreams
IB-0112,Honda,Civic,10ª geração,2016,2021,1.5 Turbo Earth Dreams
AN-0118,Honda,Civic,7ª geração,2001,2006,1.7 SOHC VTEC
AN-0118,Honda,Civic,8ª geração,2006,2011,1.8 SOHC i-VTEC
AN-0118,Honda,Civic,8ª geração,2006,2011,2.0 SOHC i-VTEC
AN-0118,Honda,Civic,9ª geração,2012,2016,1.8 SOHC i-VTEC
AN-0118,Honda,Civic,9ª geração,2012,2016,2.0 SOHC i-VTEC
AN-0118,Honda,Civic,10ª geração,2016,2021,2.0 Earth Dreams
AN-0118,Honda,Civic,10ª geração,2016,2021,1.5 Turbo Earth Dreams
VG-0096,Honda,Civic,7ª geração,2001,2006,1.7 SOHC VTEC
VG-0096,Honda,Civic,8ª geração,2006,2011,1.8 SOHC i-VTEC
VG-0096,Honda,Civic,8ª geração,2006,2011,2.0 SOHC i-VTEC
VG-0096,Honda,Civic,9ª geração,2012,2016,1.8 SOHC i-VTEC
VG-0096,Honda,Civic,9ª geração,2012,2016,2.0 SOHC i-VTEC
VG-0096,Honda,Civic,10ª geração,2016,2021,2.0 Earth Dreams
VG-0096,Honda,Civic,10ª geração,2016,2021,1.5 Turbo Earth Dreams
PJ-0100,Honda,Fit,1ª geração,2003,2008,1.4 SOHC i-DSI
PJ-0100,Honda,Fit,1ª geração,2003,2008,1.5 SOHC VTEC
PJ-0100,Honda,Fit,2ª geração,2008,2014,1.4 SOHC i-VTEC
PJ-0100,Honda,Fit,2ª geração,2008,2014,1.5 SOHC i-VTEC
PJ-0100,Honda,Fit,3ª geração,2015,2020,1.5 Earth Dreams
PJ-0100,Honda,Fit,Final,2020,2021,1.5 Earth Dreams
IB-0113,Honda,Fit,1ª geração,2003,2008,1.4 SOHC i-DSI
IB-0113,Honda,Fit,1ª geração,2003,2008,1.5 SOHC VTEC
IB-0113,Honda,Fit,2ª geração,2008,2014,1.4 SOHC i-VTEC
IB-0113,Honda,Fit,2ª geração,2008,2014,1.5 SOHC i-VTEC
IB-0113,Honda,Fit,3ª geração,2015,2020,1.5 Earth Dreams
IB-0113,Honda,Fit,Final,2020,2021,1.5 Earth Dreams
VG-0097,Honda,Fit,1ª geração,2003,2008,1.4 SOHC i-DSI
VG-0097,Honda,Fit,1ª geração,2003,2008,1.5 SOHC VTEC
VG-0097,Honda,Fit,2ª geração,2008,2014,1.4 SOHC i-VTEC
VG-0097,Honda,Fit,2ª geração,2008,2014,1.5 SOHC i-VTEC
VG-0097,Honda,Fit,3ª geração,2015,2020,1.5 Earth Dreams
VG-0097,Honda,Fit,Final,2020,2021,1.5 Earth Dreams
PJ-0101,Honda,Fit,1ª geração,2003,2008,1.4 SOHC i-DSI
PJ-0101,Honda,Fit,1ª geração,2003,2008,1.5 SOHC VTEC
PJ-0101,Honda,Fit,2ª geração,2008,2014,1.4 SOHC i-VTEC
PJ-0101,Honda,Fit,2ª geração,2008,2014,1.5 SOHC i-VTEC
PJ-0101,Honda,Fit,3ª geração,2015,2020,1.5 Earth Dreams
PJ-0101,Honda,Fit,Final,2020,2021,1.5 Earth Dreams
IB-0114,Honda,Fit,1ª geração,2003,2008,1.4 SOHC i-DSI
IB-0114,Honda,Fit,1ª geração,2003,2008,1.5 SOHC VTEC
IB-0114,Honda,Fit,2ª geração,2008,2014,1.4 SOHC i-VTEC
IB-0114,Honda,Fit,2ª geração,2008,2014,1.5 SOHC i-VTEC
IB-0114,Honda,Fit,3ª geração,2015,2020,1.5 Earth Dreams
IB-0114,Honda,Fit,Final,2020,2021,1.5 Earth Dreams
JG-0095,Volkswagen,Up!,Lançamento,2014,2016,1.0 12V MPI EA111
JG-0095,Volkswagen,Up!,Lançamento,2014,2016,1.0 12V TSI EA111
JG-0095,Volkswagen,Up!,Facelift,2016,2019,1.0 12V MPI EA111
JG-0095,Volkswagen,Up!,Facelift,2016,2019,1.0 12V TSI EA111
JG-0095,Volkswagen,Up!,2ª fase,2019,2021,1.0 12V MPI EA211
JG-0095,Volkswagen,Up!,2ª fase,2019,2021,1.0 12V TSI EA211
JG-0095,Volkswagen,Up!,Final,2021,2023,1.0 12V TSI EA211
AN-0119,Volkswagen,Up!,Lançamento,2014,2016,1.0 12V MPI EA111
AN-0119,Volkswagen,Up!,Lançamento,2014,2016,1.0 12V TSI EA111
AN-0119,Volkswagen,Up!,Facelift,2016,2019,1.0 12V MPI EA111
AN-0119,Volkswagen,Up!,Facelift,2016,2019,1.0 12V TSI EA111
AN-0119,Volkswagen,Up!,2ª fase,2019,2021,1.0 12V MPI EA211
AN-0119,Volkswagen,Up!,2ª fase,2019,2021,1.0 12V TSI EA211
AN-0119,Volkswagen,Up!,Final,2021,2023,1.0 12V TSI EA211
TT-0100,Volkswagen,Up!,Lançamento,2014,2016,1.0 12V MPI EA111
TT-0100,Volkswagen,Up!,Lançamento,2014,2016,1.0 12V TSI EA111
TT-0100,Volkswagen,Up!,Facelift,2016,2019,1.0 12V MPI EA111
TT-0100,Volkswagen,Up!,Facelift,2016,2019,1.0 12V TSI EA111
TT-0100,Volkswagen,Up!,2ª fase,2019,2021,1.0 12V MPI EA211
TT-0100,Volkswagen,Up!,2ª fase,2019,2021,1.0 12V TSI EA211
TT-0100,Volkswagen,Up!,Final,2021,2023,1.0 12V TSI EA211
IB-0115,Volkswagen,Up!,Lançamento,2014,2016,1.0 12V MPI EA111
IB-0115,Volkswagen,Up!,Lançamento,2014,2016,1.0 12V TSI EA111
IB-0115,Volkswagen,Up!,Facelift,2016,2019,1.0 12V MPI EA111
IB-0115,Volkswagen,Up!,Facelift,2016,2019,1.0 12V TSI EA111
IB-0115,Volkswagen,Up!,2ª fase,2019,2021,1.0 12V MPI EA211
IB-0115,Volkswagen,Up!,2ª fase,2019,2021,1.0 12V TSI EA211
IB-0115,Volkswagen,Up!,Final,2021,2023,1.0 12V TSI EA211
AN-0120,Fiat,Mobi,Lançamento,2016,2018,1.0 Firefly
AN-0120,Fiat,Mobi,Facelift 1,2018,2020,1.0 Firefly
AN-0120,Fiat,Mobi,Facelift 2,2020,2022,1.0 Firefly
AN-0120,Fiat,Mobi,Facelift 2,2020,2022,1.0 Firefly Turbo
AN-0120,Fiat,Mobi,Atual,2022,2023,1.0 Firefly
AN-0120,Fiat,Mobi,Atual,2022,2023,1.0 Firefly Turbo
IB-0116,Fiat,Mobi,Lançamento,2016,2018,1.0 Firefly
IB-0116,Fiat,Mobi,Facelift 1,2018,2020,1.0 Firefly
IB-0116,Fiat,Mobi,Facelift 2,2020,2022,1.0 Firefly
IB-0116,Fiat,Mobi,Facelift 2,2020,2022,1.0 Firefly Turbo
IB-0116,Fiat,Mobi,Atual,2022,2023,1.0 Firefly
IB-0116,Fiat,Mobi,Atual,2022,2023,1.0 Firefly Turbo
JG-0096,Fiat,Mobi,Lançamento,2016,2018,1.0 Firefly
JG-0096,Fiat,Mobi,Facelift 1,2018,2020,1.0 Firefly
JG-0096,Fiat,Mobi,Facelift 2,2020,2022,1.0 Firefly
JG-0096,Fiat,Mobi,Facelift 2,2020,2022,1.0 Firefly Turbo
JG-0096,Fiat,Mobi,Atual,2022,2023,1.0 Firefly
JG-0096,Fiat,Mobi,Atual,2022,2023,1.0 Firefly Turbo
JG-0097,Fiat,Mobi,Lançamento,2016,2018,1.0 Firefly
JG-0097,Fiat,Mobi,Facelift 1,2018,2020,1.0 Firefly
JG-0097,Fiat,Mobi,Facelift 2,2020,2022,1.0 Firefly
JG-0097,Fiat,Mobi,Facelift 2,2020,2022,1.0 Firefly Turbo
JG-0097,Fiat,Mobi,Atual,2022,2023,1.0 Firefly
JG-0097,Fiat,Mobi,Atual,2022,2023,1.0 Firefly Turbo
PJ-0102,Chevrolet,Spin,Lançamento,2012,2016,1.8 SPE4
PJ-0102,Chevrolet,Spin,Facelift,2016,2019,1.8 SPE4
PJ-0102,Chevrolet,Spin,Facelift,2016,2019,1.8 SPE4 Flexpower
PJ-0102,Chevrolet,Spin,2ª fase,2019,2021,1.8 Family I
PJ-0102,Chevrolet,Spin,Final,2021,2023,1.8 Family I
AN-0121,Chevrolet,Spin,Lançamento,2012,2016,1.8 SPE4
AN-0121,Chevrolet,Spin,Facelift,2016,2019,1.8 SPE4
AN-0121,Chevrolet,Spin,Facelift,2016,2019,1.8 SPE4 Flexpower
AN-0121,Chevrolet,Spin,2ª fase,2019,2021,1.8 Family I
AN-0121,Chevrolet,Spin,Final,2021,2023,1.8 Family I
AN-0122,Chevrolet,Spin,Lançamento,2012,2016,1.8 SPE4
AN-0122,Chevrolet,Spin,Facelift,2016,2019,1.8 SPE4
AN-0122,Chevrolet,Spin,Facelift,2016,2019,1.8 SPE4 Flexpower
AN-0122,Chevrolet,Spin,2ª fase,2019,2021,1.8 Family I
AN-0122,Chevrolet,Spin,Final,2021,2023,1.8 Family I
IB-0117,Chevrolet,Spin,Lançamento,2012,2016,1.8 SPE4
IB-0117,Chevrolet,Spin,Facelift,2016,2019,1.8 SPE4
IB-0117,Chevrolet,Spin,Facelift,2016,2019,1.8 SPE4 Flexpower
IB-0117,Chevrolet,Spin,2ª fase,2019,2021,1.8 Family I
IB-0117,Chevrolet,Spin,Final,2021,2023,1.8 Family I
AN-0123,Chevrolet,Spin,Lançamento,2012,2016,1.8 SPE4
AN-0123,Chevrolet,Spin,Facelift,2016,2019,1.8 SPE4
AN-0123,Chevrolet,Spin,Facelift,2016,2019,1.8 SPE4 Flexpower
AN-0123,Chevrolet,Spin,2ª fase,2019,2021,1.8 Family I
AN-0123,Chevrolet,Spin,Final,2021,2023,1.8 Family I
IB-0118,Nissan,March,Lançamento,2011,2014,1.0 HR10DE
IB-0118,Nissan,March,Lançamento,2011,2014,1.6 HR16DE
IB-0118,Nissan,March,Facelift,2014,2017,1.0 HR10DE
IB-0118,Nissan,March,Facelift,2014,2017,1.6 HR16DE
IB-0118,Nissan,March,2ª fase,2017,2020,1.0 HR10DE
IB-0118,Nissan,March,2ª fase,2017,2020,1.6 HR16DE
IB-0118,Nissan,March,Final,2020,2022,1.6 HR16DE
IB-0119,Nissan,March,Lançamento,2011,2014,1.0 HR10DE
IB-0119,Nissan,March,Lançamento,2011,2014,1.6 HR16DE
IB-0119,Nissan,March,Facelift,2014,2017,1.0 HR10DE
IB-0119,Nissan,March,Facelift,2014,2017,1.6 HR16DE
IB-0119,Nissan,March,2ª fase,2017,2020,1.0 HR10DE
IB-0119,Nissan,March,2ª fase,2017,2020,1.6 HR16DE
IB-0119,Nissan,March,Final,2020,2022,1.6 HR16DE
IB-0120,Nissan,March,Lançamento,2011,2014,1.0 HR10DE
IB-0120,Nissan,March,Lançamento,2011,2014,1.6 HR16DE
IB-0120,Nissan,March,Facelift,2014,2017,1.0 HR10DE
IB-0120,Nissan,March,Facelift,2014,2017,1.6 HR16DE
IB-0120,Nissan,March,2ª fase,2017,2020,1.0 HR10DE
IB-0120,Nissan,March,2ª fase,2017,2020,1.6 HR16DE
IB-0120,Nissan,March,Final,2020,2022,1.6 HR16DE
AN-0124,Nissan,March,Lançamento,2011,2014,1.0 HR10DE
AN-0124,Nissan,March,Lançamento,2011,2014,1.6 HR16DE
AN-0124,Nissan,March,Facelift,2014,2017,1.0 HR10DE
AN-0124,Nissan,March,Facelift,2014,2017,1.6 HR16DE
AN-0124,Nissan,March,2ª fase,2017,2020,1.0 HR10DE
AN-0124,Nissan,March,2ª fase,2017,2020,1.6 HR16DE
AN-0124,Nissan,March,Final,2020,2022,1.6 HR16DE
JG-0098,Nissan,March,Lançamento,2011,2014,1.0 HR10DE
JG-0098,Nissan,March,Lançamento,2011,2014,1.6 HR16DE
JG-0098,Nissan,March,Facelift,2014,2017,1.0 HR10DE
JG-0098,Nissan,March,Facelift,2014,2017,1.6 HR16DE
JG-0098,Nissan,March,2ª fase,2017,2020,1.0 HR10DE
JG-0098,Nissan,March,2ª fase,2017,2020,1.6 HR16DE
JG-0098,Nissan,March,Final,2020,2022,1.6 HR16DE
IB-0121,Nissan,Versa,Lançamento,2011,2014,1.6 HR16DE
IB-0121,Nissan,Versa,Facelift,2014,2017,1.6 HR16DE
IB-0121,Nissan,Versa,2ª fase,2017,2020,1.6 HR16DE
IB-0121,Nissan,Versa,Atual,2020,2023,1.6 HR16DE
AN-0125,Nissan,Versa,Lançamento,2011,2014,1.6 HR16DE
AN-0125,Nissan,Versa,Facelift,2014,2017,1.6 HR16DE
AN-0125,Nissan,Versa,2ª fase,2017,2020,1.6 HR16DE
AN-0125,Nissan,Versa,Atual,2020,2023,1.6 HR16DE
VG-0098,Nissan,Versa,Lançamento,2011,2014,1.6 HR16DE
VG-0098,Nissan,Versa,Facelift,2014,2017,1.6 HR16DE
VG-0098,Nissan,Versa,2ª fase,2017,2020,1.6 HR16DE
VG-0098,Nissan,Versa,Atual,2020,2023,1.6 HR16DE
PJ-0103,Nissan,Versa,Lançamento,2011,2014,1.6 HR16DE
PJ-0103,Nissan,Versa,Facelift,2014,2017,1.6 HR16DE
PJ-0103,Nissan,Versa,2ª fase,2017,2020,1.6 HR16DE
PJ-0103,Nissan,Versa,Atual,2020,2023,1.6 HR16DE
VG-0099,Peugeot,208,Lançamento,2013,2016,1.2 PureTech
VG-0099,Peugeot,208,Lançamento,2013,2016,1.6 THP
VG-0099,Peugeot,208,Facelift,2016,2019,1.2 PureTech
VG-0099,Peugeot,208,Facelift,2016,2019,1.6 THP
VG-0099,Peugeot,208,2ª fase,2019,2021,1.6 THP
VG-0099,Peugeot,208,Atual,2021,2023,1.6 THP
TT-0101,Peugeot,208,Lançamento,2013,2016,1.2 PureTech
TT-0101,Peugeot,208,Lançamento,2013,2016,1.6 THP
TT-0101,Peugeot,208,Facelift,2016,2019,1.2 PureTech
TT-0101,Peugeot,208,Facelift,2016,2019,1.6 THP
TT-0101,Peugeot,208,2ª fase,2019,2021,1.6 THP
TT-0101,Peugeot,208,Atual,2021,2023,1.6 THP
VG-0100,Peugeot,208,Lançamento,2013,2016,1.2 PureTech
VG-0100,Peugeot,208,Lançamento,2013,2016,1.6 THP
VG-0100,Peugeot,208,Facelift,2016,2019,1.2 PureTech
VG-0100,Peugeot,208,Facelift,2016,2019,1.6 THP
VG-0100,Peugeot,208,2ª fase,2019,2021,1.6 THP
VG-0100,Peugeot,208,Atual,2021,2023,1.6 THP
IB-0122,Peugeot,208,Lançamento,2013,2016,1.2 PureTech
IB-0122,Peugeot,208,Lançamento,2013,2016,1.6 THP
IB-0122,Peugeot,208,Facelift,2016,2019,1.2 PureTech
IB-0122,Peugeot,208,Facelift,2016,2019,1.6 THP
IB-0122,Peugeot,208,2ª fase,2019,2021,1.6 THP
IB-0122,Peugeot,208,Atual,2021,2023,1.6 THP
TT-0102,Citroën,C3,1ª geração BR,2003,2006,1.4 TU3
TT-0102,Citroën,C3,1ª geração BR,2003,2006,1.6 TU5
TT-0102,Citroën,C3,2ª geração BR,2006,2012,1.4 TU3
TT-0102,Citroën,C3,2ª geração BR,2006,2012,1.6 16V
TT-0102,Citroën,C3,3ª geração,2012,2017,1.5 8V
TT-0102,Citroën,C3,3ª geração,2012,2017,1.6 16V
TT-0102,Citroën,C3,Atual,2017,2023,1.6 PureTech
TT-0103,Citroën,C3,1ª geração BR,2003,2006,1.4 TU3
TT-0103,Citroën,C3,1ª geração BR,2003,2006,1.6 TU5
TT-0103,Citroën,C3,2ª geração BR,2006,2012,1.4 TU3
TT-0103,Citroën,C3,2ª geração BR,2006,2012,1.6 16V
TT-0103,Citroën,C3,3ª geração,2012,2017,1.5 8V
TT-0103,Citroën,C3,3ª geração,2012,2017,1.6 16V
TT-0103,Citroën,C3,Atual,2017,2023,1.6 PureTech
IB-0123,Citroën,C3,1ª geração BR,2003,2006,1.4 TU3
IB-0123,Citroën,C3,1ª geração BR,2003,2006,1.6 TU5
IB-0123,Citroën,C3,2ª geração BR,2006,2012,1.4 TU3
IB-0123,Citroën,C3,2ª geração BR,2006,2012,1.6 16V
IB-0123,Citroën,C3,3ª geração,2012,2017,1.5 8V
IB-0123,Citroën,C3,3ª geração,2012,2017,1.6 16V
IB-0123,Citroën,C3,Atual,2017,2023,1.6 PureTech
VG-0101,Citroën,C3,1ª geração BR,2003,2006,1.4 TU3
VG-0101,Citroën,C3,1ª geração BR,2003,2006,1.6 TU5
VG-0101,Citroën,C3,2ª geração BR,2006,2012,1.4 TU3
VG-0101,Citroën,C3,2ª geração BR,2006,2012,1.6 16V
VG-0101,Citroën,C3,3ª geração,2012,2017,1.5 8V
VG-0101,Citroën,C3,3ª geração,2012,2017,1.6 16V
VG-0101,Citroën,C3,Atual,2017,2023,1.6 PureTech
VG-0102,Toyota,Etios,Lançamento,2012,2015,1.3 Dual VVT-i
VG-0102,Toyota,Etios,Lançamento,2012,2015,1.5 Dual VVT-i
VG-0102,Toyota,Etios,Facelift,2015,2019,1.3 Dual VVT-i
VG-0102,Toyota,Etios,Facelift,2015,2019,1.5 Dual VVT-i
VG-0102,Toyota,Etios,2ª fase,2019,2021,1.5 Dual VVT-i
VG-0102,Toyota,Etios,Final,2021,2021,1.5 Dual VVT-i
JG-0099,Toyota,Etios,Lançamento,2012,2015,1.3 Dual VVT-i
JG-0099,Toyota,Etios,Lançamento,2012,2015,1.5 Dual VVT-i
JG-0099,Toyota,Etios,Facelift,2015,2019,1.3 Dual VVT-i
JG-0099,Toyota,Etios,Facelift,2015,2019,1.5 Dual VVT-i
JG-0099,Toyota,Etios,2ª fase,2019,2021,1.5 Dual VVT-i
JG-0099,Toyota,Etios,Final,2021,2021,1.5 Dual VVT-i
AN-0126,Toyota,Etios,Lançamento,2012,2015,1.3 Dual VVT-i
AN-0126,Toyota,Etios,Lançamento,2012,2015,1.5 Dual VVT-i
AN-0126,Toyota,Etios,Facelift,2015,2019,1.3 Dual VVT-i
AN-0126,Toyota,Etios,Facelift,2015,2019,1.5 Dual VVT-i
AN-0126,Toyota,Etios,2ª fase,2019,2021,1.5 Dual VVT-i
AN-0126,Toyota,Etios,Final,2021,2021,1.5 Dual VVT-i
JG-0100,Toyota,Etios,Lançamento,2012,2015,1.3 Dual VVT-i
JG-0100,Toyota,Etios,Lançamento,2012,2015,1.5 Dual VVT-i
JG-0100,Toyota,Etios,Facelift,2015,2019,1.3 Dual VVT-i
JG-0100,Toyota,Etios,Facelift,2015,2019,1.5 Dual VVT-i
JG-0100,Toyota,Etios,2ª fase,2019,2021,1.5 Dual VVT-i
JG-0100,Toyota,Etios,Final,2021,2021,1.5 Dual VVT-i
TT-0104,Hyundai,HB20,2ª geração,2019,2021,1.0 Kappa TGDI
TT-0104,Hyundai,HB20,Atual,2021,2023,1.0 Kappa TGDI
AN-0127,Fiat,Palio,3ª geração,2004,2011,1.8 8V
AN-0127,Fiat,Siena,3ª geração,2004,2012,1.8 8V
AN-0127,Fiat,Strada,2ª geração,2004,2012,1.8 8V
AN-0127,Fiat,Punto,Lançamento,2007,2009,1.8 8V
VG-0103,Volkswagen,Polo,2ª geração BR,2007,2014,2.0 8V EA111
VG-0104,Fiat,Punto,Facelift 2,2012,2015,1.6 E.torQ
VG-0104,Fiat,Punto,Final,2015,2017,1.6 E.torQ
JG-0101,Honda,Fit,1ª geração,2003,2008,1.4 SOHC i-DSI
TT-0105,Peugeot,208,Lançamento,2013,2016,1.6 THP
TT-0105,Peugeot,208,Facelift,2016,2019,1.6 THP
TT-0105,Peugeot,208,2ª fase,2019,2021,1.6 THP
TT-0105,Peugeot,208,Atual,2021,2023,1.6 THP
AN-0128,Fiat,Palio,3ª geração,2004,2011,1.4 8V Fire
AN-0128,Fiat,Uno,Novo Uno 1ª,2010,2014,1.4 8V Fire
AN-0128,Fiat,Siena,2ª geração,2001,2004,1.4 8V Fire
AN-0128,Fiat,Siena,3ª geração,2004,2012,1.4 8V Fire
AN-0128,Fiat,Strada,2ª geração,2004,2012,1.4 8V Fire
AN-0128,Fiat,Punto,Lançamento,2007,2009,1.4 8V Fire
AN-0128,Fiat,Punto,Facelift 1,2009,2012,1.4 8V Fire
IB-0124,Honda,Fit,3ª geração,2015,2020,1.5 Earth Dreams
IB-0124,Honda,Fit,Final,2020,2021,1.5 Earth Dreams
PJ-0104,Fiat,Palio,Atual,2012,2017,1.4 Fire Evo
PJ-0104,Fiat,Siena,Atual,2012,2016,1.4 Fire Evo
PJ-0104,Fiat,Strada,3ª geração,2013,2020,1.4 Fire Evo
PJ-0104,Fiat,Punto,Facelift 2,2012,2015,1.4 Fire Evo
PJ-0104,Fiat,Punto,Final,2015,2017,1.4 Fire Evo
IB-0125,Chevrolet,Onix,1ª geração,2012,2015,1.0 SPE4
IB-0125,Chevrolet,Onix,Facelift,2015,2019,1.0 SPE4
IB-0125,Chevrolet,Prisma,2ª geração,2013,2016,1.0 SPE4
IB-0125,Chevrolet,Prisma,Facelift,2016,2019,1.0 SPE4
IB-0125,Chevrolet,Prisma,Final,2019,2021,1.0 SPE4
IB-0126,Ford,EcoSport,1ª geração,2003,2007,2.0 Zetec
TT-0106,Citroën,C3,1ª geração BR,2003,2006,1.6 TU5
PJ-0105,Nissan,March,Lançamento,2011,2014,1.6 HR16DE
PJ-0105,Nissan,March,Facelift,2014,2017,1.6 HR16DE
PJ-0105,Nissan,March,2ª fase,2017,2020,1.6 HR16DE
PJ-0105,Nissan,March,Final,2020,2022,1.6 HR16DE
PJ-0105,Nissan,Versa,Lançamento,2011,2014,1.6 HR16DE
PJ-0105,Nissan,Versa,Facelift,2014,2017,1.6 HR16DE
PJ-0105,Nissan,Versa,2ª fase,2017,2020,1.6 HR16DE
PJ-0105,Nissan,Versa,Atual,2020,2023,1.6 HR16DE
TT-0107,Volkswagen,Polo,Novo Polo,2017,2020,1.0 12V TSI EA211
TT-0107,Volkswagen,Polo,Atual,2020,2023,1.0 12V TSI EA211
TT-0107,Volkswagen,Up!,2ª fase,2019,2021,1.0 12V TSI EA211
TT-0107,Volkswagen,Up!,Final,2021,2023,1.0 12V TSI EA211
JG-0102,Chevrolet,Onix,1ª geração,2012,2015,1.4 SPE4
JG-0102,Chevrolet,Onix,Facelift,2015,2019,1.4 SPE4
JG-0102,Chevrolet,Prisma,2ª geração,2013,2016,1.4 SPE4
JG-0102,Chevrolet,Prisma,Facelift,2016,2019,1.4 SPE4
JG-0102,Chevrolet,Prisma,Final,2019,2021,1.4 SPE4
JG-0103,Ford,Fiesta,Nova geração,2013,2017,1.6 Ti-VCT
JG-0103,Ford,Fiesta,Final,2017,2019,1.6 Ti-VCT
JG-0103,Ford,EcoSport,2ª geração,2012,2017,1.6 Ti-VCT
VG-0105,Hyundai,HB20,Lançamento,2012,2015,1.6 Gamma
VG-0105,Hyundai,HB20,Facelift,2015,2019,1.6 Gamma
VG-0105,Hyundai,HB20,2ª geração,2019,2021,1.6 Gamma
VG-0105,Hyundai,HB20,Atual,2021,2023,1.6 Gamma
PJ-0106,Honda,Civic,7ª geração,2001,2006,1.7 SOHC VTEC
VG-0106,Volkswagen,Gol,G4,2006,2008,1.0 8V EA111
VG-0106,Volkswagen,Gol,G5,2008,2012,1.0 8V EA111
VG-0106,Volkswagen,Fox,1ª geração,2003,2009,1.0 8V EA111
VG-0106,Volkswagen,Fox,2ª geração,2009,2014,1.0 8V EA111
VG-0106,Volkswagen,Voyage,1ª geração,2008,2012,1.0 8V EA111
JG-0104,Renault,Duster,1ª geração,2011,2015,2.0 16V
JG-0104,Renault,Duster,Facelift,2015,2019,2.0 16V
JG-0104,Renault,Duster,2ª geração,2019,2021,2.0 16V
JG-0104,Renault,Duster,Atual,2021,2023,2.0 16V
AN-0129,Chevrolet,Corsa,1ª geração,1994,2000,1.6 8V VHC
AN-0129,Chevrolet,Corsa,2ª geração,2000,2002,1.6 8V VHC
IB-0127,Ford,Fiesta,Nova geração,2013,2017,1.6 Ti-VCT
IB-0127,Ford,Fiesta,Final,2017,2019,1.6 Ti-VCT
IB-0127,Ford,EcoSport,2ª geração,2012,2017,1.6 Ti-VCT
TT-0108,Renault,Sandero,1ª geração,2007,2011,1.0 16V Energy
TT-0108,Renault,Sandero,Facelift,2011,2014,1.0 16V Energy
TT-0108,Renault,Logan,1ª geração,2007,2011,1.0 16V Energy
TT-0108,Renault,Logan,Facelift,2011,2013,1.0 16V Energy
IB-0128,Ford,Fiesta,Nova geração,2013,2017,1.0 EcoBoost
IB-0128,Ford,Fiesta,Final,2017,2019,1.0 EcoBoost
PJ-0107,Chevrolet,Corsa,Facelift,2002,2007,1.8 8V
JG-0105,Fiat,Uno,Atual,2021,2023,1.0 Firefly
JG-0105,Fiat,Mobi,Lançamento,2016,2018,1.0 Firefly
JG-0105,Fiat,Mobi,Facelift 1,2018,2020,1.0 Firefly
JG-0105,Fiat,Mobi,Facelift 2,2020,2022,1.0 Firefly
JG-0105,Fiat,Mobi,Atual,2022,2023,1.0 Firefly
TT-0109,Fiat,Strada,3ª geração,2013,2020,1.8 E.torQ
TT-0109,Fiat,Punto,Facelift 1,2009,2012,1.8 E.torQ
IB-0129,Hyundai,HB20,Lançamento,2012,2015,1.0 Kappa
IB-0129,Hyundai,HB20,Facelift,2015,2019,1.0 Kappa
PJ-0108,Volkswagen,Polo,Novo Polo,2017,2020,1.0 12V TSI EA211
PJ-0108,Volkswagen,Polo,Atual,2020,2023,1.0 12V TSI EA211
PJ-0108,Volkswagen,Up!,2ª fase,2019,2021,1.0 12V TSI EA211
PJ-0108,Volkswagen,Up!,Final,2021,2023,1.0 12V TSI EA211
IB-0130,Ford,EcoSport,Final,2017,2021,1.5 Ti-VCT
TT-0110,Toyota,Corolla,12ª geração,2019,2023,1.8 Hybrid Dynamic Force
TT-0111,Peugeot,208,Lançamento,2013,2016,1.6 THP
TT-0111,Peugeot,208,Facelift,2016,2019,1.6 THP
TT-0111,Peugeot,208,2ª fase,2019,2021,1.6 THP
TT-0111,Peugeot,208,Atual,2021,2023,1.6 THP
TT-0112,Citroën,C3,3ª geração,2012,2017,1.5 8V
TT-0113,Honda,Civic,8ª geração,2006,2011,2.0 SOHC i-VTEC
TT-0113,Honda,Civic,9ª geração,2012,2016,2.0 SOHC i-VTEC
TT-0114,Fiat,Mobi,Facelift 2,2020,2022,1.0 Firefly Turbo
TT-0114,Fiat,Mobi,Atual,2022,2023,1.0 Firefly Turbo
TT-0115,Chevrolet,Onix,1ª geração,2012,2015,1.0 SPE4
TT-0115,Chevrolet,Onix,Facelift,2015,2019,1.0 SPE4
TT-0115,Chevrolet,Prisma,2ª geração,2013,2016,1.0 SPE4
TT-0115,Chevrolet,Prisma,Facelift,2016,2019,1.0 SPE4
TT-0115,Chevrolet,Prisma,Final,2019,2021,1.0 SPE4
IB-0131,Volkswagen,Gol,G6,2012,2016,1.0 12V MPI EA111
IB-0131,Volkswagen,Fox,Facelift,2014,2017,1.0 12V MPI EA111
IB-0131,Volkswagen,Voyage,2ª geração,2012,2016,1.0 12V MPI EA111
IB-0131,Volkswagen,Voyage,Facelift,2016,2019,1.0 12V MPI EA111
IB-0131,Volkswagen,Saveiro,G6,2013,2016,1.0 12V MPI EA111
IB-0131,Volkswagen,Up!,Lançamento,2014,2016,1.0 12V MPI EA111
IB-0131,Volkswagen,Up!,Facelift,2016,2019,1.0 12V MPI EA111
VG-0107,Citroën,C3,2ª geração BR,2006,2012,1.6 16V
VG-0107,Citroën,C3,3ª geração,2012,2017,1.6 16V
VG-0108,Fiat,Palio,3ª geração,2004,2011,1.4 8V Fire
VG-0108,Fiat,Uno,Novo Uno 1ª,2010,2014,1.4 8V Fire
VG-0108,Fiat,Siena,2ª geração,2001,2004,1.4 8V Fire
VG-0108,Fiat,Siena,3ª geração,2004,2012,1.4 8V Fire
VG-0108,Fiat,Strada,2ª geração,2004,2012,1.4 8V Fire
VG-0108,Fiat,Punto,Lançamento,2007,2009,1.4 8V Fire
VG-0108,Fiat,Punto,Facelift 1,2009,2012,1.4 8V Fire
PJ-0109,Volkswagen,Gol,G5,2008,2012,1.6 16V EA111
PJ-0109,Volkswagen,Fox,2ª geração,2009,2014,1.6 16V EA111
PJ-0109,Volkswagen,Saveiro,G5,2009,2013,1.6 16V EA111
JG-0106,Honda,Civic,7ª geração,2001,2006,1.7 SOHC VTEC
IB-0132,Fiat,Mobi,Facelift 2,2020,2022,1.0 Firefly Turbo
IB-0132,Fiat,Mobi,Atual,2022,2023,1.0 Firefly Turbo
IB-0133,Fiat,Uno,Novo Uno 2ª,2014,2021,1.3 Firefly
IB-0133,Fiat,Uno,Atual,2021,2023,1.3 Firefly
IB-0133,Fiat,Strada,Atual,2020,2023,1.3 Firefly
TT-0116,Honda,Civic,10ª geração,2016,2021,1.5 Turbo Earth Dreams
AN-0130,Volkswagen,Polo,1ª geração BR,2002,2007,1.8 20V Turbo EA111
PJ-0110,Chevrolet,Spin,Lançamento,2012,2016,1.8 SPE4
PJ-0110,Chevrolet,Spin,Facelift,2016,2019,1.8 SPE4
JG-0107,Toyota,Etios,Lançamento,2012,2015,1.5 Dual VVT-i
JG-0107,Toyota,Etios,Facelift,2015,2019,1.5 Dual VVT-i
JG-0107,Toyota,Etios,2ª fase,2019,2021,1.5 Dual VVT-i
JG-0107,Toyota,Etios,Final,2021,2021,1.5 Dual VVT-i
VG-0109,Volkswagen,Gol,G4,2006,2008,1.0 8V EA111
VG-0109,Volkswagen,Gol,G5,2008,2012,1.0 8V EA111
VG-0109,Volkswagen,Fox,1ª geração,2003,2009,1.0 8V EA111
VG-0109,Volkswagen,Fox,2ª geração,2009,2014,1.0 8V EA111
VG-0109,Volkswagen,Voyage,1ª geração,2008,2012,1.0 8V EA111
AN-0131,Fiat,Punto,Facelift 2,2012,2015,1.6 E.torQ
AN-0131,Fiat,Punto,Final,2015,2017,1.6 E.torQ
AN-0132,Ford,Ka,1ª geração,1997,2000,1.0 Zetec Rocam
AN-0132,Ford,Ka,Facelift,2000,2007,1.0 Zetec Rocam
AN-0132,Ford,Fiesta,1ª geração BR,2002,2005,1.0 Zetec Rocam
AN-0132,Ford,Fiesta,2ª geração BR,2005,2012,1.0 Zetec Rocam
IB-0134,Ford,EcoSport,Final,2017,2021,2.0 Ti-VCT AWD
PJ-0111,Citroën,C3,1ª geração BR,2003,2006,1.4 TU3
PJ-0111,Citroën,C3,2ª geração BR,2006,2012,1.4 TU3
TT-0117,Ford,Ka,Facelift,2000,2007,1.6 Zetec Rocam
TT-0117,Ford,Fiesta,1ª geração BR,2002,2005,1.6 Zetec Rocam
TT-0117,Ford,Fiesta,2ª geração BR,2005,2012,1.6 Zetec Rocam
TT-0117,Ford,EcoSport,1ª geração,2003,2007,1.6 Zetec Rocam
TT-0117,Ford,EcoSport,Facelift,2007,2012,1.6 Zetec Rocam
JG-0108,Chevrolet,Onix,2ª geração,2019,2022,1.0 Aspirado Family 0
JG-0108,Chevrolet,Onix,Atual,2022,2023,1.0 Aspirado Family 0
PJ-0112,Chevrolet,Celta,1ª geração,2000,2003,1.4 8V VHC
PJ-0112,Chevrolet,Celta,Facelift,2003,2006,1.4 8V VHC
PJ-0112,Chevrolet,Corsa,Facelift,2002,2007,1.4 8V VHC
PJ-0112,Chevrolet,Classic,Lançamento,2003,2005,1.4 8V VHC
PJ-0112,Chevrolet,Classic,Facelift 1,2005,2010,1.4 8V VHC
IB-0135,Fiat,Palio,3ª geração,2004,2011,1.4 8V Fire
IB-0135,Fiat,Uno,Novo Uno 1ª,2010,2014,1.4 8V Fire
IB-0135,Fiat,Siena,2ª geração,2001,2004,1.4 8V Fire
IB-0135,Fiat,Siena,3ª geração,2004,2012,1.4 8V Fire
IB-0135,Fiat,Strada,2ª geração,2004,2012,1.4 8V Fire
IB-0135,Fiat,Punto,Lançamento,2007,2009,1.4 8V Fire
IB-0135,Fiat,Punto,Facelift 1,2009,2012,1.4 8V Fire
VG-0110,Fiat,Palio,2ª geração,1996,2000,1.6 16V
IB-0136,Chevrolet,Celta,1ª geração,2000,2003,1.0 8V VHC
IB-0136,Chevrolet,Celta,Facelift,2003,2006,1.0 8V VHC
IB-0136,Chevrolet,Corsa,1ª geração,1994,2000,1.0 8V VHC
IB-0136,Chevrolet,Corsa,2ª geração,2000,2002,1.0 8V VHC
IB-0136,Chevrolet,Corsa,Facelift,2002,2007,1.0 8V VHC
IB-0136,Chevrolet,Classic,Lançamento,2003,2005,1.0 8V VHC
IB-0136,Chevrolet,Classic,Facelift 1,2005,2010,1.0 8V VHC
TT-0118,Chevrolet,Celta,2ª geração,2006,2011,1.4 8V VHCE Flexpower
TT-0118,Chevrolet,Celta,Final,2011,2016,1.4 8V VHCE Flexpower
TT-0118,Chevrolet,Corsa,Final,2007,2012,1.4 8V VHCE Flexpower
TT-0118,Chevrolet,Classic,Facelift 2,2010,2014,1.4 8V VHCE Flexpower
TT-0118,Chevrolet,Classic,Final,2014,2016,1.4 8V VHCE Flexpower
TT-0118,Chevrolet,Prisma,1ª geração,2006,2013,1.4 8V VHCE Flexpower
IB-0137,Chevrolet,Corsa,Facelift,2002,2007,1.8 8V
AN-0133,Volkswagen,Up!,Lançamento,2014,2016,1.0 12V TSI EA111
AN-0133,Volkswagen,Up!,Facelift,2016,2019,1.0 12V TSI EA111
TT-0119,Renault,Sandero,1ª geração,2007,2011,1.0 16V Energy
TT-0119,Renault,Sandero,Facelift,2011,2014,1.0 16V Energy
TT-0119,Renault,Logan,1ª geração,2007,2011,1.0 16V Energy
TT-0119,Renault,Logan,Facelift,2011,2013,1.0 16V Energy
AN-0134,Honda,Fit,1ª geração,2003,2008,1.5 SOHC VTEC
PJ-0113,Ford,EcoSport,1ª geração,2003,2007,2.0 Zetec
JG-0109,Ford,Ka,Facelift,2000,2007,1.6 Zetec Rocam
JG-0109,Ford,Fiesta,1ª geração BR,2002,2005,1.6 Zetec Rocam
JG-0109,Ford,Fiesta,2ª geração BR,2005,2012,1.6 Zetec Rocam
JG-0109,Ford,EcoSport,1ª geração,2003,2007,1.6 Zetec Rocam
JG-0109,Ford,EcoSport,Facelift,2007,2012,1.6 Zetec Rocam
IB-0138,Nissan,March,Lançamento,2011,2014,1.0 HR10DE
IB-0138,Nissan,March,Facelift,2014,2017,1.0 HR10DE
IB-0138,Nissan,March,2ª fase,2017,2020,1.0 HR10DE
AN-0135,Chevrolet,Onix,2ª geração,2019,2022,1.0 Aspirado Family 0
AN-0135,Chevrolet,Onix,Atual,2022,2023,1.0 Aspirado Family 0
TT-0120,Volkswagen,Gol,G7/G8,2016,2023,1.6 16V MSI EA211
TT-0120,Volkswagen,Fox,Final,2017,2021,1.6 16V MSI EA211
TT-0120,Volkswagen,Voyage,Final,2019,2023,1.6 16V MSI EA211
TT-0120,Volkswagen,Saveiro,G7,2016,2021,1.6 16V MSI EA211
TT-0120,Volkswagen,Saveiro,Atual,2021,2023,1.6 16V MSI EA211
TT-0120,Volkswagen,Polo,Novo Polo,2017,2020,1.6 16V MSI EA211
TT-0120,Volkswagen,Polo,Atual,2020,2023,1.6 16V MSI EA211
JG-0110,Fiat,Palio,3ª geração,2004,2011,1.8 8V
JG-0110,Fiat,Siena,3ª geração,2004,2012,1.8 8V
JG-0110,Fiat,Strada,2ª geração,2004,2012,1.8 8V
JG-0110,Fiat,Punto,Lançamento,2007,2009,1.8 8V
TT-0121,Volkswagen,Polo,1ª geração BR,2002,2007,1.8 20V Turbo EA111
VG-0111,Chevrolet,Onix,1ª geração,2012,2015,1.0 SPE4
VG-0111,Chevrolet,Onix,Facelift,2015,2019,1.0 SPE4
VG-0111,Chevrolet,Prisma,2ª geração,2013,2016,1.0 SPE4
VG-0111,Chevrolet,Prisma,Facelift,2016,2019,1.0 SPE4
VG-0111,Chevrolet,Prisma,Final,2019,2021,1.0 SPE4
JG-0111,Volkswagen,Gol,G7/G8,2016,2023,1.0 12V MPI EA211
JG-0111,Volkswagen,Fox,Final,2017,2021,1.0 12V MPI EA211
JG-0111,Volkswagen,Voyage,Final,2019,2023,1.0 12V MPI EA211
JG-0111,Volkswagen,Polo,Novo Polo,2017,2020,1.0 12V MPI EA211
JG-0111,Volkswagen,Up!,2ª fase,2019,2021,1.0 12V MPI EA211
AN-0136,Volkswagen,Gol,G6,2012,2016,1.6 16V MSI EA111
AN-0136,Volkswagen,Fox,Facelift,2014,2017,1.6 16V MSI EA111
AN-0136,Volkswagen,Voyage,2ª geração,2012,2016,1.6 16V MSI EA111
AN-0136,Volkswagen,Voyage,Facelift,2016,2019,1.6 16V MSI EA111
AN-0136,Volkswagen,Saveiro,G6,2013,2016,1.6 16V MSI EA111
JG-0112,Honda,Civic,8ª geração,2006,2011,1.8 SOHC i-VTEC
JG-0112,Honda,Civic,9ª geração,2012,2016,1.8 SOHC i-VTEC
JG-0113,Volkswagen,Gol,G5,2008,2012,1.6 16V EA111
JG-0113,Volkswagen,Fox,2ª geração,2009,2014,1.6 16V EA111
JG-0113,Volkswagen,Saveiro,G5,2009,2013,1.6 16V EA111
TT-0122,Honda,Civic,8ª geração,2006,2011,2.0 SOHC i-VTEC
TT-0122,Honda,Civic,9ª geração,2012,2016,2.0 SOHC i-VTEC
JG-0114,Honda,Fit,3ª geração,2015,2020,1.5 Earth Dreams
JG-0114,Honda,Fit,Final,2020,2021,1.5 Earth Dreams
TT-0123,Renault,Sandero,Final,2017,2020,1.6 16V SCe
TT-0123,Renault,Logan,Final,2017,2021,1.6 16V SCe
TT-0123,Renault,Duster,Facelift,2015,2019,1.6 16V SCe
TT-0123,Renault,Duster,2ª geração,2019,2021,1.6 16V SCe
TT-0123,Renault,Duster,Atual,2021,2023,1.6 16V SCe
VG-0112,Volkswagen,Polo,Novo Polo,2017,2020,1.0 12V TSI EA211
VG-0112,Volkswagen,Polo,Atual,2020,2023,1.0 12V TSI EA211
VG-0112,Volkswagen,Up!,2ª fase,2019,2021,1.0 12V TSI EA211
VG-0112,Volkswagen,Up!,Final,2021,2023,1.0 12V TSI EA211
PJ-0114,Honda,Fit,2ª geração,2008,2014,1.5 SOHC i-VTEC
TT-0124,Volkswagen,Gol,G4,2006,2008,1.0 8V EA111
TT-0124,Volkswagen,Gol,G4,2006,2008,1.6 8V EA111
TT-0124,Volkswagen,Gol,G5,2008,2012,1.0 8V EA111
TT-0124,Volkswagen,Gol,G5,2008,2012,1.6 8V EA111
TT-0124,Volkswagen,Gol,G5,2008,2012,1.6 16V EA111
TT-0124,Volkswagen,Gol,G6,2012,2016,1.0 12V MPI EA111
TT-0124,Volkswagen,Gol,G6,2012,2016,1.6 16V MSI EA111
TT-0124,Volkswagen,Fox,1ª geração,2003,2009,1.0 8V EA111
TT-0124,Volkswagen,Fox,1ª geração,2003,2009,1.6 8V EA111
TT-0124,Volkswagen,Fox,2ª geração,2009,2014,1.0 8V EA111
TT-0124,Volkswagen,Fox,2ª geração,2009,2014,1.6 16V EA111
TT-0124,Volkswagen,Fox,Facelift,2014,2017,1.0 12V MPI EA111
TT-0124,Volkswagen,Fox,Facelift,2014,2017,1.6 16V MSI EA111
TT-0124,Volkswagen,Voyage,1ª geração,2008,2012,1.0 8V EA111
TT-0124,Volkswagen,Voyage,1ª geração,2008,2012,1.6 8V EA111
TT-0124,Volkswagen,Voyage,2ª geração,2012,2016,1.0 12V MPI EA111
TT-0124,Volkswagen,Voyage,2ª geração,2012,2016,1.6 16V MSI EA111
TT-0124,Volkswagen,Voyage,Facelift,2016,2019,1.0 12V MPI EA111
TT-0124,Volkswagen,Voyage,Facelift,2016,2019,1.6 16V MSI EA111
TT-0124,Volkswagen,Saveiro,G5,2009,2013,1.6 8V EA111
TT-0124,Volkswagen,Saveiro,G5,2009,2013,1.6 16V EA111
TT-0124,Volkswagen,Saveiro,G6,2013,2016,1.0 12V MPI EA111
TT-0124,Volkswagen,Saveiro,G6,2013,2016,1.6 16V MSI EA111
TT-0124,Volkswagen,Polo,1ª geração BR,2002,2007,1.6 8V EA111
TT-0124,Volkswagen,Polo,1ª geração BR,2002,2007,1.8 20V Turbo EA111
TT-0124,Volkswagen,Polo,2ª geração BR,2007,2014,1.6 8V EA111
TT-0124,Volkswagen,Polo,2ª geração BR,2007,2014,2.0 8V EA111
TT-0124,Volkswagen,Up!,Lançamento,2014,2016,1.0 12V MPI EA111
TT-0124,Volkswagen,Up!,Lançamento,2014,2016,1.0 12V TSI EA111
TT-0124,Volkswagen,Up!,Facelift,2016,2019,1.0 12V MPI EA111
TT-0124,Volkswagen,Up!,Facelift,2016,2019,1.0 12V TSI EA111
JG-0115,Volkswagen,Gol,G7/G8,2016,2023,1.0 12V MPI EA211
JG-0115,Volkswagen,Gol,G7/G8,2016,2023,1.6 16V MSI EA211
JG-0115,Volkswagen,Fox,Final,2017,2021,1.0 12V MPI EA211
JG-0115,Volkswagen,Fox,Final,2017,2021,1.6 16V MSI EA211
JG-0115,Volkswagen,Voyage,Final,2019,2023,1.0 12V MPI EA211
JG-0115,Volkswagen,Voyage,Final,2019,2023,1.6 16V MSI EA211
JG-0115,Volkswagen,Saveiro,G7,2016,2021,1.6 16V MSI EA211
JG-0115,Volkswagen,Saveiro,G7,2016,2021,1.6 20V TSI EA211
JG-0115,Volkswagen,Saveiro,Atual,2021,2023,1.6 16V MSI EA211
JG-0115,Volkswagen,Saveiro,Atual,2021,2023,1.6 20V TSI EA211
JG-0115,Volkswagen,Polo,Novo Polo,2017,2020,1.0 12V MPI EA211
JG-0115,Volkswagen,Polo,Novo Polo,2017,2020,1.0 12V TSI EA211
JG-0115,Volkswagen,Polo,Novo Polo,2017,2020,1.6 16V MSI EA211
JG-0115,Volkswagen,Polo,Atual,2020,2023,1.0 12V TSI EA211
JG-0115,Volkswagen,Polo,Atual,2020,2023,1.6 16V MSI EA211
JG-0115,Volkswagen,Up!,2ª fase,2019,2021,1.0 12V MPI EA211
JG-0115,Volkswagen,Up!,2ª fase,2019,2021,1.0 12V TSI EA211
JG-0115,Volkswagen,Up!,Final,2021,2023,1.0 12V TSI EA211
PJ-0115,Fiat,Palio,2ª geração,1996,2000,1.0 8V Fire
PJ-0115,Fiat,Palio,2ª geração,1996,2000,1.6 16V
PJ-0115,Fiat,Palio,Facelift,2001,2004,1.0 8V Fire
PJ-0115,Fiat,Palio,Facelift,2001,2004,1.5 8V
PJ-0115,Fiat,Palio,3ª geração,2004,2011,1.0 8V Fire
PJ-0115,Fiat,Palio,3ª geração,2004,2011,1.4 8V Fire
PJ-0115,Fiat,Palio,3ª geração,2004,2011,1.8 8V
PJ-0115,Fiat,Uno,Mille,2004,2010,1.0 8V Fire
PJ-0115,Fiat,Uno,Mille,2004,2010,1.5 8V
PJ-0115,Fiat,Uno,Novo Uno 1ª,2010,2014,1.0 8V Fire
PJ-0115,Fiat,Uno,Novo Uno 1ª,2010,2014,1.4 8V Fire
PJ-0115,Fiat,Siena,1ª geração,1996,2001,1.0 8V Fire
PJ-0115,Fiat,Siena,1ª geração,1996,2001,1.5 8V
PJ-0115,Fiat,Siena,2ª geração,2001,2004,1.0 8V Fire
PJ-0115,Fiat,Siena,2ª geração,2001,2004,1.4 8V Fire
PJ-0115,Fiat,Siena,3ª geração,2004,2012,1.0 8V Fire
PJ-0115,Fiat,Siena,3ª geração,2004,2012,1.4 8V Fire
PJ-0115,Fiat,Siena,3ª geração,2004,2012,1.8 8V
PJ-0115,Fiat,Strada,1ª geração,1998,2004,1.5 8V
PJ-0115,Fiat,Strada,1ª geração,1998,2004,1.6 8V
PJ-0115,Fiat,Strada,2ª geração,2004,2012,1.4 8V Fire
PJ-0115,Fiat,Strada,2ª geração,2004,2012,1.8 8V
PJ-0115,Fiat,Punto,Lançamento,2007,2009,1.4 8V Fire
PJ-0115,Fiat,Punto,Lançamento,2007,2009,1.8 8V
PJ-0115,Fiat,Punto,Facelift 1,2009,2012,1.4 8V Fire
PJ-0115,Fiat,Punto,Facelift 1,2009,2012,1.8 E.torQ
JG-0116,Fiat,Palio,Atual,2012,2017,1.0 Fire Evo
JG-0116,Fiat,Palio,Atual,2012,2017,1.4 Fire Evo
JG-0116,Fiat,Uno,Novo Uno 2ª,2014,2021,1.0 Fire Evo
JG-0116,Fiat,Uno,Novo Uno 2ª,2014,2021,1.3 Firefly
JG-0116,Fiat,Siena,Atual,2012,2016,1.0 Fire Evo
JG-0116,Fiat,Siena,Atual,2012,2016,1.4 Fire Evo
JG-0116,Fiat,Strada,3ª geração,2013,2020,1.4 Fire Evo
JG-0116,Fiat,Strada,3ª geração,2013,2020,1.8 E.torQ
JG-0116,Fiat,Punto,Facelift 2,2012,2015,1.4 Fire Evo
JG-0116,Fiat,Punto,Facelift 2,2012,2015,1.6 E.torQ
JG-0116,Fiat,Punto,Final,2015,2017,1.4 Fire Evo
JG-0116,Fiat,Punto,Final,2015,2017,1.6 E.torQ
VG-0113,Fiat,Uno,Atual,2021,2023,1.0 Firefly
VG-0113,Fiat,Uno,Atual,2021,2023,1.3 Firefly
VG-0113,Fiat,Strada,Atual,2020,2023,1.3 Firefly
VG-0113,Fiat,Strada,Atual,2020,2023,1.4 Firefly Turbo
VG-0113,Fiat,Mobi,Lançamento,2016,2018,1.0 Firefly
VG-0113,Fiat,Mobi,Facelift 1,2018,2020,1.0 Firefly
VG-0113,Fiat,Mobi,Facelift 2,2020,2022,1.0 Firefly
VG-0113,Fiat,Mobi,Facelift 2,2020,2022,1.0 Firefly Turbo
VG-0113,Fiat,Mobi,Atual,2022,2023,1.0 Firefly
VG-0113,Fiat,Mobi,Atual,2022,2023,1.0 Firefly Turbo
PJ-0116,Chevrolet,Celta,1ª geração,2000,2003,1.0 8V VHC
PJ-0116,Chevrolet,Celta,1ª geração,2000,2003,1.4 8V VHC
PJ-0116,Chevrolet,Celta,Facelift,2003,2006,1.0 8V VHC
PJ-0116,Chevrolet,Celta,Facelift,2003,2006,1.4 8V VHC
PJ-0116,Chevrolet,Corsa,1ª geração,1994,2000,1.0 8V VHC
PJ-0116,Chevrolet,Corsa,1ª geração,1994,2000,1.6 8V VHC
PJ-0116,Chevrolet,Corsa,2ª geração,2000,2002,1.0 8V VHC
PJ-0116,Chevrolet,Corsa,2ª geração,2000,2002,1.6 8V VHC
PJ-0116,Chevrolet,Corsa,Facelift,2002,2007,1.0 8V VHC
PJ-0116,Chevrolet,Corsa,Facelift,2002,2007,1.4 8V VHC
PJ-0116,Chevrolet,Corsa,Facelift,2002,2007,1.8 8V
PJ-0116,Chevrolet,Classic,Lançamento,2003,2005,1.0 8V VHC
PJ-0116,Chevrolet,Classic,Lançamento,2003,2005,1.4 8V VHC
PJ-0116,Chevrolet,Classic,Facelift 1,2005,2010,1.0 8V VHC
PJ-0116,Chevrolet,Classic,Facelift 1,2005,2010,1.4 8V VHC
AN-0137,Chevrolet,Celta,2ª geração,2006,2011,1.0 8V VHCE
AN-0137,Chevrolet,Celta,2ª geração,2006,2011,1.4 8V VHCE Flexpower
AN-0137,Chevrolet,Celta,Final,2011,2016,1.0 8V VHCE
AN-0137,Chevrolet,Celta,Final,2011,2016,1.4 8V VHCE Flexpower
AN-0137,Chevrolet,Corsa,Final,2007,2012,1.0 8V VHCE
AN-0137,Chevrolet,Corsa,Final,2007,2012,1.4 8V VHCE Flexpower
AN-0137,Chevrolet,Classic,Facelift 2,2010,2014,1.0 8V VHCE Economy
AN-0137,Chevrolet,Classic,Facelift 2,2010,2014,1.4 8V VHCE Flexpower
AN-0137,Chevrolet,Classic,Final,2014,2016,1.0 8V VHCE Economy
AN-0137,Chevrolet,Classic,Final,2014,2016,1.4 8V VHCE Flexpower
AN-0137,Chevrolet,Prisma,1ª geração,2006,2013,1.0 8V VHCE
AN-0137,Chevrolet,Prisma,1ª geração,2006,2013,1.4 8V VHCE Flexpower
PJ-0117,Chevrolet,Onix,1ª geração,2012,2015,1.0 SPE4
PJ-0117,Chevrolet,Onix,1ª geração,2012,2015,1.4 SPE4
PJ-0117,Chevrolet,Onix,Facelift,2015,2019,1.0 SPE4
PJ-0117,Chevrolet,Onix,Facelift,2015,2019,1.4 SPE4
PJ-0117,Chevrolet,Prisma,2ª geração,2013,2016,1.0 SPE4
PJ-0117,Chevrolet,Prisma,2ª geração,2013,2016,1.4 SPE4
PJ-0117,Chevrolet,Prisma,Facelift,2016,2019,1.0 SPE4
PJ-0117,Chevrolet,Prisma,Facelift,2016,2019,1.4 SPE4
PJ-0117,Chevrolet,Prisma,Final,2019,2021,1.0 SPE4
PJ-0117,Chevrolet,Prisma,Final,2019,2021,1.4 SPE4
PJ-0117,Chevrolet,Spin,Lançamento,2012,2016,1.8 SPE4
PJ-0117,Chevrolet,Spin,Facelift,2016,2019,1.8 SPE4
PJ-0117,Chevrolet,Spin,Facelift,2016,2019,1.8 SPE4 Flexpower
AN-0138,Chevrolet,Onix,2ª geração,2019,2022,1.0 Turbo Family 0
AN-0138,Chevrolet,Onix,2ª geração,2019,2022,1.0 Aspirado Family 0
AN-0138,Chevrolet,Onix,Atual,2022,2023,1.0 Turbo Family 0
AN-0138,Chevrolet,Onix,Atual,2022,2023,1.0 Aspirado Family 0
TT-0125,Ford,Ka,1ª geração,1997,2000,1.0 Zetec Rocam
TT-0125,Ford,Ka,1ª geração,1997,2000,1.3 Zetec Rocam
TT-0125,Ford,Ka,Facelift,2000,2007,1.0 Zetec Rocam
TT-0125,Ford,Ka,Facelift,2000,2007,1.6 Zetec Rocam
TT-0125,Ford,Fiesta,1ª geração BR,2002,2005,1.0 Zetec Rocam
TT-0125,Ford,Fiesta,1ª geração BR,2002,2005,1.6 Zetec Rocam
TT-0125,Ford,Fiesta,2ª geração BR,2005,2012,1.0 Zetec Rocam
TT-0125,Ford,Fiesta,2ª geração BR,2005,2012,1.6 Zetec Rocam
TT-0125,Ford,EcoSport,1ª geração,2003,2007,1.6 Zetec Rocam
TT-0125,Ford,EcoSport,1ª geração,2003,2007,2.0 Zetec
TT-0125,Ford,EcoSport,Facelift,2007,2012,1.6 Zetec Rocam
TT-0125,Ford,EcoSport,Facelift,2007,2012,2.0 Duratec
VG-0114,Ford,Ka,Nova geração,2014,2017,1.0 Ti-VCT Dragon
VG-0114,Ford,Ka,Nova geração,2014,2017,1.5 Ti-VCT Dragon
VG-0114,Ford,Ka,Facelift atual,2017,2021,1.0 Ti-VCT Dragon
VG-0114,Ford,Ka,Facelift atual,2017,2021,1.5 Ti-VCT Dragon
VG-0115,Ford,Fiesta,Nova geração,2013,2017,1.6 Ti-VCT
VG-0115,Ford,Fiesta,Nova geração,2013,2017,1.0 EcoBoost
VG-0115,Ford,Fiesta,Final,2017,2019,1.6 Ti-VCT
VG-0115,Ford,Fiesta,Final,2017,2019,1.0 EcoBoost
VG-0115,Ford,EcoSport,2ª geração,2012,2017,1.6 Ti-VCT
VG-0115,Ford,EcoSport,2ª geração,2012,2017,2.0 Ti-VCT
VG-0115,Ford,EcoSport,Final,2017,2021,1.5 Ti-VCT
VG-0115,Ford,EcoSport,Final,2017,2021,2.0 Ti-VCT AWD
PJ-0118,Renault,Sandero,1ª geração,2007,2011,1.0 16V Energy
PJ-0118,Renault,Sandero,1ª geração,2007,2011,1.6 16V Energy
PJ-0118,Renault,Sandero,Facelift,2011,2014,1.0 16V Energy
PJ-0118,Renault,Sandero,Facelift,2011,2014,1.6 16V Energy
PJ-0118,Renault,Logan,1ª geração,2007,2011,1.0 16V Energy
PJ-0118,Renault,Logan,1ª geração,2007,2011,1.6 16V Energy
PJ-0118,Renault,Logan,Facelift,2011,2013,1.0 16V Energy
PJ-0118,Renault,Logan,Facelift,2011,2013,1.6 16V Energy
PJ-0118,Renault,Duster,1ª geração,2011,2015,1.6 16V Energy
PJ-0118,Renault,Duster,1ª geração,2011,2015,2.0 16V
TT-0126,Renault,Sandero,2ª geração,2014,2017,1.0 12V SCe
TT-0126,Renault,Sandero,2ª geração,2014,2017,1.6 16V Energy
TT-0126,Renault,Sandero,Final,2017,2020,1.0 12V SCe
TT-0126,Renault,Sandero,Final,2017,2020,1.6 16V SCe
TT-0126,Renault,Logan,2ª geração,2013,2017,1.0 12V SCe
TT-0126,Renault,Logan,2ª geração,2013,2017,1.6 16V Energy
TT-0126,Renault,Logan,Final,2017,2021,1.0 12V SCe
TT-0126,Renault,Logan,Final,2017,2021,1.6 16V SCe
TT-0126,Renault,Duster,Facelift,2015,2019,1.6 16V SCe
TT-0126,Renault,Duster,Facelift,2015,2019,2.0 16V
TT-0126,Renault,Duster,2ª geração,2019,2021,1.6 16V SCe
TT-0126,Renault,Duster,2ª geração,2019,2021,2.0 16V
TT-0126,Renault,Duster,Atual,2021,2023,1.6 16V SCe
TT-0126,Renault,Duster,Atual,2021,2023,2.0 16V
VG-0116,Hyundai,HB20,Lançamento,2012,2015,1.0 Kappa
VG-0116,Hyundai,HB20,Lançamento,2012,2015,1.6 Gamma
VG-0116,Hyundai,HB20,Facelift,2015,2019,1.0 Kappa
VG-0116,Hyundai,HB20,Facelift,2015,2019,1.6 Gamma
TT-0127,Hyundai,HB20,2ª geração,2019,2021,1.0 Kappa TGDI
TT-0127,Hyundai,HB20,2ª geração,2019,2021,1.6 Gamma
TT-0127,Hyundai,HB20,Atual,2021,2023,1.0 Kappa TGDI
TT-0127,Hyundai,HB20,Atual,2021,2023,1.6 Gamma
IB-0139,Toyota,Corolla,9ª geração,2003,2008,1.6 VVT-i
IB-0139,Toyota,Corolla,9ª geração,2003,2008,1.8 VVT-i
JG-0117,Toyota,Corolla,10ª geração,2008,2014,1.8 Dual VVT-i
JG-0117,Toyota,Corolla,10ª geração,2008,2014,2.0 Dual VVT-i
JG-0117,Toyota,Corolla,11ª geração,2014,2019,1.8 Dual VVT-i
JG-0117,Toyota,Corolla,11ª geração,2014,2019,2.0 Dual VVT-i
JG-0117,Toyota,Etios,Lançamento,2012,2015,1.3 Dual VVT-i
JG-0117,Toyota,Etios,Lançamento,2012,2015,1.5 Dual VVT-i
JG-0117,Toyota,Etios,Facelift,2015,2019,1.3 Dual VVT-i
JG-0117,Toyota,Etios,Facelift,2015,2019,1.5 Dual VVT-i
JG-0117,Toyota,Etios,2ª fase,2019,2021,1.5 Dual VVT-i
JG-0117,Toyota,Etios,Final,2021,2021,1.5 Dual VVT-i
JG-0118,Toyota,Corolla,12ª geração,2019,2023,2.0 Dynamic Force
JG-0118,Toyota,Corolla,12ª geração,2019,2023,1.8 Hybrid Dynamic Force
VG-0117,Honda,Civic,7ª geração,2001,2006,1.7 SOHC VTEC
PJ-0119,Honda,Civic,8ª geração,2006,2011,1.8 SOHC i-VTEC
PJ-0119,Honda,Civic,8ª geração,2006,2011,2.0 SOHC i-VTEC
PJ-0119,Honda,Civic,9ª geração,2012,2016,1.8 SOHC i-VTEC
PJ-0119,Honda,Civic,9ª geração,2012,2016,2.0 SOHC i-VTEC
PJ-0119,Honda,Fit,2ª geração,2008,2014,1.4 SOHC i-VTEC
PJ-0119,Honda,Fit,2ª geração,2008,2014,1.5 SOHC i-VTEC
JG-0119,Honda,Civic,10ª geração,2016,2021,2.0 Earth Dreams
JG-0119,Honda,Civic,10ª geração,2016,2021,1.5 Turbo Earth Dreams
JG-0119,Honda,Fit,3ª geração,2015,2020,1.5 Earth Dreams
JG-0119,Honda,Fit,Final,2020,2021,1.5 Earth Dreams
AN-0139,Honda,Fit,1ª geração,2003,2008,1.4 SOHC i-DSI
AN-0139,Honda,Fit,1ª geração,2003,2008,1.5 SOHC VTEC
AN-0140,Chevrolet,Spin,2ª fase,2019,2021,1.8 Family I
AN-0140,Chevrolet,Spin,Final,2021,2023,1.8 Family I
VG-0118,Nissan,March,Lançamento,2011,2014,1.0 HR10DE
VG-0118,Nissan,March,Lançamento,2011,2014,1.6 HR16DE
VG-0118,Nissan,March,Facelift,2014,2017,1.0 HR10DE
VG-0118,Nissan,March,Facelift,2014,2017,1.6 HR16DE
VG-0118,Nissan,March,2ª fase,2017,2020,1.0 HR10DE
VG-0118,Nissan,March,2ª fase,2017,2020,1.6 HR16DE
VG-0118,Nissan,March,Final,2020,2022,1.6 HR16DE
VG-0118,Nissan,Versa,Lançamento,2011,2014,1.6 HR16DE
VG-0118,Nissan,Versa,Facelift,2014,2017,1.6 HR16DE
VG-0118,Nissan,Versa,2ª fase,2017,2020,1.6 HR16DE
VG-0118,Nissan,Versa,Atual,2020,2023,1.6 HR16DE
AN-0141,Peugeot,208,Lançamento,2013,2016,1.2 PureTech
AN-0141,Peugeot,208,Lançamento,2013,2016,1.6 THP
AN-0141,Peugeot,208,Facelift,2016,2019,1.2 PureTech
AN-0141,Peugeot,208,Facelift,2016,2019,1.6 THP
AN-0141,Peugeot,208,2ª fase,2019,2021,1.6 THP
AN-0141,Peugeot,208,Atual,2021,2023,1.6 THP
AN-0142,Citroën,C3,1ª geração BR,2003,2006,1.4 TU3
AN-0142,Citroën,C3,1ª geração BR,2003,2006,1.6 TU5
AN-0142,Citroën,C3,2ª geração BR,2006,2012,1.4 TU3
AN-0142,Citroën,C3,2ª geração BR,2006,2012,1.6 16V
VG-0119,Citroën,C3,3ª geração,2012,2017,1.5 8V
VG-0119,Citroën,C3,3ª geração,2012,2017,1.6 16V
VG-0119,Citroën,C3,Atual,2017,2023,1.6 PureTech
IB-0140,Renault,Sandero,2ª geração,2014,2017,1.0 12V SCe
IB-0140,Renault,Sandero,Final,2017,2020,1.0 12V SCe
IB-0140,Renault,Logan,2ª geração,2013,2017,1.0 12V SCe
IB-0140,Renault,Logan,Final,2017,2021,1.0 12V SCe
TT-0128,Volkswagen,Saveiro,G7,2016,2021,1.6 20V TSI EA211
TT-0128,Volkswagen,Saveiro,Atual,2021,2023,1.6 20V TSI EA211
JG-0120,Toyota,Corolla,9ª geração,2003,2008,1.6 VVT-i
VG-0120,Nissan,March,Lançamento,2011,2014,1.6 HR16DE
VG-0120,Nissan,March,Facelift,2014,2017,1.6 HR16DE
VG-0120,Nissan,March,2ª fase,2017,2020,1.6 HR16DE
VG-0120,Nissan,March,Final,2020,2022,1.6 HR16DE
VG-0120,Nissan,Versa,Lançamento,2011,2014,1.6 HR16DE
VG-0120,Nissan,Versa,Facelift,2014,2017,1.6 HR16DE
VG-0120,Nissan,Versa,2ª fase,2017,2020,1.6 HR16DE
VG-0120,Nissan,Versa,Atual,2020,2023,1.6 HR16DE
VG-0121,Honda,Civic,7ª geração,2001,2006,1.7 SOHC VTEC
AN-0143,Citroën,C3,3ª geração,2012,2017,1.5 8V
AN-0144,Ford,Ka,1ª geração,1997,2000,1.3 Zetec Rocam
TT-0129,Chevrolet,Corsa,Facelift,2002,2007,1.8 8V
TT-0130,Chevrolet,Classic,Facelift 2,2010,2014,1.0 8V VHCE Economy
TT-0130,Chevrolet,Classic,Final,2014,2016,1.0 8V VHCE Economy
VG-0122,Fiat,Strada,Atual,2020,2023,1.4 Firefly Turbo
VG-0123,Fiat,Palio,2ª geração,1996,2000,1.6 16V
IB-0141,Ford,EcoSport,2ª geração,2012,2017,2.0 Ti-VCT
PJ-0120,Ford,Fiesta,Nova geração,2013,2017,1.6 Ti-VCT
PJ-0120,Ford,Fiesta,Final,2017,2019,1.6 Ti-VCT
PJ-0120,Ford,EcoSport,2ª geração,2012,2017,1.6 Ti-VCT
IB-0142,Toyota,Corolla,12ª geração,2019,2023,2.0 Dynamic Force
AN-0145,Toyota,Corolla,9ª geração,2003,2008,1.8 VVT-i
TT-0131,Renault,Duster,1ª geração,2011,2015,2.0 16V
TT-0131,Renault,Duster,Facelift,2015,2019,2.0 16V
TT-0131,Renault,Duster,2ª geração,2019,2021,2.0 16V
TT-0131,Renault,Duster,Atual,2021,2023,2.0 16V
PJ-0121,Hyundai,HB20,Lançamento,2012,2015,1.0 Kappa
PJ-0121,Hyundai,HB20,Facelift,2015,2019,1.0 Kappa
PJ-0122,Honda,Civic,8ª geração,2006,2011,1.8 SOHC i-VTEC
PJ-0122,Honda,Civic,9ª geração,2012,2016,1.8 SOHC i-VTEC
AN-0146,Ford,EcoSport,Facelift,2007,2012,2.0 Duratec
JG-0121,Chevrolet,Corsa,1ª geração,1994,2000,1.6 8V VHC
JG-0121,Chevrolet,Corsa,2ª geração,2000,2002,1.6 8V VHC
AN-0147,Volkswagen,Gol,G4,2006,2008,1.0 8V EA111
AN-0147,Volkswagen,Gol,G4,2006,2008,1.6 8V EA111
AN-0147,Volkswagen,Gol,G5,2008,2012,1.0 8V EA111
AN-0147,Volkswagen,Gol,G5,2008,2012,1.6 8V EA111
AN-0147,Volkswagen,Gol,G5,2008,2012,1.6 16V EA111
AN-0147,Volkswagen,Gol,G6,2012,2016,1.0 12V MPI EA111
AN-0147,Volkswagen,Gol,G6,2012,2016,1.6 16V MSI EA111
AN-0147,Volkswagen,Fox,1ª geração,2003,2009,1.0 8V EA111
AN-0147,Volkswagen,Fox,1ª geração,2003,2009,1.6 8V EA111
AN-0147,Volkswagen,Fox,2ª geração,2009,2014,1.0 8V EA111
AN-0147,Volkswagen,Fox,2ª geração,2009,2014,1.6 16V EA111
AN-0147,Volkswagen,Fox,Facelift,2014,2017,1.0 12V MPI EA111
AN-0147,Volkswagen,Fox,Facelift,2014,2017,1.6 16V MSI EA111
AN-0147,Volkswagen,Voyage,1ª geração,2008,2012,1.0 8V EA111
AN-0147,Volkswagen,Voyage,1ª geração,2008,2012,1.6 8V EA111
AN-0147,Volkswagen,Voyage,2ª geração,2012,2016,1.0 12V MPI EA111
AN-0147,Volkswagen,Voyage,2ª geração,2012,2016,1.6 16V MSI EA111
AN-0147,Volkswagen,Voyage,Facelift,2016,2019,1.0 12V MPI EA111
AN-0147,Volkswagen,Voyage,Facelift,2016,2019,1.6 16V MSI EA111
AN-0147,Volkswagen,Saveiro,G5,2009,2013,1.6 8V EA111
AN-0147,Volkswagen,Saveiro,G5,2009,2013,1.6 16V EA111
AN-0147,Volkswagen,Saveiro,G6,2013,2016,1.0 12V MPI EA111
AN-0147,Volkswagen,Saveiro,G6,2013,2016,1.6 16V MSI EA111
AN-0147,Volkswagen,Polo,1ª geração BR,2002,2007,1.6 8V EA111
AN-0147,Volkswagen,Polo,1ª geração BR,2002,2007,1.8 20V Turbo EA111
AN-0147,Volkswagen,Polo,2ª geração BR,2007,2014,1.6 8V EA111
AN-0147,Volkswagen,Polo,2ª geração BR,2007,2014,2.0 8V EA111
AN-0147,Volkswagen,Up!,Lançamento,2014,2016,1.0 12V MPI EA111
AN-0147,Volkswagen,Up!,Lançamento,2014,2016,1.0 12V TSI EA111
AN-0147,Volkswagen,Up!,Facelift,2016,2019,1.0 12V MPI EA111
AN-0147,Volkswagen,Up!,Facelift,2016,2019,1.0 12V TSI EA111
AN-0148,Volkswagen,Gol,G7/G8,2016,2023,1.0 12V MPI EA211
AN-0148,Volkswagen,Gol,G7/G8,2016,2023,1.6 16V MSI EA211
AN-0148,Volkswagen,Fox,Final,2017,2021,1.0 12V MPI EA211
AN-0148,Volkswagen,Fox,Final,2017,2021,1.6 16V MSI EA211
AN-0148,Volkswagen,Voyage,Final,2019,2023,1.0 12V MPI EA211
AN-0148,Volkswagen,Voyage,Final,2019,2023,1.6 16V MSI EA211
AN-0148,Volkswagen,Saveiro,G7,2016,2021,1.6 16V MSI EA211
AN-0148,Volkswagen,Saveiro,G7,2016,2021,1.6 20V TSI EA211
AN-0148,Volkswagen,Saveiro,Atual,2021,2023,1.6 16V MSI EA211
AN-0148,Volkswagen,Saveiro,Atual,2021,2023,1.6 20V TSI EA211
AN-0148,Volkswagen,Polo,Novo Polo,2017,2020,1.0 12V MPI EA211
AN-0148,Volkswagen,Polo,Novo Polo,2017,2020,1.0 12V TSI EA211
AN-0148,Volkswagen,Polo,Novo Polo,2017,2020,1.6 16V MSI EA211
AN-0148,Volkswagen,Polo,Atual,2020,2023,1.0 12V TSI EA211
AN-0148,Volkswagen,Polo,Atual,2020,2023,1.6 16V MSI EA211
AN-0148,Volkswagen,Up!,2ª fase,2019,2021,1.0 12V MPI EA211
AN-0148,Volkswagen,Up!,2ª fase,2019,2021,1.0 12V TSI EA211
AN-0148,Volkswagen,Up!,Final,2021,2023,1.0 12V TSI EA211
VG-0124,Fiat,Palio,2ª geração,1996,2000,1.0 8V Fire
VG-0124,Fiat,Palio,2ª geração,1996,2000,1.6 16V
VG-0124,Fiat,Palio,Facelift,2001,2004,1.0 8V Fire
VG-0124,Fiat,Palio,Facelift,2001,2004,1.5 8V
VG-0124,Fiat,Palio,3ª geração,2004,2011,1.0 8V Fire
VG-0124,Fiat,Palio,3ª geração,2004,2011,1.4 8V Fire
VG-0124,Fiat,Palio,3ª geração,2004,2011,1.8 8V
VG-0124,Fiat,Uno,Mille,2004,2010,1.0 8V Fire
VG-0124,Fiat,Uno,Mille,2004,2010,1.5 8V
VG-0124,Fiat,Uno,Novo Uno 1ª,2010,2014,1.0 8V Fire
VG-0124,Fiat,Uno,Novo Uno 1ª,2010,2014,1.4 8V Fire
VG-0124,Fiat,Siena,1ª geração,1996,2001,1.0 8V Fire
VG-0124,Fiat,Siena,1ª geração,1996,2001,1.5 8V
VG-0124,Fiat,Siena,2ª geração,2001,2004,1.0 8V Fire
VG-0124,Fiat,Siena,2ª geração,2001,2004,1.4 8V Fire
VG-0124,Fiat,Siena,3ª geração,2004,2012,1.0 8V Fire
VG-0124,Fiat,Siena,3ª geração,2004,2012,1.4 8V Fire
VG-0124,Fiat,Siena,3ª geração,2004,2012,1.8 8V
VG-0124,Fiat,Strada,1ª geração,1998,2004,1.5 8V
VG-0124,Fiat,Strada,1ª geração,1998,2004,1.6 8V
VG-0124,Fiat,Strada,2ª geração,2004,2012,1.4 8V Fire
VG-0124,Fiat,Strada,2ª geração,2004,2012,1.8 8V
VG-0124,Fiat,Punto,Lançamento,2007,2009,1.4 8V Fire
VG-0124,Fiat,Punto,Lançamento,2007,2009,1.8 8V
VG-0124,Fiat,Punto,Facelift 1,2009,2012,1.4 8V Fire
VG-0124,Fiat,Punto,Facelift 1,2009,2012,1.8 E.torQ
PJ-0123,Fiat,Palio,Atual,2012,2017,1.0 Fire Evo
PJ-0123,Fiat,Palio,Atual,2012,2017,1.4 Fire Evo
PJ-0123,Fiat,Uno,Novo Uno 2ª,2014,2021,1.0 Fire Evo
PJ-0123,Fiat,Uno,Novo Uno 2ª,2014,2021,1.3 Firefly
PJ-0123,Fiat,Siena,Atual,2012,2016,1.0 Fire Evo
PJ-0123,Fiat,Siena,Atual,2012,2016,1.4 Fire Evo
PJ-0123,Fiat,Strada,3ª geração,2013,2020,1.4 Fire Evo
PJ-0123,Fiat,Strada,3ª geração,2013,2020,1.8 E.torQ
PJ-0123,Fiat,Punto,Facelift 2,2012,2015,1.4 Fire Evo
PJ-0123,Fiat,Punto,Facelift 2,2012,2015,1.6 E.torQ
PJ-0123,Fiat,Punto,Final,2015,2017,1.4 Fire Evo
PJ-0123,Fiat,Punto,Final,2015,2017,1.6 E.torQ
TT-0132,Fiat,Uno,Atual,2021,2023,1.0 Firefly
TT-0132,Fiat,Uno,Atual,2021,2023,1.3 Firefly
TT-0132,Fiat,Strada,Atual,2020,2023,1.3 Firefly
TT-0132,Fiat,Strada,Atual,2020,2023,1.4 Firefly Turbo
TT-0132,Fiat,Mobi,Lançamento,2016,2018,1.0 Firefly
TT-0132,Fiat,Mobi,Facelift 1,2018,2020,1.0 Firefly
TT-0132,Fiat,Mobi,Facelift 2,2020,2022,1.0 Firefly
TT-0132,Fiat,Mobi,Facelift 2,2020,2022,1.0 Firefly Turbo
TT-0132,Fiat,Mobi,Atual,2022,2023,1.0 Firefly
TT-0132,Fiat,Mobi,Atual,2022,2023,1.0 Firefly Turbo
AN-0149,Chevrolet,Celta,1ª geração,2000,2003,1.0 8V VHC
AN-0149,Chevrolet,Celta,1ª geração,2000,2003,1.4 8V VHC
AN-0149,Chevrolet,Celta,Facelift,2003,2006,1.0 8V VHC
AN-0149,Chevrolet,Celta,Facelift,2003,2006,1.4 8V VHC
AN-0149,Chevrolet,Corsa,1ª geração,1994,2000,1.0 8V VHC
AN-0149,Chevrolet,Corsa,1ª geração,1994,2000,1.6 8V VHC
AN-0149,Chevrolet,Corsa,2ª geração,2000,2002,1.0 8V VHC
AN-0149,Chevrolet,Corsa,2ª geração,2000,2002,1.6 8V VHC
AN-0149,Chevrolet,Corsa,Facelift,2002,2007,1.0 8V VHC
AN-0149,Chevrolet,Corsa,Facelift,2002,2007,1.4 8V VHC
AN-0149,Chevrolet,Corsa,Facelift,2002,2007,1.8 8V
AN-0149,Chevrolet,Classic,Lançamento,2003,2005,1.0 8V VHC
AN-0149,Chevrolet,Classic,Lançamento,2003,2005,1.4 8V VHC
AN-0149,Chevrolet,Classic,Facelift 1,2005,2010,1.0 8V VHC
AN-0149,Chevrolet,Classic,Facelift 1,2005,2010,1.4 8V VHC
PJ-0124,Chevrolet,Celta,2ª geração,2006,2011,1.0 8V VHCE
PJ-0124,Chevrolet,Celta,2ª geração,2006,2011,1.4 8V VHCE Flexpower
PJ-0124,Chevrolet,Celta,Final,2011,2016,1.0 8V VHCE
PJ-0124,Chevrolet,Celta,Final,2011,2016,1.4 8V VHCE Flexpower
PJ-0124,Chevrolet,Corsa,Final,2007,2012,1.0 8V VHCE
PJ-0124,Chevrolet,Corsa,Final,2007,2012,1.4 8V VHCE Flexpower
PJ-0124,Chevrolet,Classic,Facelift 2,2010,2014,1.0 8V VHCE Economy
PJ-0124,Chevrolet,Classic,Facelift 2,2010,2014,1.4 8V VHCE Flexpower
PJ-0124,Chevrolet,Classic,Final,2014,2016,1.0 8V VHCE Economy
PJ-0124,Chevrolet,Classic,Final,2014,2016,1.4 8V VHCE Flexpower
PJ-0124,Chevrolet,Prisma,1ª geração,2006,2013,1.0 8V VHCE
PJ-0124,Chevrolet,Prisma,1ª geração,2006,2013,1.4 8V VHCE Flexpower
TT-0133,Chevrolet,Onix,1ª geração,2012,2015,1.0 SPE4
TT-0133,Chevrolet,Onix,1ª geração,2012,2015,1.4 SPE4
TT-0133,Chevrolet,Onix,Facelift,2015,2019,1.0 SPE4
TT-0133,Chevrolet,Onix,Facelift,2015,2019,1.4 SPE4
TT-0133,Chevrolet,Prisma,2ª geração,2013,2016,1.0 SPE4
TT-0133,Chevrolet,Prisma,2ª geração,2013,2016,1.4 SPE4
TT-0133,Chevrolet,Prisma,Facelift,2016,2019,1.0 SPE4
TT-0133,Chevrolet,Prisma,Facelift,2016,2019,1.4 SPE4
TT-0133,Chevrolet,Prisma,Final,2019,2021,1.0 SPE4
TT-0133,Chevrolet,Prisma,Final,2019,2021,1.4 SPE4
TT-0133,Chevrolet,Spin,Lançamento,2012,2016,1.8 SPE4
TT-0133,Chevrolet,Spin,Facelift,2016,2019,1.8 SPE4
TT-0133,Chevrolet,Spin,Facelift,2016,2019,1.8 SPE4 Flexpower
PJ-0125,Chevrolet,Onix,2ª geração,2019,2022,1.0 Turbo Family 0
PJ-0125,Chevrolet,Onix,2ª geração,2019,2022,1.0 Aspirado Family 0
PJ-0125,Chevrolet,Onix,Atual,2022,2023,1.0 Turbo Family 0
PJ-0125,Chevrolet,Onix,Atual,2022,2023,1.0 Aspirado Family 0
JG-0122,Ford,Ka,1ª geração,1997,2000,1.0 Zetec Rocam
JG-0122,Ford,Ka,1ª geração,1997,2000,1.3 Zetec Rocam
JG-0122,Ford,Ka,Facelift,2000,2007,1.0 Zetec Rocam
JG-0122,Ford,Ka,Facelift,2000,2007,1.6 Zetec Rocam
JG-0122,Ford,Fiesta,1ª geração BR,2002,2005,1.0 Zetec Rocam
JG-0122,Ford,Fiesta,1ª geração BR,2002,2005,1.6 Zetec Rocam
JG-0122,Ford,Fiesta,2ª geração BR,2005,2012,1.0 Zetec Rocam
JG-0122,Ford,Fiesta,2ª geração BR,2005,2012,1.6 Zetec Rocam
JG-0122,Ford,EcoSport,1ª geração,2003,2007,1.6 Zetec Rocam
JG-0122,Ford,EcoSport,1ª geração,2003,2007,2.0 Zetec
JG-0122,Ford,EcoSport,Facelift,2007,2012,1.6 Zetec Rocam
JG-0122,Ford,EcoSport,Facelift,2007,2012,2.0 Duratec
VG-0125,Ford,Ka,Nova geração,2014,2017,1.0 Ti-VCT Dragon
VG-0125,Ford,Ka,Nova geração,2014,2017,1.5 Ti-VCT Dragon
VG-0125,Ford,Ka,Facelift atual,2017,2021,1.0 Ti-VCT Dragon
VG-0125,Ford,Ka,Facelift atual,2017,2021,1.5 Ti-VCT Dragon
TT-0134,Ford,Fiesta,Nova geração,2013,2017,1.6 Ti-VCT
TT-0134,Ford,Fiesta,Nova geração,2013,2017,1.0 EcoBoost
TT-0134,Ford,Fiesta,Final,2017,2019,1.6 Ti-VCT
TT-0134,Ford,Fiesta,Final,2017,2019,1.0 EcoBoost
TT-0134,Ford,EcoSport,2ª geração,2012,2017,1.6 Ti-VCT
TT-0134,Ford,EcoSport,2ª geração,2012,2017,2.0 Ti-VCT
TT-0134,Ford,EcoSport,Final,2017,2021,1.5 Ti-VCT
TT-0134,Ford,EcoSport,Final,2017,2021,2.0 Ti-VCT AWD
JG-0123,Renault,Sandero,1ª geração,2007,2011,1.0 16V Energy
JG-0123,Renault,Sandero,1ª geração,2007,2011,1.6 16V Energy
JG-0123,Renault,Sandero,Facelift,2011,2014,1.0 16V Energy
JG-0123,Renault,Sandero,Facelift,2011,2014,1.6 16V Energy
JG-0123,Renault,Logan,1ª geração,2007,2011,1.0 16V Energy
JG-0123,Renault,Logan,1ª geração,2007,2011,1.6 16V Energy
JG-0123,Renault,Logan,Facelift,2011,2013,1.0 16V Energy
JG-0123,Renault,Logan,Facelift,2011,2013,1.6 16V Energy
JG-0123,Renault,Duster,1ª geração,2011,2015,1.6 16V Energy
JG-0123,Renault,Duster,1ª geração,2011,2015,2.0 16V
JG-0124,Renault,Sandero,2ª geração,2014,2017,1.0 12V SCe
JG-0124,Renault,Sandero,2ª geração,2014,2017,1.6 16V Energy
JG-0124,Renault,Sandero,Final,2017,2020,1.0 12V SCe
JG-0124,Renault,Sandero,Final,2017,2020,1.6 16V SCe
JG-0124,Renault,Logan,2ª geração,2013,2017,1.0 12V SCe
JG-0124,Renault,Logan,2ª geração,2013,2017,1.6 16V Energy
JG-0124,Renault,Logan,Final,2017,2021,1.0 12V SCe
JG-0124,Renault,Logan,Final,2017,2021,1.6 16V SCe
JG-0124,Renault,Duster,Facelift,2015,2019,1.6 16V SCe
JG-0124,Renault,Duster,Facelift,2015,2019,2.0 16V
JG-0124,Renault,Duster,2ª geração,2019,2021,1.6 16V SCe
JG-0124,Renault,Duster,2ª geração,2019,2021,2.0 16V
JG-0124,Renault,Duster,Atual,2021,2023,1.6 16V SCe
JG-0124,Renault,Duster,Atual,2021,2023,2.0 16V
VG-0126,Hyundai,HB20,Lançamento,2012,2015,1.0 Kappa
VG-0126,Hyundai,HB20,Lançamento,2012,2015,1.6 Gamma
VG-0126,Hyundai,HB20,Facelift,2015,2019,1.0 Kappa
VG-0126,Hyundai,HB20,Facelift,2015,2019,1.6 Gamma
IB-0143,Hyundai,HB20,2ª geração,2019,2021,1.0 Kappa TGDI
IB-0143,Hyundai,HB20,2ª geração,2019,2021,1.6 Gamma
IB-0143,Hyundai,HB20,Atual,2021,2023,1.0 Kappa TGDI
IB-0143,Hyundai,HB20,Atual,2021,2023,1.6 Gamma
TT-0135,Toyota,Corolla,9ª geração,2003,2008,1.6 VVT-i
TT-0135,Toyota,Corolla,9ª geração,2003,2008,1.8 VVT-i
AN-0150,Toyota,Corolla,10ª geração,2008,2014,1.8 Dual VVT-i
AN-0150,Toyota,Corolla,10ª geração,2008,2014,2.0 Dual VVT-i
AN-0150,Toyota,Corolla,11ª geração,2014,2019,1.8 Dual VVT-i
AN-0150,Toyota,Corolla,11ª geração,2014,2019,2.0 Dual VVT-i
AN-0150,Toyota,Etios,Lançamento,2012,2015,1.3 Dual VVT-i
AN-0150,Toyota,Etios,Lançamento,2012,2015,1.5 Dual VVT-i
AN-0150,Toyota,Etios,Facelift,2015,2019,1.3 Dual VVT-i
AN-0150,Toyota,Etios,Facelift,2015,2019,1.5 Dual VVT-i
AN-0150,Toyota,Etios,2ª fase,2019,2021,1.5 Dual VVT-i
AN-0150,Toyota,Etios,Final,2021,2021,1.5 Dual VVT-i
AN-0151,Toyota,Corolla,12ª geração,2019,2023,2.0 Dynamic Force
AN-0151,Toyota,Corolla,12ª geração,2019,2023,1.8 Hybrid Dynamic Force
TT-0136,Honda,Civic,7ª geração,2001,2006,1.7 SOHC VTEC
JG-0125,Honda,Civic,8ª geração,2006,2011,1.8 SOHC i-VTEC
JG-0125,Honda,Civic,8ª geração,2006,2011,2.0 SOHC i-VTEC
JG-0125,Honda,Civic,9ª geração,2012,2016,1.8 SOHC i-VTEC
JG-0125,Honda,Civic,9ª geração,2012,2016,2.0 SOHC i-VTEC
JG-0125,Honda,Fit,2ª geração,2008,2014,1.4 SOHC i-VTEC
JG-0125,Honda,Fit,2ª geração,2008,2014,1.5 SOHC i-VTEC
JG-0126,Honda,Civic,10ª geração,2016,2021,2.0 Earth Dreams
JG-0126,Honda,Civic,10ª geração,2016,2021,1.5 Turbo Earth Dreams
JG-0126,Honda,Fit,3ª geração,2015,2020,1.5 Earth Dreams
JG-0126,Honda,Fit,Final,2020,2021,1.5 Earth Dreams
PJ-0126,Honda,Fit,1ª geração,2003,2008,1.4 SOHC i-DSI
PJ-0126,Honda,Fit,1ª geração,2003,2008,1.5 SOHC VTEC
VG-0127,Chevrolet,Spin,2ª fase,2019,2021,1.8 Family I
VG-0127,Chevrolet,Spin,Final,2021,2023,1.8 Family I
TT-0137,Nissan,March,Lançamento,2011,2014,1.0 HR10DE
TT-0137,Nissan,March,Lançamento,2011,2014,1.6 HR16DE
TT-0137,Nissan,March,Facelift,2014,2017,1.0 HR10DE
TT-0137,Nissan,March,Facelift,2014,2017,1.6 HR16DE
TT-0137,Nissan,March,2ª fase,2017,2020,1.0 HR10DE
TT-0137,Nissan,March,2ª fase,2017,2020,1.6 HR16DE
TT-0137,Nissan,March,Final,2020,2022,1.6 HR16DE
TT-0137,Nissan,Versa,Lançamento,2011,2014,1.6 HR16DE
TT-0137,Nissan,Versa,Facelift,2014,2017,1.6 HR16DE
TT-0137,Nissan,Versa,2ª fase,2017,2020,1.6 HR16DE
TT-0137,Nissan,Versa,Atual,2020,2023,1.6 HR16DE
VG-0128,Peugeot,208,Lançamento,2013,2016,1.2 PureTech
VG-0128,Peugeot,208,Lançamento,2013,2016,1.6 THP
VG-0128,Peugeot,208,Facelift,2016,2019,1.2 PureTech
VG-0128,Peugeot,208,Facelift,2016,2019,1.6 THP
VG-0128,Peugeot,208,2ª fase,2019,2021,1.6 THP
VG-0128,Peugeot,208,Atual,2021,2023,1.6 THP
IB-0144,Citroën,C3,1ª geração BR,2003,2006,1.4 TU3
IB-0144,Citroën,C3,1ª geração BR,2003,2006,1.6 TU5
IB-0144,Citroën,C3,2ª geração BR,2006,2012,1.4 TU3
IB-0144,Citroën,C3,2ª geração BR,2006,2012,1.6 16V
PJ-0127,Citroën,C3,3ª geração,2012,2017,1.5 8V
PJ-0127,Citroën,C3,3ª geração,2012,2017,1.6 16V
PJ-0127,Citroën,C3,Atual,2017,2023,1.6 PureTech
VG-0129,Fiat,Punto,Facelift 2,2012,2015,1.6 E.torQ
VG-0129,Fiat,Punto,Final,2015,2017,1.6 E.torQ
TT-0138,Chevrolet,Celta,1ª geração,2000,2003,1.0 8V VHC
TT-0138,Chevrolet,Celta,Facelift,2003,2006,1.0 8V VHC
TT-0138,Chevrolet,Corsa,1ª geração,1994,2000,1.0 8V VHC
TT-0138,Chevrolet,Corsa,2ª geração,2000,2002,1.0 8V VHC
TT-0138,Chevrolet,Corsa,Facelift,2002,2007,1.0 8V VHC
TT-0138,Chevrolet,Classic,Lançamento,2003,2005,1.0 8V VHC
TT-0138,Chevrolet,Classic,Facelift 1,2005,2010,1.0 8V VHC
VG-0130,Citroën,C3,3ª geração,2012,2017,1.5 8V
PJ-0128,Citroën,C3,1ª geração BR,2003,2006,1.4 TU3
PJ-0128,Citroën,C3,2ª geração BR,2006,2012,1.4 TU3
IB-0145,Chevrolet,Spin,Facelift,2016,2019,1.8 SPE4 Flexpower
PJ-0129,Chevrolet,Celta,2ª geração,2006,2011,1.0 8V VHCE
PJ-0129,Chevrolet,Celta,Final,2011,2016,1.0 8V VHCE
PJ-0129,Chevrolet,Corsa,Final,2007,2012,1.0 8V VHCE
PJ-0129,Chevrolet,Prisma,1ª geração,2006,2013,1.0 8V VHCE
JG-0127,Renault,Sandero,1ª geração,2007,2011,1.0 16V Energy
JG-0127,Renault,Sandero,Facelift,2011,2014,1.0 16V Energy
JG-0127,Renault,Logan,1ª geração,2007,2011,1.0 16V Energy
JG-0127,Renault,Logan,Facelift,2011,2013,1.0 16V Energy
JG-0128,Fiat,Palio,Atual,2012,2017,1.0 Fire Evo
JG-0128,Fiat,Uno,Novo Uno 2ª,2014,2021,1.0 Fire Evo
JG-0128,Fiat,Siena,Atual,2012,2016,1.0 Fire Evo
JG-0129,Hyundai,HB20,2ª geração,2019,2021,1.0 Kappa TGDI
JG-0129,Hyundai,HB20,Atual,2021,2023,1.0 Kappa TGDI
AN-0152,Chevrolet,Corsa,1ª geração,1994,2000,1.6 8V VHC
AN-0152,Chevrolet,Corsa,2ª geração,2000,2002,1.6 8V VHC
IB-0146,Volkswagen,Polo,2ª geração BR,2007,2014,2.0 8V EA111
TT-0139,Citroën,C3,2ª geração BR,2006,2012,1.6 16V
TT-0139,Citroën,C3,3ª geração,2012,2017,1.6 16V
TT-0140,Renault,Sandero,1ª geração,2007,2011,1.6 16V Energy
TT-0140,Renault,Sandero,Facelift,2011,2014,1.6 16V Energy
TT-0140,Renault,Sandero,2ª geração,2014,2017,1.6 16V Energy
TT-0140,Renault,Logan,1ª geração,2007,2011,1.6 16V Energy
TT-0140,Renault,Logan,Facelift,2011,2013,1.6 16V Energy
TT-0140,Renault,Logan,2ª geração,2013,2017,1.6 16V Energy
TT-0140,Renault,Duster,1ª geração,2011,2015,1.6 16V Energy
IB-0147,Hyundai,HB20,Lançamento,2012,2015,1.0 Kappa
IB-0147,Hyundai,HB20,Facelift,2015,2019,1.0 Kappa
TT-0141,Honda,Civic,8ª geração,2006,2011,2.0 SOHC i-VTEC
TT-0141,Honda,Civic,9ª geração,2012,2016,2.0 SOHC i-VTEC
JG-0130,Toyota,Corolla,12ª geração,2019,2023,2.0 Dynamic Force
IB-0148,Volkswagen,Gol,G4,2006,2008,1.0 8V EA111
IB-0148,Volkswagen,Gol,G5,2008,2012,1.0 8V EA111
IB-0148,Volkswagen,Fox,1ª geração,2003,2009,1.0 8V EA111
IB-0148,Volkswagen,Fox,2ª geração,2009,2014,1.0 8V EA111
IB-0148,Volkswagen,Voyage,1ª geração,2008,2012,1.0 8V EA111
AN-0153,Ford,EcoSport,Facelift,2007,2012,2.0 Duratec
JG-0131,Fiat,Strada,1ª geração,1998,2004,1.6 8V
JG-0132,Honda,Fit,1ª geração,2003,2008,1.5 SOHC VTEC
AN-0154,Volkswagen,Gol,G4,2006,2008,1.0 8V EA111
AN-0154,Volkswagen,Gol,G4,2006,2008,1.6 8V EA111
AN-0154,Volkswagen,Gol,G5,2008,2012,1.0 8V EA111
AN-0154,Volkswagen,Gol,G5,2008,2012,1.6 8V EA111
AN-0154,Volkswagen,Gol,G5,2008,2012,1.6 16V EA111
AN-0154,Volkswagen,Gol,G6,2012,2016,1.0 12V MPI EA111
AN-0154,Volkswagen,Gol,G6,2012,2016,1.6 16V MSI EA111
AN-0154,Volkswagen,Fox,1ª geração,2003,2009,1.0 8V EA111
AN-0154,Volkswagen,Fox,1ª geração,2003,2009,1.6 8V EA111
AN-0154,Volkswagen,Fox,2ª geração,2009,2014,1.0 8V EA111
AN-0154,Volkswagen,Fox,2ª geração,2009,2014,1.6 16V EA111
AN-0154,Volkswagen,Fox,Facelift,2014,2017,1.0 12V MPI EA111
AN-0154,Volkswagen,Fox,Facelift,2014,2017,1.6 16V MSI EA111
AN-0154,Volkswagen,Voyage,1ª geração,2008,2012,1.0 8V EA111
AN-0154,Volkswagen,Voyage,1ª geração,2008,2012,1.6 8V EA111
AN-0154,Volkswagen,Voyage,2ª geração,2012,2016,1.0 12V MPI EA111
AN-0154,Volkswagen,Voyage,2ª geração,2012,2016,1.6 16V MSI EA111
AN-0154,Volkswagen,Voyage,Facelift,2016,2019,1.0 12V MPI EA111
AN-0154,Volkswagen,Voyage,Facelift,2016,2019,1.6 16V MSI EA111
AN-0154,Volkswagen,Saveiro,G5,2009,2013,1.6 8V EA111
AN-0154,Volkswagen,Saveiro,G5,2009,2013,1.6 16V EA111
AN-0154,Volkswagen,Saveiro,G6,2013,2016,1.0 12V MPI EA111
AN-0154,Volkswagen,Saveiro,G6,2013,2016,1.6 16V MSI EA111
AN-0154,Volkswagen,Polo,1ª geração BR,2002,2007,1.6 8V EA111
AN-0154,Volkswagen,Polo,1ª geração BR,2002,2007,1.8 20V Turbo EA111
AN-0154,Volkswagen,Polo,2ª geração BR,2007,2014,1.6 8V EA111
AN-0154,Volkswagen,Polo,2ª geração BR,2007,2014,2.0 8V EA111
AN-0154,Volkswagen,Up!,Lançamento,2014,2016,1.0 12V MPI EA111
AN-0154,Volkswagen,Up!,Lançamento,2014,2016,1.0 12V TSI EA111
AN-0154,Volkswagen,Up!,Facelift,2016,2019,1.0 12V MPI EA111
AN-0154,Volkswagen,Up!,Facelift,2016,2019,1.0 12V TSI EA111
IB-0149,Volkswagen,Gol,G7/G8,2016,2023,1.0 12V MPI EA211
IB-0149,Volkswagen,Gol,G7/G8,2016,2023,1.6 16V MSI EA211
IB-0149,Volkswagen,Fox,Final,2017,2021,1.0 12V MPI EA211
IB-0149,Volkswagen,Fox,Final,2017,2021,1.6 16V MSI EA211
IB-0149,Volkswagen,Voyage,Final,2019,2023,1.0 12V MPI EA211
IB-0149,Volkswagen,Voyage,Final,2019,2023,1.6 16V MSI EA211
IB-0149,Volkswagen,Saveiro,G7,2016,2021,1.6 16V MSI EA211
IB-0149,Volkswagen,Saveiro,G7,2016,2021,1.6 20V TSI EA211
IB-0149,Volkswagen,Saveiro,Atual,2021,2023,1.6 16V MSI EA211
IB-0149,Volkswagen,Saveiro,Atual,2021,2023,1.6 20V TSI EA211
IB-0149,Volkswagen,Polo,Novo Polo,2017,2020,1.0 12V MPI EA211
IB-0149,Volkswagen,Polo,Novo Polo,2017,2020,1.0 12V TSI EA211
IB-0149,Volkswagen,Polo,Novo Polo,2017,2020,1.6 16V MSI EA211
IB-0149,Volkswagen,Polo,Atual,2020,2023,1.0 12V TSI EA211
IB-0149,Volkswagen,Polo,Atual,2020,2023,1.6 16V MSI EA211
IB-0149,Volkswagen,Up!,2ª fase,2019,2021,1.0 12V MPI EA211
IB-0149,Volkswagen,Up!,2ª fase,2019,2021,1.0 12V TSI EA211
IB-0149,Volkswagen,Up!,Final,2021,2023,1.0 12V TSI EA211
PJ-0130,Fiat,Palio,2ª geração,1996,2000,1.0 8V Fire
PJ-0130,Fiat,Palio,2ª geração,1996,2000,1.6 16V
PJ-0130,Fiat,Palio,Facelift,2001,2004,1.0 8V Fire
PJ-0130,Fiat,Palio,Facelift,2001,2004,1.5 8V
PJ-0130,Fiat,Palio,3ª geração,2004,2011,1.0 8V Fire
PJ-0130,Fiat,Palio,3ª geração,2004,2011,1.4 8V Fire
PJ-0130,Fiat,Palio,3ª geração,2004,2011,1.8 8V
PJ-0130,Fiat,Uno,Mille,2004,2010,1.0 8V Fire
PJ-0130,Fiat,Uno,Mille,2004,2010,1.5 8V
PJ-0130,Fiat,Uno,Novo Uno 1ª,2010,2014,1.0 8V Fire
PJ-0130,Fiat,Uno,Novo Uno 1ª,2010,2014,1.4 8V Fire
PJ-0130,Fiat,Siena,1ª geração,1996,2001,1.0 8V Fire
PJ-0130,Fiat,Siena,1ª geração,1996,2001,1.5 8V
PJ-0130,Fiat,Siena,2ª geração,2001,2004,1.0 8V Fire
PJ-0130,Fiat,Siena,2ª geração,2001,2004,1.4 8V Fire
PJ-0130,Fiat,Siena,3ª geração,2004,2012,1.0 8V Fire
PJ-0130,Fiat,Siena,3ª geração,2004,2012,1.4 8V Fire
PJ-0130,Fiat,Siena,3ª geração,2004,2012,1.8 8V
PJ-0130,Fiat,Strada,1ª geração,1998,2004,1.5 8V
PJ-0130,Fiat,Strada,1ª geração,1998,2004,1.6 8V
PJ-0130,Fiat,Strada,2ª geração,2004,2012,1.4 8V Fire
PJ-0130,Fiat,Strada,2ª geração,2004,2012,1.8 8V
PJ-0130,Fiat,Punto,Lançamento,2007,2009,1.4 8V Fire
PJ-0130,Fiat,Punto,Lançamento,2007,2009,1.8 8V
PJ-0130,Fiat,Punto,Facelift 1,2009,2012,1.4 8V Fire
PJ-0130,Fiat,Punto,Facelift 1,2009,2012,1.8 E.torQ
VG-0131,Fiat,Palio,Atual,2012,2017,1.0 Fire Evo
VG-0131,Fiat,Palio,Atual,2012,2017,1.4 Fire Evo
VG-0131,Fiat,Uno,Novo Uno 2ª,2014,2021,1.0 Fire Evo
VG-0131,Fiat,Uno,Novo Uno 2ª,2014,2021,1.3 Firefly
VG-0131,Fiat,Siena,Atual,2012,2016,1.0 Fire Evo
VG-0131,Fiat,Siena,Atual,2012,2016,1.4 Fire Evo
VG-0131,Fiat,Strada,3ª geração,2013,2020,1.4 Fire Evo
VG-0131,Fiat,Strada,3ª geração,2013,2020,1.8 E.torQ
VG-0131,Fiat,Punto,Facelift 2,2012,2015,1.4 Fire Evo
VG-0131,Fiat,Punto,Facelift 2,2012,2015,1.6 E.torQ
VG-0131,Fiat,Punto,Final,2015,2017,1.4 Fire Evo
VG-0131,Fiat,Punto,Final,2015,2017,1.6 E.torQ
PJ-0131,Fiat,Uno,Atual,2021,2023,1.0 Firefly
PJ-0131,Fiat,Uno,Atual,2021,2023,1.3 Firefly
PJ-0131,Fiat,Strada,Atual,2020,2023,1.3 Firefly
PJ-0131,Fiat,Strada,Atual,2020,2023,1.4 Firefly Turbo
PJ-0131,Fiat,Mobi,Lançamento,2016,2018,1.0 Firefly
PJ-0131,Fiat,Mobi,Facelift 1,2018,2020,1.0 Firefly
PJ-0131,Fiat,Mobi,Facelift 2,2020,2022,1.0 Firefly
PJ-0131,Fiat,Mobi,Facelift 2,2020,2022,1.0 Firefly Turbo
PJ-0131,Fiat,Mobi,Atual,2022,2023,1.0 Firefly
PJ-0131,Fiat,Mobi,Atual,2022,2023,1.0 Firefly Turbo
VG-0132,Chevrolet,Celta,1ª geração,2000,2003,1.0 8V VHC
VG-0132,Chevrolet,Celta,1ª geração,2000,2003,1.4 8V VHC
VG-0132,Chevrolet,Celta,Facelift,2003,2006,1.0 8V VHC
VG-0132,Chevrolet,Celta,Facelift,2003,2006,1.4 8V VHC
VG-0132,Chevrolet,Corsa,1ª geração,1994,2000,1.0 8V VHC
VG-0132,Chevrolet,Corsa,1ª geração,1994,2000,1.6 8V VHC
VG-0132,Chevrolet,Corsa,2ª geração,2000,2002,1.0 8V VHC
VG-0132,Chevrolet,Corsa,2ª geração,2000,2002,1.6 8V VHC
VG-0132,Chevrolet,Corsa,Facelift,2002,2007,1.0 8V VHC
VG-0132,Chevrolet,Corsa,Facelift,2002,2007,1.4 8V VHC
VG-0132,Chevrolet,Corsa,Facelift,2002,2007,1.8 8V
VG-0132,Chevrolet,Classic,Lançamento,2003,2005,1.0 8V VHC
VG-0132,Chevrolet,Classic,Lançamento,2003,2005,1.4 8V VHC
VG-0132,Chevrolet,Classic,Facelift 1,2005,2010,1.0 8V VHC
VG-0132,Chevrolet,Classic,Facelift 1,2005,2010,1.4 8V VHC
AN-0155,Chevrolet,Celta,2ª geração,2006,2011,1.0 8V VHCE
AN-0155,Chevrolet,Celta,2ª geração,2006,2011,1.4 8V VHCE Flexpower
AN-0155,Chevrolet,Celta,Final,2011,2016,1.0 8V VHCE
AN-0155,Chevrolet,Celta,Final,2011,2016,1.4 8V VHCE Flexpower
AN-0155,Chevrolet,Corsa,Final,2007,2012,1.0 8V VHCE
AN-0155,Chevrolet,Corsa,Final,2007,2012,1.4 8V VHCE Flexpower
AN-0155,Chevrolet,Classic,Facelift 2,2010,2014,1.0 8V VHCE Economy
AN-0155,Chevrolet,Classic,Facelift 2,2010,2014,1.4 8V VHCE Flexpower
AN-0155,Chevrolet,Classic,Final,2014,2016,1.0 8V VHCE Economy
AN-0155,Chevrolet,Classic,Final,2014,2016,1.4 8V VHCE Flexpower
AN-0155,Chevrolet,Prisma,1ª geração,2006,2013,1.0 8V VHCE
AN-0155,Chevrolet,Prisma,1ª geração,2006,2013,1.4 8V VHCE Flexpower
JG-0133,Chevrolet,Onix,1ª geração,2012,2015,1.0 SPE4
JG-0133,Chevrolet,Onix,1ª geração,2012,2015,1.4 SPE4
JG-0133,Chevrolet,Onix,Facelift,2015,2019,1.0 SPE4
JG-0133,Chevrolet,Onix,Facelift,2015,2019,1.4 SPE4
JG-0133,Chevrolet,Prisma,2ª geração,2013,2016,1.0 SPE4
JG-0133,Chevrolet,Prisma,2ª geração,2013,2016,1.4 SPE4
JG-0133,Chevrolet,Prisma,Facelift,2016,2019,1.0 SPE4
JG-0133,Chevrolet,Prisma,Facelift,2016,2019,1.4 SPE4
JG-0133,Chevrolet,Prisma,Final,2019,2021,1.0 SPE4
JG-0133,Chevrolet,Prisma,Final,2019,2021,1.4 SPE4
JG-0133,Chevrolet,Spin,Lançamento,2012,2016,1.8 SPE4
JG-0133,Chevrolet,Spin,Facelift,2016,2019,1.8 SPE4
JG-0133,Chevrolet,Spin,Facelift,2016,2019,1.8 SPE4 Flexpower
JG-0134,Chevrolet,Onix,2ª geração,2019,2022,1.0 Turbo Family 0
JG-0134,Chevrolet,Onix,2ª geração,2019,2022,1.0 Aspirado Family 0
JG-0134,Chevrolet,Onix,Atual,2022,2023,1.0 Turbo Family 0
JG-0134,Chevrolet,Onix,Atual,2022,2023,1.0 Aspirado Family 0
AN-0156,Ford,Ka,1ª geração,1997,2000,1.0 Zetec Rocam
AN-0156,Ford,Ka,1ª geração,1997,2000,1.3 Zetec Rocam
AN-0156,Ford,Ka,Facelift,2000,2007,1.0 Zetec Rocam
AN-0156,Ford,Ka,Facelift,2000,2007,1.6 Zetec Rocam
AN-0156,Ford,Fiesta,1ª geração BR,2002,2005,1.0 Zetec Rocam
AN-0156,Ford,Fiesta,1ª geração BR,2002,2005,1.6 Zetec Rocam
AN-0156,Ford,Fiesta,2ª geração BR,2005,2012,1.0 Zetec Rocam
AN-0156,Ford,Fiesta,2ª geração BR,2005,2012,1.6 Zetec Rocam
AN-0156,Ford,EcoSport,1ª geração,2003,2007,1.6 Zetec Rocam
AN-0156,Ford,EcoSport,1ª geração,2003,2007,2.0 Zetec
AN-0156,Ford,EcoSport,Facelift,2007,2012,1.6 Zetec Rocam
AN-0156,Ford,EcoSport,Facelift,2007,2012,2.0 Duratec
PJ-0132,Ford,Ka,Nova geração,2014,2017,1.0 Ti-VCT Dragon
PJ-0132,Ford,Ka,Nova geração,2014,2017,1.5 Ti-VCT Dragon
PJ-0132,Ford,Ka,Facelift atual,2017,2021,1.0 Ti-VCT Dragon
PJ-0132,Ford,Ka,Facelift atual,2017,2021,1.5 Ti-VCT Dragon
IB-0150,Ford,Fiesta,Nova geração,2013,2017,1.6 Ti-VCT
IB-0150,Ford,Fiesta,Nova geração,2013,2017,1.0 EcoBoost
IB-0150,Ford,Fiesta,Final,2017,2019,1.6 Ti-VCT
IB-0150,Ford,Fiesta,Final,2017,2019,1.0 EcoBoost
IB-0150,Ford,EcoSport,2ª geração,2012,2017,1.6 Ti-VCT
IB-0150,Ford,EcoSport,2ª geração,2012,2017,2.0 Ti-VCT
IB-0150,Ford,EcoSport,Final,2017,2021,1.5 Ti-VCT
IB-0150,Ford,EcoSport,Final,2017,2021,2.0 Ti-VCT AWD
IB-0151,Renault,Sandero,1ª geração,2007,2011,1.0 16V Energy
IB-0151,Renault,Sandero,1ª geração,2007,2011,1.6 16V Energy
IB-0151,Renault,Sandero,Facelift,2011,2014,1.0 16V Energy
IB-0151,Renault,Sandero,Facelift,2011,2014,1.6 16V Energy
IB-0151,Renault,Logan,1ª geração,2007,2011,1.0 16V Energy
IB-0151,Renault,Logan,1ª geração,2007,2011,1.6 16V Energy
IB-0151,Renault,Logan,Facelift,2011,2013,1.0 16V Energy
IB-0151,Renault,Logan,Facelift,2011,2013,1.6 16V Energy
IB-0151,Renault,Duster,1ª geração,2011,2015,1.6 16V Energy
IB-0151,Renault,Duster,1ª geração,2011,2015,2.0 16V
JG-0135,Renault,Sandero,2ª geração,2014,2017,1.0 12V SCe
JG-0135,Renault,Sandero,2ª geração,2014,2017,1.6 16V Energy
JG-0135,Renault,Sandero,Final,2017,2020,1.0 12V SCe
JG-0135,Renault,Sandero,Final,2017,2020,1.6 16V SCe
JG-0135,Renault,Logan,2ª geração,2013,2017,1.0 12V SCe
JG-0135,Renault,Logan,2ª geração,2013,2017,1.6 16V Energy
JG-0135,Renault,Logan,Final,2017,2021,1.0 12V SCe
JG-0135,Renault,Logan,Final,2017,2021,1.6 16V SCe
JG-0135,Renault,Duster,Facelift,2015,2019,1.6 16V SCe
JG-0135,Renault,Duster,Facelift,2015,2019,2.0 16V
JG-0135,Renault,Duster,2ª geração,2019,2021,1.6 16V SCe
JG-0135,Renault,Duster,2ª geração,2019,2021,2.0 16V
JG-0135,Renault,Duster,Atual,2021,2023,1.6 16V SCe
JG-0135,Renault,Duster,Atual,2021,2023,2.0 16V
VG-0133,Hyundai,HB20,Lançamento,2012,2015,1.0 Kappa
VG-0133,Hyundai,HB20,Lançamento,2012,2015,1.6 Gamma
VG-0133,Hyundai,HB20,Facelift,2015,2019,1.0 Kappa
VG-0133,Hyundai,HB20,Facelift,2015,2019,1.6 Gamma
JG-0136,Hyundai,HB20,2ª geração,2019,2021,1.0 Kappa TGDI
JG-0136,Hyundai,HB20,2ª geração,2019,2021,1.6 Gamma
JG-0136,Hyundai,HB20,Atual,2021,2023,1.0 Kappa TGDI
JG-0136,Hyundai,HB20,Atual,2021,2023,1.6 Gamma
IB-0152,Toyota,Corolla,9ª geração,2003,2008,1.6 VVT-i
IB-0152,Toyota,Corolla,9ª geração,2003,2008,1.8 VVT-i
PJ-0133,Toyota,Corolla,10ª geração,2008,2014,1.8 Dual VVT-i
PJ-0133,Toyota,Corolla,10ª geração,2008,2014,2.0 Dual VVT-i
PJ-0133,Toyota,Corolla,11ª geração,2014,2019,1.8 Dual VVT-i
PJ-0133,Toyota,Corolla,11ª geração,2014,2019,2.0 Dual VVT-i
PJ-0133,Toyota,Etios,Lançamento,2012,2015,1.3 Dual VVT-i
PJ-0133,Toyota,Etios,Lançamento,2012,2015,1.5 Dual VVT-i
PJ-0133,Toyota,Etios,Facelift,2015,2019,1.3 Dual VVT-i
PJ-0133,Toyota,Etios,Facelift,2015,2019,1.5 Dual VVT-i
PJ-0133,Toyota,Etios,2ª fase,2019,2021,1.5 Dual VVT-i
PJ-0133,Toyota,Etios,Final,2021,2021,1.5 Dual VVT-i
TT-0142,Toyota,Corolla,12ª geração,2019,2023,2.0 Dynamic Force
TT-0142,Toyota,Corolla,12ª geração,2019,2023,1.8 Hybrid Dynamic Force
AN-0157,Honda,Civic,7ª geração,2001,2006,1.7 SOHC VTEC
TT-0143,Honda,Civic,8ª geração,2006,2011,1.8 SOHC i-VTEC
TT-0143,Honda,Civic,8ª geração,2006,2011,2.0 SOHC i-VTEC
TT-0143,Honda,Civic,9ª geração,2012,2016,1.8 SOHC i-VTEC
TT-0143,Honda,Civic,9ª geração,2012,2016,2.0 SOHC i-VTEC
TT-0143,Honda,Fit,2ª geração,2008,2014,1.4 SOHC i-VTEC
TT-0143,Honda,Fit,2ª geração,2008,2014,1.5 SOHC i-VTEC
IB-0153,Honda,Civic,10ª geração,2016,2021,2.0 Earth Dreams
IB-0153,Honda,Civic,10ª geração,2016,2021,1.5 Turbo Earth Dreams
IB-0153,Honda,Fit,3ª geração,2015,2020,1.5 Earth Dreams
IB-0153,Honda,Fit,Final,2020,2021,1.5 Earth Dreams
AN-0158,Honda,Fit,1ª geração,2003,2008,1.4 SOHC i-DSI
AN-0158,Honda,Fit,1ª geração,2003,2008,1.5 SOHC VTEC
JG-0137,Chevrolet,Spin,2ª fase,2019,2021,1.8 Family I
JG-0137,Chevrolet,Spin,Final,2021,2023,1.8 Family I
IB-0154,Nissan,March,Lançamento,2011,2014,1.0 HR10DE
IB-0154,Nissan,March,Lançamento,2011,2014,1.6 HR16DE
IB-0154,Nissan,March,Facelift,2014,2017,1.0 HR10DE
IB-0154,Nissan,March,Facelift,2014,2017,1.6 HR16DE
IB-0154,Nissan,March,2ª fase,2017,2020,1.0 HR10DE
IB-0154,Nissan,March,2ª fase,2017,2020,1.6 HR16DE
IB-0154,Nissan,March,Final,2020,2022,1.6 HR16DE
IB-0154,Nissan,Versa,Lançamento,2011,2014,1.6 HR16DE
IB-0154,Nissan,Versa,Facelift,2014,2017,1.6 HR16DE
IB-0154,Nissan,Versa,2ª fase,2017,2020,1.6 HR16DE
IB-0154,Nissan,Versa,Atual,2020,2023,1.6 HR16DE
AN-0159,Peugeot,208,Lançamento,2013,2016,1.2 PureTech
AN-0159,Peugeot,208,Lançamento,2013,2016,1.6 THP
AN-0159,Peugeot,208,Facelift,2016,2019,1.2 PureTech
AN-0159,Peugeot,208,Facelift,2016,2019,1.6 THP
AN-0159,Peugeot,208,2ª fase,2019,2021,1.6 THP
AN-0159,Peugeot,208,Atual,2021,2023,1.6 THP
TT-0144,Citroën,C3,1ª geração BR,2003,2006,1.4 TU3
TT-0144,Citroën,C3,1ª geração BR,2003,2006,1.6 TU5
TT-0144,Citroën,C3,2ª geração BR,2006,2012,1.4 TU3
TT-0144,Citroën,C3,2ª geração BR,2006,2012,1.6 16V
TT-0145,Citroën,C3,3ª geração,2012,2017,1.5 8V
TT-0145,Citroën,C3,3ª geração,2012,2017,1.6 16V
TT-0145,Citroën,C3,Atual,2017,2023,1.6 PureTech
IB-0155,Volkswagen,Gol,G4,2006,2008,1.0 8V EA111
IB-0155,Volkswagen,Gol,G4,2006,2008,1.6 8V EA111
IB-0155,Volkswagen,Gol,G5,2008,2012,1.0 8V EA111
IB-0155,Volkswagen,Gol,G5,2008,2012,1.6 8V EA111
IB-0155,Volkswagen,Gol,G5,2008,2012,1.6 16V EA111
IB-0155,Volkswagen,Gol,G6,2012,2016,1.0 12V MPI EA111
IB-0155,Volkswagen,Gol,G6,2012,2016,1.6 16V MSI EA111
IB-0155,Volkswagen,Fox,1ª geração,2003,2009,1.0 8V EA111
IB-0155,Volkswagen,Fox,1ª geração,2003,2009,1.6 8V EA111
IB-0155,Volkswagen,Fox,2ª geração,2009,2014,1.0 8V EA111
IB-0155,Volkswagen,Fox,2ª geração,2009,2014,1.6 16V EA111
IB-0155,Volkswagen,Fox,Facelift,2014,2017,1.0 12V MPI EA111
IB-0155,Volkswagen,Fox,Facelift,2014,2017,1.6 16V MSI EA111
IB-0155,Volkswagen,Voyage,1ª geração,2008,2012,1.0 8V EA111
IB-0155,Volkswagen,Voyage,1ª geração,2008,2012,1.6 8V EA111
IB-0155,Volkswagen,Voyage,2ª geração,2012,2016,1.0 12V MPI EA111
IB-0155,Volkswagen,Voyage,2ª geração,2012,2016,1.6 16V MSI EA111
IB-0155,Volkswagen,Voyage,Facelift,2016,2019,1.0 12V MPI EA111
IB-0155,Volkswagen,Voyage,Facelift,2016,2019,1.6 16V MSI EA111
IB-0155,Volkswagen,Saveiro,G5,2009,2013,1.6 8V EA111
IB-0155,Volkswagen,Saveiro,G5,2009,2013,1.6 16V EA111
IB-0155,Volkswagen,Saveiro,G6,2013,2016,1.0 12V MPI EA111
IB-0155,Volkswagen,Saveiro,G6,2013,2016,1.6 16V MSI EA111
IB-0155,Volkswagen,Polo,1ª geração BR,2002,2007,1.6 8V EA111
IB-0155,Volkswagen,Polo,1ª geração BR,2002,2007,1.8 20V Turbo EA111
IB-0155,Volkswagen,Polo,2ª geração BR,2007,2014,1.6 8V EA111
IB-0155,Volkswagen,Polo,2ª geração BR,2007,2014,2.0 8V EA111
IB-0155,Volkswagen,Up!,Lançamento,2014,2016,1.0 12V MPI EA111
IB-0155,Volkswagen,Up!,Lançamento,2014,2016,1.0 12V TSI EA111
IB-0155,Volkswagen,Up!,Facelift,2016,2019,1.0 12V MPI EA111
IB-0155,Volkswagen,Up!,Facelift,2016,2019,1.0 12V TSI EA111
JG-0138,Volkswagen,Gol,G7/G8,2016,2023,1.0 12V MPI EA211
JG-0138,Volkswagen,Gol,G7/G8,2016,2023,1.6 16V MSI EA211
JG-0138,Volkswagen,Fox,Final,2017,2021,1.0 12V MPI EA211
JG-0138,Volkswagen,Fox,Final,2017,2021,1.6 16V MSI EA211
JG-0138,Volkswagen,Voyage,Final,2019,2023,1.0 12V MPI EA211
JG-0138,Volkswagen,Voyage,Final,2019,2023,1.6 16V MSI EA211
JG-0138,Volkswagen,Saveiro,G7,2016,2021,1.6 16V MSI EA211
JG-0138,Volkswagen,Saveiro,G7,2016,2021,1.6 20V TSI EA211
JG-0138,Volkswagen,Saveiro,Atual,2021,2023,1.6 16V MSI EA211
JG-0138,Volkswagen,Saveiro,Atual,2021,2023,1.6 20V TSI EA211
JG-0138,Volkswagen,Polo,Novo Polo,2017,2020,1.0 12V MPI EA211
JG-0138,Volkswagen,Polo,Novo Polo,2017,2020,1.0 12V TSI EA211
JG-0138,Volkswagen,Polo,Novo Polo,2017,2020,1.6 16V MSI EA211
JG-0138,Volkswagen,Polo,Atual,2020,2023,1.0 12V TSI EA211
JG-0138,Volkswagen,Polo,Atual,2020,2023,1.6 16V MSI EA211
JG-0138,Volkswagen,Up!,2ª fase,2019,2021,1.0 12V MPI EA211
JG-0138,Volkswagen,Up!,2ª fase,2019,2021,1.0 12V TSI EA211
JG-0138,Volkswagen,Up!,Final,2021,2023,1.0 12V TSI EA211
AN-0160,Fiat,Palio,2ª geração,1996,2000,1.0 8V Fire
AN-0160,Fiat,Palio,2ª geração,1996,2000,1.6 16V
AN-0160,Fiat,Palio,Facelift,2001,2004,1.0 8V Fire
AN-0160,Fiat,Palio,Facelift,2001,2004,1.5 8V
AN-0160,Fiat,Palio,3ª geração,2004,2011,1.0 8V Fire
AN-0160,Fiat,Palio,3ª geração,2004,2011,1.4 8V Fire
AN-0160,Fiat,Palio,3ª geração,2004,2011,1.8 8V
AN-0160,Fiat,Uno,Mille,2004,2010,1.0 8V Fire
AN-0160,Fiat,Uno,Mille,2004,2010,1.5 8V
AN-0160,Fiat,Uno,Novo Uno 1ª,2010,2014,1.0 8V Fire
AN-0160,Fiat,Uno,Novo Uno 1ª,2010,2014,1.4 8V Fire
AN-0160,Fiat,Siena,1ª geração,1996,2001,1.0 8V Fire
AN-0160,Fiat,Siena,1ª geração,1996,2001,1.5 8V
AN-0160,Fiat,Siena,2ª geração,2001,2004,1.0 8V Fire
AN-0160,Fiat,Siena,2ª geração,2001,2004,1.4 8V Fire
AN-0160,Fiat,Siena,3ª geração,2004,2012,1.0 8V Fire
AN-0160,Fiat,Siena,3ª geração,2004,2012,1.4 8V Fire
AN-0160,Fiat,Siena,3ª geração,2004,2012,1.8 8V
AN-0160,Fiat,Strada,1ª geração,1998,2004,1.5 8V
AN-0160,Fiat,Strada,1ª geração,1998,2004,1.6 8V
AN-0160,Fiat,Strada,2ª geração,2004,2012,1.4 8V Fire
AN-0160,Fiat,Strada,2ª geração,2004,2012,1.8 8V
AN-0160,Fiat,Punto,Lançamento,2007,2009,1.4 8V Fire
AN-0160,Fiat,Punto,Lançamento,2007,2009,1.8 8V
AN-0160,Fiat,Punto,Facelift 1,2009,2012,1.4 8V Fire
AN-0160,Fiat,Punto,Facelift 1,2009,2012,1.8 E.torQ
IB-0156,Fiat,Palio,Atual,2012,2017,1.0 Fire Evo
IB-0156,Fiat,Palio,Atual,2012,2017,1.4 Fire Evo
IB-0156,Fiat,Uno,Novo Uno 2ª,2014,2021,1.0 Fire Evo
IB-0156,Fiat,Uno,Novo Uno 2ª,2014,2021,1.3 Firefly
IB-0156,Fiat,Siena,Atual,2012,2016,1.0 Fire Evo
IB-0156,Fiat,Siena,Atual,2012,2016,1.4 Fire Evo
IB-0156,Fiat,Strada,3ª geração,2013,2020,1.4 Fire Evo
IB-0156,Fiat,Strada,3ª geração,2013,2020,1.8 E.torQ
IB-0156,Fiat,Punto,Facelift 2,2012,2015,1.4 Fire Evo
IB-0156,Fiat,Punto,Facelift 2,2012,2015,1.6 E.torQ
IB-0156,Fiat,Punto,Final,2015,2017,1.4 Fire Evo
IB-0156,Fiat,Punto,Final,2015,2017,1.6 E.torQ
JG-0139,Fiat,Uno,Atual,2021,2023,1.0 Firefly
JG-0139,Fiat,Uno,Atual,2021,2023,1.3 Firefly
JG-0139,Fiat,Strada,Atual,2020,2023,1.3 Firefly
JG-0139,Fiat,Strada,Atual,2020,2023,1.4 Firefly Turbo
JG-0139,Fiat,Mobi,Lançamento,2016,2018,1.0 Firefly
JG-0139,Fiat,Mobi,Facelift 1,2018,2020,1.0 Firefly
JG-0139,Fiat,Mobi,Facelift 2,2020,2022,1.0 Firefly
JG-0139,Fiat,Mobi,Facelift 2,2020,2022,1.0 Firefly Turbo
JG-0139,Fiat,Mobi,Atual,2022,2023,1.0 Firefly
JG-0139,Fiat,Mobi,Atual,2022,2023,1.0 Firefly Turbo
AN-0161,Chevrolet,Celta,1ª geração,2000,2003,1.0 8V VHC
AN-0161,Chevrolet,Celta,1ª geração,2000,2003,1.4 8V VHC
AN-0161,Chevrolet,Celta,Facelift,2003,2006,1.0 8V VHC
AN-0161,Chevrolet,Celta,Facelift,2003,2006,1.4 8V VHC
AN-0161,Chevrolet,Corsa,1ª geração,1994,2000,1.0 8V VHC
AN-0161,Chevrolet,Corsa,1ª geração,1994,2000,1.6 8V VHC
AN-0161,Chevrolet,Corsa,2ª geração,2000,2002,1.0 8V VHC
AN-0161,Chevrolet,Corsa,2ª geração,2000,2002,1.6 8V VHC
AN-0161,Chevrolet,Corsa,Facelift,2002,2007,1.0 8V VHC
AN-0161,Chevrolet,Corsa,Facelift,2002,2007,1.4 8V VHC
AN-0161,Chevrolet,Corsa,Facelift,2002,2007,1.8 8V
AN-0161,Chevrolet,Classic,Lançamento,2003,2005,1.0 8V VHC
AN-0161,Chevrolet,Classic,Lançamento,2003,2005,1.4 8V VHC
AN-0161,Chevrolet,Classic,Facelift 1,2005,2010,1.0 8V VHC
AN-0161,Chevrolet,Classic,Facelift 1,2005,2010,1.4 8V VHC
IB-0157,Chevrolet,Celta,2ª geração,2006,2011,1.0 8V VHCE
IB-0157,Chevrolet,Celta,2ª geração,2006,2011,1.4 8V VHCE Flexpower
IB-0157,Chevrolet,Celta,Final,2011,2016,1.0 8V VHCE
IB-0157,Chevrolet,Celta,Final,2011,2016,1.4 8V VHCE Flexpower
IB-0157,Chevrolet,Corsa,Final,2007,2012,1.0 8V VHCE
IB-0157,Chevrolet,Corsa,Final,2007,2012,1.4 8V VHCE Flexpower
IB-0157,Chevrolet,Classic,Facelift 2,2010,2014,1.0 8V VHCE Economy
IB-0157,Chevrolet,Classic,Facelift 2,2010,2014,1.4 8V VHCE Flexpower
IB-0157,Chevrolet,Classic,Final,2014,2016,1.0 8V VHCE Economy
IB-0157,Chevrolet,Classic,Final,2014,2016,1.4 8V VHCE Flexpower
IB-0157,Chevrolet,Prisma,1ª geração,2006,2013,1.0 8V VHCE
IB-0157,Chevrolet,Prisma,1ª geração,2006,2013,1.4 8V VHCE Flexpower
JG-0140,Chevrolet,Onix,1ª geração,2012,2015,1.0 SPE4
JG-0140,Chevrolet,Onix,1ª geração,2012,2015,1.4 SPE4
JG-0140,Chevrolet,Onix,Facelift,2015,2019,1.0 SPE4
JG-0140,Chevrolet,Onix,Facelift,2015,2019,1.4 SPE4
JG-0140,Chevrolet,Prisma,2ª geração,2013,2016,1.0 SPE4
JG-0140,Chevrolet,Prisma,2ª geração,2013,2016,1.4 SPE4
JG-0140,Chevrolet,Prisma,Facelift,2016,2019,1.0 SPE4
JG-0140,Chevrolet,Prisma,Facelift,2016,2019,1.4 SPE4
JG-0140,Chevrolet,Prisma,Final,2019,2021,1.0 SPE4
JG-0140,Chevrolet,Prisma,Final,2019,2021,1.4 SPE4
JG-0140,Chevrolet,Spin,Lançamento,2012,2016,1.8 SPE4
JG-0140,Chevrolet,Spin,Facelift,2016,2019,1.8 SPE4
JG-0140,Chevrolet,Spin,Facelift,2016,2019,1.8 SPE4 Flexpower
PJ-0134,Chevrolet,Onix,2ª geração,2019,2022,1.0 Turbo Family 0
PJ-0134,Chevrolet,Onix,2ª geração,2019,2022,1.0 Aspirado Family 0
PJ-0134,Chevrolet,Onix,Atual,2022,2023,1.0 Turbo Family 0
PJ-0134,Chevrolet,Onix,Atual,2022,2023,1.0 Aspirado Family 0
JG-0141,Ford,Ka,1ª geração,1997,2000,1.0 Zetec Rocam
JG-0141,Ford,Ka,1ª geração,1997,2000,1.3 Zetec Rocam
JG-0141,Ford,Ka,Facelift,2000,2007,1.0 Zetec Rocam
JG-0141,Ford,Ka,Facelift,2000,2007,1.6 Zetec Rocam
JG-0141,Ford,Fiesta,1ª geração BR,2002,2005,1.0 Zetec Rocam
JG-0141,Ford,Fiesta,1ª geração BR,2002,2005,1.6 Zetec Rocam
JG-0141,Ford,Fiesta,2ª geração BR,2005,2012,1.0 Zetec Rocam
JG-0141,Ford,Fiesta,2ª geração BR,2005,2012,1.6 Zetec Rocam
JG-0141,Ford,EcoSport,1ª geração,2003,2007,1.6 Zetec Rocam
JG-0141,Ford,EcoSport,1ª geração,2003,2007,2.0 Zetec
JG-0141,Ford,EcoSport,Facelift,2007,2012,1.6 Zetec Rocam
JG-0141,Ford,EcoSport,Facelift,2007,2012,2.0 Duratec
PJ-0135,Ford,Ka,Nova geração,2014,2017,1.0 Ti-VCT Dragon
PJ-0135,Ford,Ka,Nova geração,2014,2017,1.5 Ti-VCT Dragon
PJ-0135,Ford,Ka,Facelift atual,2017,2021,1.0 Ti-VCT Dragon
PJ-0135,Ford,Ka,Facelift atual,2017,2021,1.5 Ti-VCT Dragon
VG-0134,Ford,Fiesta,Nova geração,2013,2017,1.6 Ti-VCT
VG-0134,Ford,Fiesta,Nova geração,2013,2017,1.0 EcoBoost
VG-0134,Ford,Fiesta,Final,2017,2019,1.6 Ti-VCT
VG-0134,Ford,Fiesta,Final,2017,2019,1.0 EcoBoost
VG-0134,Ford,EcoSport,2ª geração,2012,2017,1.6 Ti-VCT
VG-0134,Ford,EcoSport,2ª geração,2012,2017,2.0 Ti-VCT
VG-0134,Ford,EcoSport,Final,2017,2021,1.5 Ti-VCT
VG-0134,Ford,EcoSport,Final,2017,2021,2.0 Ti-VCT AWD
IB-0158,Renault,Sandero,1ª geração,2007,2011,1.0 16V Energy
IB-0158,Renault,Sandero,1ª geração,2007,2011,1.6 16V Energy
IB-0158,Renault,Sandero,Facelift,2011,2014,1.0 16V Energy
IB-0158,Renault,Sandero,Facelift,2011,2014,1.6 16V Energy
IB-0158,Renault,Logan,1ª geração,2007,2011,1.0 16V Energy
IB-0158,Renault,Logan,1ª geração,2007,2011,1.6 16V Energy
IB-0158,Renault,Logan,Facelift,2011,2013,1.0 16V Energy
IB-0158,Renault,Logan,Facelift,2011,2013,1.6 16V Energy
IB-0158,Renault,Duster,1ª geração,2011,2015,1.6 16V Energy
IB-0158,Renault,Duster,1ª geração,2011,2015,2.0 16V
PJ-0136,Renault,Sandero,2ª geração,2014,2017,1.0 12V SCe
PJ-0136,Renault,Sandero,2ª geração,2014,2017,1.6 16V Energy
PJ-0136,Renault,Sandero,Final,2017,2020,1.0 12V SCe
PJ-0136,Renault,Sandero,Final,2017,2020,1.6 16V SCe
PJ-0136,Renault,Logan,2ª geração,2013,2017,1.0 12V SCe
PJ-0136,Renault,Logan,2ª geração,2013,2017,1.6 16V Energy
PJ-0136,Renault,Logan,Final,2017,2021,1.0 12V SCe
PJ-0136,Renault,Logan,Final,2017,2021,1.6 16V SCe
PJ-0136,Renault,Duster,Facelift,2015,2019,1.6 16V SCe
PJ-0136,Renault,Duster,Facelift,2015,2019,2.0 16V
PJ-0136,Renault,Duster,2ª geração,2019,2021,1.6 16V SCe
PJ-0136,Renault,Duster,2ª geração,2019,2021,2.0 16V
PJ-0136,Renault,Duster,Atual,2021,2023,1.6 16V SCe
PJ-0136,Renault,Duster,Atual,2021,2023,2.0 16V
TT-0146,Hyundai,HB20,Lançamento,2012,2015,1.0 Kappa
TT-0146,Hyundai,HB20,Lançamento,2012,2015,1.6 Gamma
TT-0146,Hyundai,HB20,Facelift,2015,2019,1.0 Kappa
TT-0146,Hyundai,HB20,Facelift,2015,2019,1.6 Gamma
PJ-0137,Hyundai,HB20,2ª geração,2019,2021,1.0 Kappa TGDI
PJ-0137,Hyundai,HB20,2ª geração,2019,2021,1.6 Gamma
PJ-0137,Hyundai,HB20,Atual,2021,2023,1.0 Kappa TGDI
PJ-0137,Hyundai,HB20,Atual,2021,2023,1.6 Gamma
VG-0135,Toyota,Corolla,9ª geração,2003,2008,1.6 VVT-i
VG-0135,Toyota,Corolla,9ª geração,2003,2008,1.8 VVT-i
VG-0136,Toyota,Corolla,10ª geração,2008,2014,1.8 Dual VVT-i
VG-0136,Toyota,Corolla,10ª geração,2008,2014,2.0 Dual VVT-i
VG-0136,Toyota,Corolla,11ª geração,2014,2019,1.8 Dual VVT-i
VG-0136,Toyota,Corolla,11ª geração,2014,2019,2.0 Dual VVT-i
VG-0136,Toyota,Etios,Lançamento,2012,2015,1.3 Dual VVT-i
VG-0136,Toyota,Etios,Lançamento,2012,2015,1.5 Dual VVT-i
VG-0136,Toyota,Etios,Facelift,2015,2019,1.3 Dual VVT-i
VG-0136,Toyota,Etios,Facelift,2015,2019,1.5 Dual VVT-i
VG-0136,Toyota,Etios,2ª fase,2019,2021,1.5 Dual VVT-i
VG-0136,Toyota,Etios,Final,2021,2021,1.5 Dual VVT-i
IB-0159,Toyota,Corolla,12ª geração,2019,2023,2.0 Dynamic Force
IB-0159,Toyota,Corolla,12ª geração,2019,2023,1.8 Hybrid Dynamic Force
PJ-0138,Honda,Civic,7ª geração,2001,2006,1.7 SOHC VTEC
TT-0147,Honda,Civic,8ª geração,2006,2011,1.8 SOHC i-VTEC
TT-0147,Honda,Civic,8ª geração,2006,2011,2.0 SOHC i-VTEC
TT-0147,Honda,Civic,9ª geração,2012,2016,1.8 SOHC i-VTEC
TT-0147,Honda,Civic,9ª geração,2012,2016,2.0 SOHC i-VTEC
TT-0147,Honda,Fit,2ª geração,2008,2014,1.4 SOHC i-VTEC
TT-0147,Honda,Fit,2ª geração,2008,2014,1.5 SOHC i-VTEC
JG-0142,Honda,Civic,10ª geração,2016,2021,2.0 Earth Dreams
JG-0142,Honda,Civic,10ª geração,2016,2021,1.5 Turbo Earth Dreams
JG-0142,Honda,Fit,3ª geração,2015,2020,1.5 Earth Dreams
JG-0142,Honda,Fit,Final,2020,2021,1.5 Earth Dreams
PJ-0139,Honda,Fit,1ª geração,2003,2008,1.4 SOHC i-DSI
PJ-0139,Honda,Fit,1ª geração,2003,2008,1.5 SOHC VTEC
VG-0137,Chevrolet,Spin,2ª fase,2019,2021,1.8 Family I
VG-0137,Chevrolet,Spin,Final,2021,2023,1.8 Family I
PJ-0140,Nissan,March,Lançamento,2011,2014,1.0 HR10DE
PJ-0140,Nissan,March,Lançamento,2011,2014,1.6 HR16DE
PJ-0140,Nissan,March,Facelift,2014,2017,1.0 HR10DE
PJ-0140,Nissan,March,Facelift,2014,2017,1.6 HR16DE
PJ-0140,Nissan,March,2ª fase,2017,2020,1.0 HR10DE
PJ-0140,Nissan,March,2ª fase,2017,2020,1.6 HR16DE
PJ-0140,Nissan,March,Final,2020,2022,1.6 HR16DE
PJ-0140,Nissan,Versa,Lançamento,2011,2014,1.6 HR16DE
PJ-0140,Nissan,Versa,Facelift,2014,2017,1.6 HR16DE
PJ-0140,Nissan,Versa,2ª fase,2017,2020,1.6 HR16DE
PJ-0140,Nissan,Versa,Atual,2020,2023,1.6 HR16DE
IB-0160,Peugeot,208,Lançamento,2013,2016,1.2 PureTech
IB-0160,Peugeot,208,Lançamento,2013,2016,1.6 THP
IB-0160,Peugeot,208,Facelift,2016,2019,1.2 PureTech
IB-0160,Peugeot,208,Facelift,2016,2019,1.6 THP
IB-0160,Peugeot,208,2ª fase,2019,2021,1.6 THP
IB-0160,Peugeot,208,Atual,2021,2023,1.6 THP
PJ-0141,Citroën,C3,1ª geração BR,2003,2006,1.4 TU3
PJ-0141,Citroën,C3,1ª geração BR,2003,2006,1.6 TU5
PJ-0141,Citroën,C3,2ª geração BR,2006,2012,1.4 TU3
PJ-0141,Citroën,C3,2ª geração BR,2006,2012,1.6 16V
PJ-0142,Citroën,C3,3ª geração,2012,2017,1.5 8V
PJ-0142,Citroën,C3,3ª geração,2012,2017,1.6 16V
PJ-0142,Citroën,C3,Atual,2017,2023,1.6 PureTech
IB-0161,Volkswagen,Gol,G6,2012,2016,1.6 16V MSI EA111
IB-0161,Volkswagen,Fox,Facelift,2014,2017,1.6 16V MSI EA111
IB-0161,Volkswagen,Voyage,2ª geração,2012,2016,1.6 16V MSI EA111
IB-0161,Volkswagen,Voyage,Facelift,2016,2019,1.6 16V MSI EA111
IB-0161,Volkswagen,Saveiro,G6,2013,2016,1.6 16V MSI EA111
VG-0138,Honda,Civic,8ª geração,2006,2011,1.8 SOHC i-VTEC
VG-0138,Honda,Civic,9ª geração,2012,2016,1.8 SOHC i-VTEC
TT-0148,Toyota,Corolla,12ª geração,2019,2023,2.0 Dynamic Force
VG-0139,Volkswagen,Polo,Novo Polo,2017,2020,1.0 12V TSI EA211
VG-0139,Volkswagen,Polo,Atual,2020,2023,1.0 12V TSI EA211
VG-0139,Volkswagen,Up!,2ª fase,2019,2021,1.0 12V TSI EA211
VG-0139,Volkswagen,Up!,Final,2021,2023,1.0 12V TSI EA211
JG-0143,Volkswagen,Saveiro,G7,2016,2021,1.6 20V TSI EA211
JG-0143,Volkswagen,Saveiro,Atual,2021,2023,1.6 20V TSI EA211
TT-0149,Renault,Sandero,1ª geração,2007,2011,1.6 16V Energy
TT-0149,Renault,Sandero,Facelift,2011,2014,1.6 16V Energy
TT-0149,Renault,Sandero,2ª geração,2014,2017,1.6 16V Energy
TT-0149,Renault,Logan,1ª geração,2007,2011,1.6 16V Energy
TT-0149,Renault,Logan,Facelift,2011,2013,1.6 16V Energy
TT-0149,Renault,Logan,2ª geração,2013,2017,1.6 16V Energy
TT-0149,Renault,Duster,1ª geração,2011,2015,1.6 16V Energy
JG-0144,Citroën,C3,1ª geração BR,2003,2006,1.6 TU5
IB-0162,Fiat,Palio,3ª geração,2004,2011,1.4 8V Fire
IB-0162,Fiat,Uno,Novo Uno 1ª,2010,2014,1.4 8V Fire
IB-0162,Fiat,Siena,2ª geração,2001,2004,1.4 8V Fire
IB-0162,Fiat,Siena,3ª geração,2004,2012,1.4 8V Fire
IB-0162,Fiat,Strada,2ª geração,2004,2012,1.4 8V Fire
IB-0162,Fiat,Punto,Lançamento,2007,2009,1.4 8V Fire
IB-0162,Fiat,Punto,Facelift 1,2009,2012,1.4 8V Fire
PJ-0143,Fiat,Punto,Facelift 2,2012,2015,1.6 E.torQ
PJ-0143,Fiat,Punto,Final,2015,2017,1.6 E.torQ
IB-0163,Citroën,C3,3ª geração,2012,2017,1.5 8V
VG-0140,Fiat,Palio,2ª geração,1996,2000,1.0 8V Fire
VG-0140,Fiat,Palio,Facelift,2001,2004,1.0 8V Fire
VG-0140,Fiat,Palio,3ª geração,2004,2011,1.0 8V Fire
VG-0140,Fiat,Uno,Mille,2004,2010,1.0 8V Fire
VG-0140,Fiat,Uno,Novo Uno 1ª,2010,2014,1.0 8V Fire
VG-0140,Fiat,Siena,1ª geração,1996,2001,1.0 8V Fire
VG-0140,Fiat,Siena,2ª geração,2001,2004,1.0 8V Fire
VG-0140,Fiat,Siena,3ª geração,2004,2012,1.0 8V Fire
TT-0150,Fiat,Uno,Atual,2021,2023,1.0 Firefly
TT-0150,Fiat,Mobi,Lançamento,2016,2018,1.0 Firefly
TT-0150,Fiat,Mobi,Facelift 1,2018,2020,1.0 Firefly
TT-0150,Fiat,Mobi,Facelift 2,2020,2022,1.0 Firefly
TT-0150,Fiat,Mobi,Atual,2022,2023,1.0 Firefly
IB-0164,Volkswagen,Gol,G4,2006,2008,1.6 8V EA111
IB-0164,Volkswagen,Gol,G5,2008,2012,1.6 8V EA111
IB-0164,Volkswagen,Fox,1ª geração,2003,2009,1.6 8V EA111
IB-0164,Volkswagen,Voyage,1ª geração,2008,2012,1.6 8V EA111
IB-0164,Volkswagen,Saveiro,G5,2009,2013,1.6 8V EA111
IB-0164,Volkswagen,Polo,1ª geração BR,2002,2007,1.6 8V EA111
IB-0164,Volkswagen,Polo,2ª geração BR,2007,2014,1.6 8V EA111
IB-0165,Ford,EcoSport,Final,2017,2021,2.0 Ti-VCT AWD
AN-0162,Honda,Fit,1ª geração,2003,2008,1.5 SOHC VTEC
JG-0145,Ford,Fiesta,Nova geração,2013,2017,1.6 Ti-VCT
JG-0145,Ford,Fiesta,Final,2017,2019,1.6 Ti-VCT
JG-0145,Ford,EcoSport,2ª geração,2012,2017,1.6 Ti-VCT
VG-0141,Fiat,Palio,2ª geração,1996,2000,1.6 16V
VG-0142,Chevrolet,Spin,Lançamento,2012,2016,1.8 SPE4
VG-0142,Chevrolet,Spin,Facelift,2016,2019,1.8 SPE4
PJ-0144,Peugeot,208,Lançamento,2013,2016,1.6 THP
PJ-0144,Peugeot,208,Facelift,2016,2019,1.6 THP
PJ-0144,Peugeot,208,2ª fase,2019,2021,1.6 THP
PJ-0144,Peugeot,208,Atual,2021,2023,1.6 THP
JG-0146,Renault,Sandero,1ª geração,2007,2011,1.0 16V Energy
JG-0146,Renault,Sandero,Facelift,2011,2014,1.0 16V Energy
JG-0146,Renault,Logan,1ª geração,2007,2011,1.0 16V Energy
JG-0146,Renault,Logan,Facelift,2011,2013,1.0 16V Energy
TT-0151,Volkswagen,Gol,G4,2006,2008,1.0 8V EA111
TT-0151,Volkswagen,Gol,G4,2006,2008,1.6 8V EA111
TT-0151,Volkswagen,Gol,G5,2008,2012,1.0 8V EA111
TT-0151,Volkswagen,Gol,G5,2008,2012,1.6 8V EA111
TT-0151,Volkswagen,Gol,G5,2008,2012,1.6 16V EA111
TT-0151,Volkswagen,Gol,G6,2012,2016,1.0 12V MPI EA111
TT-0151,Volkswagen,Gol,G6,2012,2016,1.6 16V MSI EA111
TT-0151,Volkswagen,Fox,1ª geração,2003,2009,1.0 8V EA111
TT-0151,Volkswagen,Fox,1ª geração,2003,2009,1.6 8V EA111
TT-0151,Volkswagen,Fox,2ª geração,2009,2014,1.0 8V EA111
TT-0151,Volkswagen,Fox,2ª geração,2009,2014,1.6 16V EA111
TT-0151,Volkswagen,Fox,Facelift,2014,2017,1.0 12V MPI EA111
TT-0151,Volkswagen,Fox,Facelift,2014,2017,1.6 16V MSI EA111
TT-0151,Volkswagen,Voyage,1ª geração,2008,2012,1.0 8V EA111
TT-0151,Volkswagen,Voyage,1ª geração,2008,2012,1.6 8V EA111
TT-0151,Volkswagen,Voyage,2ª geração,2012,2016,1.0 12V MPI EA111
TT-0151,Volkswagen,Voyage,2ª geração,2012,2016,1.6 16V MSI EA111
TT-0151,Volkswagen,Voyage,Facelift,2016,2019,1.0 12V MPI EA111
TT-0151,Volkswagen,Voyage,Facelift,2016,2019,1.6 16V MSI EA111
TT-0151,Volkswagen,Saveiro,G5,2009,2013,1.6 8V EA111
TT-0151,Volkswagen,Saveiro,G5,2009,2013,1.6 16V EA111
TT-0151,Volkswagen,Saveiro,G6,2013,2016,1.0 12V MPI EA111
TT-0151,Volkswagen,Saveiro,G6,2013,2016,1.6 16V MSI EA111
TT-0151,Volkswagen,Polo,1ª geração BR,2002,2007,1.6 8V EA111
TT-0151,Volkswagen,Polo,1ª geração BR,2002,2007,1.8 20V Turbo EA111
TT-0151,Volkswagen,Polo,2ª geração BR,2007,2014,1.6 8V EA111
TT-0151,Volkswagen,Polo,2ª geração BR,2007,2014,2.0 8V EA111
TT-0151,Volkswagen,Up!,Lançamento,2014,2016,1.0 12V MPI EA111
TT-0151,Volkswagen,Up!,Lançamento,2014,2016,1.0 12V TSI EA111
TT-0151,Volkswagen,Up!,Facelift,2016,2019,1.0 12V MPI EA111
TT-0151,Volkswagen,Up!,Facelift,2016,2019,1.0 12V TSI EA111
AN-0163,Volkswagen,Gol,G7/G8,2016,2023,1.0 12V MPI EA211
AN-0163,Volkswagen,Gol,G7/G8,2016,2023,1.6 16V MSI EA211
AN-0163,Volkswagen,Fox,Final,2017,2021,1.0 12V MPI EA211
AN-0163,Volkswagen,Fox,Final,2017,2021,1.6 16V MSI EA211
AN-0163,Volkswagen,Voyage,Final,2019,2023,1.0 12V MPI EA211
AN-0163,Volkswagen,Voyage,Final,2019,2023,1.6 16V MSI EA211
AN-0163,Volkswagen,Saveiro,G7,2016,2021,1.6 16V MSI EA211
AN-0163,Volkswagen,Saveiro,G7,2016,2021,1.6 20V TSI EA211
AN-0163,Volkswagen,Saveiro,Atual,2021,2023,1.6 16V MSI EA211
AN-0163,Volkswagen,Saveiro,Atual,2021,2023,1.6 20V TSI EA211
AN-0163,Volkswagen,Polo,Novo Polo,2017,2020,1.0 12V MPI EA211
AN-0163,Volkswagen,Polo,Novo Polo,2017,2020,1.0 12V TSI EA211
AN-0163,Volkswagen,Polo,Novo Polo,2017,2020,1.6 16V MSI EA211
AN-0163,Volkswagen,Polo,Atual,2020,2023,1.0 12V TSI EA211
AN-0163,Volkswagen,Polo,Atual,2020,2023,1.6 16V MSI EA211
AN-0163,Volkswagen,Up!,2ª fase,2019,2021,1.0 12V MPI EA211
AN-0163,Volkswagen,Up!,2ª fase,2019,2021,1.0 12V TSI EA211
AN-0163,Volkswagen,Up!,Final,2021,2023,1.0 12V TSI EA211
VG-0143,Fiat,Palio,2ª geração,1996,2000,1.0 8V Fire
VG-0143,Fiat,Palio,2ª geração,1996,2000,1.6 16V
VG-0143,Fiat,Palio,Facelift,2001,2004,1.0 8V Fire
VG-0143,Fiat,Palio,Facelift,2001,2004,1.5 8V
VG-0143,Fiat,Palio,3ª geração,2004,2011,1.0 8V Fire
VG-0143,Fiat,Palio,3ª geração,2004,2011,1.4 8V Fire
VG-0143,Fiat,Palio,3ª geração,2004,2011,1.8 8V
VG-0143,Fiat,Uno,Mille,2004,2010,1.0 8V Fire
VG-0143,Fiat,Uno,Mille,2004,2010,1.5 8V
VG-0143,Fiat,Uno,Novo Uno 1ª,2010,2014,1.0 8V Fire
VG-0143,Fiat,Uno,Novo Uno 1ª,2010,2014,1.4 8V Fire
VG-0143,Fiat,Siena,1ª geração,1996,2001,1.0 8V Fire
VG-0143,Fiat,Siena,1ª geração,1996,2001,1.5 8V
VG-0143,Fiat,Siena,2ª geração,2001,2004,1.0 8V Fire
VG-0143,Fiat,Siena,2ª geração,2001,2004,1.4 8V Fire
VG-0143,Fiat,Siena,3ª geração,2004,2012,1.0 8V Fire
VG-0143,Fiat,Siena,3ª geração,2004,2012,1.4 8V Fire
VG-0143,Fiat,Siena,3ª geração,2004,2012,1.8 8V
VG-0143,Fiat,Strada,1ª geração,1998,2004,1.5 8V
VG-0143,Fiat,Strada,1ª geração,1998,2004,1.6 8V
VG-0143,Fiat,Strada,2ª geração,2004,2012,1.4 8V Fire
VG-0143,Fiat,Strada,2ª geração,2004,2012,1.8 8V
VG-0143,Fiat,Punto,Lançamento,2007,2009,1.4 8V Fire
VG-0143,Fiat,Punto,Lançamento,2007,2009,1.8 8V
VG-0143,Fiat,Punto,Facelift 1,2009,2012,1.4 8V Fire
VG-0143,Fiat,Punto,Facelift 1,2009,2012,1.8 E.torQ
PJ-0145,Fiat,Palio,Atual,2012,2017,1.0 Fire Evo
PJ-0145,Fiat,Palio,Atual,2012,2017,1.4 Fire Evo
PJ-0145,Fiat,Uno,Novo Uno 2ª,2014,2021,1.0 Fire Evo
PJ-0145,Fiat,Uno,Novo Uno 2ª,2014,2021,1.3 Firefly
PJ-0145,Fiat,Siena,Atual,2012,2016,1.0 Fire Evo
PJ-0145,Fiat,Siena,Atual,2012,2016,1.4 Fire Evo
PJ-0145,Fiat,Strada,3ª geração,2013,2020,1.4 Fire Evo
PJ-0145,Fiat,Strada,3ª geração,2013,2020,1.8 E.torQ
PJ-0145,Fiat,Punto,Facelift 2,2012,2015,1.4 Fire Evo
PJ-0145,Fiat,Punto,Facelift 2,2012,2015,1.6 E.torQ
PJ-0145,Fiat,Punto,Final,2015,2017,1.4 Fire Evo
PJ-0145,Fiat,Punto,Final,2015,2017,1.6 E.torQ
JG-0147,Fiat,Uno,Atual,2021,2023,1.0 Firefly
JG-0147,Fiat,Uno,Atual,2021,2023,1.3 Firefly
JG-0147,Fiat,Strada,Atual,2020,2023,1.3 Firefly
JG-0147,Fiat,Strada,Atual,2020,2023,1.4 Firefly Turbo
JG-0147,Fiat,Mobi,Lançamento,2016,2018,1.0 Firefly
JG-0147,Fiat,Mobi,Facelift 1,2018,2020,1.0 Firefly
JG-0147,Fiat,Mobi,Facelift 2,2020,2022,1.0 Firefly
JG-0147,Fiat,Mobi,Facelift 2,2020,2022,1.0 Firefly Turbo
JG-0147,Fiat,Mobi,Atual,2022,2023,1.0 Firefly
JG-0147,Fiat,Mobi,Atual,2022,2023,1.0 Firefly Turbo
TT-0152,Chevrolet,Celta,1ª geração,2000,2003,1.0 8V VHC
TT-0152,Chevrolet,Celta,1ª geração,2000,2003,1.4 8V VHC
TT-0152,Chevrolet,Celta,Facelift,2003,2006,1.0 8V VHC
TT-0152,Chevrolet,Celta,Facelift,2003,2006,1.4 8V VHC
TT-0152,Chevrolet,Corsa,1ª geração,1994,2000,1.0 8V VHC
TT-0152,Chevrolet,Corsa,1ª geração,1994,2000,1.6 8V VHC
TT-0152,Chevrolet,Corsa,2ª geração,2000,2002,1.0 8V VHC
TT-0152,Chevrolet,Corsa,2ª geração,2000,2002,1.6 8V VHC
TT-0152,Chevrolet,Corsa,Facelift,2002,2007,1.0 8V VHC
TT-0152,Chevrolet,Corsa,Facelift,2002,2007,1.4 8V VHC
TT-0152,Chevrolet,Corsa,Facelift,2002,2007,1.8 8V
TT-0152,Chevrolet,Classic,Lançamento,2003,2005,1.0 8V VHC
TT-0152,Chevrolet,Classic,Lançamento,2003,2005,1.4 8V VHC
TT-0152,Chevrolet,Classic,Facelift 1,2005,2010,1.0 8V VHC
TT-0152,Chevrolet,Classic,Facelift 1,2005,2010,1.4 8V VHC
PJ-0146,Chevrolet,Celta,2ª geração,2006,2011,1.0 8V VHCE
PJ-0146,Chevrolet,Celta,2ª geração,2006,2011,1.4 8V VHCE Flexpower
PJ-0146,Chevrolet,Celta,Final,2011,2016,1.0 8V VHCE
PJ-0146,Chevrolet,Celta,Final,2011,2016,1.4 8V VHCE Flexpower
PJ-0146,Chevrolet,Corsa,Final,2007,2012,1.0 8V VHCE
PJ-0146,Chevrolet,Corsa,Final,2007,2012,1.4 8V VHCE Flexpower
PJ-0146,Chevrolet,Classic,Facelift 2,2010,2014,1.0 8V VHCE Economy
PJ-0146,Chevrolet,Classic,Facelift 2,2010,2014,1.4 8V VHCE Flexpower
PJ-0146,Chevrolet,Classic,Final,2014,2016,1.0 8V VHCE Economy
PJ-0146,Chevrolet,Classic,Final,2014,2016,1.4 8V VHCE Flexpower
PJ-0146,Chevrolet,Prisma,1ª geração,2006,2013,1.0 8V VHCE
PJ-0146,Chevrolet,Prisma,1ª geração,2006,2013,1.4 8V VHCE Flexpower
AN-0164,Chevrolet,Onix,1ª geração,2012,2015,1.0 SPE4
AN-0164,Chevrolet,Onix,1ª geração,2012,2015,1.4 SPE4
AN-0164,Chevrolet,Onix,Facelift,2015,2019,1.0 SPE4
AN-0164,Chevrolet,Onix,Facelift,2015,2019,1.4 SPE4
AN-0164,Chevrolet,Prisma,2ª geração,2013,2016,1.0 SPE4
AN-0164,Chevrolet,Prisma,2ª geração,2013,2016,1.4 SPE4
AN-0164,Chevrolet,Prisma,Facelift,2016,2019,1.0 SPE4
AN-0164,Chevrolet,Prisma,Facelift,2016,2019,1.4 SPE4
AN-0164,Chevrolet,Prisma,Final,2019,2021,1.0 SPE4
AN-0164,Chevrolet,Prisma,Final,2019,2021,1.4 SPE4
AN-0164,Chevrolet,Spin,Lançamento,2012,2016,1.8 SPE4
AN-0164,Chevrolet,Spin,Facelift,2016,2019,1.8 SPE4
AN-0164,Chevrolet,Spin,Facelift,2016,2019,1.8 SPE4 Flexpower
VG-0144,Chevrolet,Onix,2ª geração,2019,2022,1.0 Turbo Family 0
VG-0144,Chevrolet,Onix,2ª geração,2019,2022,1.0 Aspirado Family 0
VG-0144,Chevrolet,Onix,Atual,2022,2023,1.0 Turbo Family 0
VG-0144,Chevrolet,Onix,Atual,2022,2023,1.0 Aspirado Family 0
JG-0148,Ford,Ka,1ª geração,1997,2000,1.0 Zetec Rocam
JG-0148,Ford,Ka,1ª geração,1997,2000,1.3 Zetec Rocam
JG-0148,Ford,Ka,Facelift,2000,2007,1.0 Zetec Rocam
JG-0148,Ford,Ka,Facelift,2000,2007,1.6 Zetec Rocam
JG-0148,Ford,Fiesta,1ª geração BR,2002,2005,1.0 Zetec Rocam
JG-0148,Ford,Fiesta,1ª geração BR,2002,2005,1.6 Zetec Rocam
JG-0148,Ford,Fiesta,2ª geração BR,2005,2012,1.0 Zetec Rocam
JG-0148,Ford,Fiesta,2ª geração BR,2005,2012,1.6 Zetec Rocam
JG-0148,Ford,EcoSport,1ª geração,2003,2007,1.6 Zetec Rocam
JG-0148,Ford,EcoSport,1ª geração,2003,2007,2.0 Zetec
JG-0148,Ford,EcoSport,Facelift,2007,2012,1.6 Zetec Rocam
JG-0148,Ford,EcoSport,Facelift,2007,2012,2.0 Duratec
IB-0166,Ford,Ka,Nova geração,2014,2017,1.0 Ti-VCT Dragon
IB-0166,Ford,Ka,Nova geração,2014,2017,1.5 Ti-VCT Dragon
IB-0166,Ford,Ka,Facelift atual,2017,2021,1.0 Ti-VCT Dragon
IB-0166,Ford,Ka,Facelift atual,2017,2021,1.5 Ti-VCT Dragon
AN-0165,Ford,Fiesta,Nova geração,2013,2017,1.6 Ti-VCT
AN-0165,Ford,Fiesta,Nova geração,2013,2017,1.0 EcoBoost
AN-0165,Ford,Fiesta,Final,2017,2019,1.6 Ti-VCT
AN-0165,Ford,Fiesta,Final,2017,2019,1.0 EcoBoost
AN-0165,Ford,EcoSport,2ª geração,2012,2017,1.6 Ti-VCT
AN-0165,Ford,EcoSport,2ª geração,2012,2017,2.0 Ti-VCT
AN-0165,Ford,EcoSport,Final,2017,2021,1.5 Ti-VCT
AN-0165,Ford,EcoSport,Final,2017,2021,2.0 Ti-VCT AWD
TT-0153,Renault,Sandero,1ª geração,2007,2011,1.0 16V Energy
TT-0153,Renault,Sandero,1ª geração,2007,2011,1.6 16V Energy
TT-0153,Renault,Sandero,Facelift,2011,2014,1.0 16V Energy
TT-0153,Renault,Sandero,Facelift,2011,2014,1.6 16V Energy
TT-0153,Renault,Logan,1ª geração,2007,2011,1.0 16V Energy
TT-0153,Renault,Logan,1ª geração,2007,2011,1.6 16V Energy
TT-0153,Renault,Logan,Facelift,2011,2013,1.0 16V Energy
TT-0153,Renault,Logan,Facelift,2011,2013,1.6 16V Energy
TT-0153,Renault,Duster,1ª geração,2011,2015,1.6 16V Energy
TT-0153,Renault,Duster,1ª geração,2011,2015,2.0 16V
PJ-0147,Renault,Sandero,2ª geração,2014,2017,1.0 12V SCe
PJ-0147,Renault,Sandero,2ª geração,2014,2017,1.6 16V Energy
PJ-0147,Renault,Sandero,Final,2017,2020,1.0 12V SCe
PJ-0147,Renault,Sandero,Final,2017,2020,1.6 16V SCe
PJ-0147,Renault,Logan,2ª geração,2013,2017,1.0 12V SCe
PJ-0147,Renault,Logan,2ª geração,2013,2017,1.6 16V Energy
PJ-0147,Renault,Logan,Final,2017,2021,1.0 12V SCe
PJ-0147,Renault,Logan,Final,2017,2021,1.6 16V SCe
PJ-0147,Renault,Duster,Facelift,2015,2019,1.6 16V SCe
PJ-0147,Renault,Duster,Facelift,2015,2019,2.0 16V
PJ-0147,Renault,Duster,2ª geração,2019,2021,1.6 16V SCe
PJ-0147,Renault,Duster,2ª geração,2019,2021,2.0 16V
PJ-0147,Renault,Duster,Atual,2021,2023,1.6 16V SCe
PJ-0147,Renault,Duster,Atual,2021,2023,2.0 16V
IB-0167,Hyundai,HB20,Lançamento,2012,2015,1.0 Kappa
IB-0167,Hyundai,HB20,Lançamento,2012,2015,1.6 Gamma
IB-0167,Hyundai,HB20,Facelift,2015,2019,1.0 Kappa
IB-0167,Hyundai,HB20,Facelift,2015,2019,1.6 Gamma
JG-0149,Hyundai,HB20,2ª geração,2019,2021,1.0 Kappa TGDI
JG-0149,Hyundai,HB20,2ª geração,2019,2021,1.6 Gamma
JG-0149,Hyundai,HB20,Atual,2021,2023,1.0 Kappa TGDI
JG-0149,Hyundai,HB20,Atual,2021,2023,1.6 Gamma
JG-0150,Toyota,Corolla,9ª geração,2003,2008,1.6 VVT-i
JG-0150,Toyota,Corolla,9ª geração,2003,2008,1.8 VVT-i
VG-0145,Toyota,Corolla,10ª geração,2008,2014,1.8 Dual VVT-i
VG-0145,Toyota,Corolla,10ª geração,2008,2014,2.0 Dual VVT-i
VG-0145,Toyota,Corolla,11ª geração,2014,2019,1.8 Dual VVT-i
VG-0145,Toyota,Corolla,11ª geração,2014,2019,2.0 Dual VVT-i
VG-0145,Toyota,Etios,Lançamento,2012,2015,1.3 Dual VVT-i
VG-0145,Toyota,Etios,Lançamento,2012,2015,1.5 Dual VVT-i
VG-0145,Toyota,Etios,Facelift,2015,2019,1.3 Dual VVT-i
VG-0145,Toyota,Etios,Facelift,2015,2019,1.5 Dual VVT-i
VG-0145,Toyota,Etios,2ª fase,2019,2021,1.5 Dual VVT-i
VG-0145,Toyota,Etios,Final,2021,2021,1.5 Dual VVT-i
IB-0168,Toyota,Corolla,12ª geração,2019,2023,2.0 Dynamic Force
IB-0168,Toyota,Corolla,12ª geração,2019,2023,1.8 Hybrid Dynamic Force
VG-0146,Honda,Civic,7ª geração,2001,2006,1.7 SOHC VTEC
AN-0166,Honda,Civic,8ª geração,2006,2011,1.8 SOHC i-VTEC
AN-0166,Honda,Civic,8ª geração,2006,2011,2.0 SOHC i-VTEC
AN-0166,Honda,Civic,9ª geração,2012,2016,1.8 SOHC i-VTEC
AN-0166,Honda,Civic,9ª geração,2012,2016,2.0 SOHC i-VTEC
AN-0166,Honda,Fit,2ª geração,2008,2014,1.4 SOHC i-VTEC
AN-0166,Honda,Fit,2ª geração,2008,2014,1.5 SOHC i-VTEC
AN-0167,Honda,Civic,10ª geração,2016,2021,2.0 Earth Dreams
AN-0167,Honda,Civic,10ª geração,2016,2021,1.5 Turbo Earth Dreams
AN-0167,Honda,Fit,3ª geração,2015,2020,1.5 Earth Dreams
AN-0167,Honda,Fit,Final,2020,2021,1.5 Earth Dreams
TT-0154,Honda,Fit,1ª geração,2003,2008,1.4 SOHC i-DSI
TT-0154,Honda,Fit,1ª geração,2003,2008,1.5 SOHC VTEC
JG-0151,Chevrolet,Spin,2ª fase,2019,2021,1.8 Family I
JG-0151,Chevrolet,Spin,Final,2021,2023,1.8 Family I
PJ-0148,Nissan,March,Lançamento,2011,2014,1.0 HR10DE
PJ-0148,Nissan,March,Lançamento,2011,2014,1.6 HR16DE
PJ-0148,Nissan,March,Facelift,2014,2017,1.0 HR10DE
PJ-0148,Nissan,March,Facelift,2014,2017,1.6 HR16DE
PJ-0148,Nissan,March,2ª fase,2017,2020,1.0 HR10DE
PJ-0148,Nissan,March,2ª fase,2017,2020,1.6 HR16DE
PJ-0148,Nissan,March,Final,2020,2022,1.6 HR16DE
PJ-0148,Nissan,Versa,Lançamento,2011,2014,1.6 HR16DE
PJ-0148,Nissan,Versa,Facelift,2014,2017,1.6 HR16DE
PJ-0148,Nissan,Versa,2ª fase,2017,2020,1.6 HR16DE
PJ-0148,Nissan,Versa,Atual,2020,2023,1.6 HR16DE
JG-0152,Peugeot,208,Lançamento,2013,2016,1.2 PureTech
JG-0152,Peugeot,208,Lançamento,2013,2016,1.6 THP
JG-0152,Peugeot,208,Facelift,2016,2019,1.2 PureTech
JG-0152,Peugeot,208,Facelift,2016,2019,1.6 THP
JG-0152,Peugeot,208,2ª fase,2019,2021,1.6 THP
JG-0152,Peugeot,208,Atual,2021,2023,1.6 THP
PJ-0149,Citroën,C3,1ª geração BR,2003,2006,1.4 TU3
PJ-0149,Citroën,C3,1ª geração BR,2003,2006,1.6 TU5
PJ-0149,Citroën,C3,2ª geração BR,2006,2012,1.4 TU3
PJ-0149,Citroën,C3,2ª geração BR,2006,2012,1.6 16V
PJ-0150,Citroën,C3,3ª geração,2012,2017,1.5 8V
PJ-0150,Citroën,C3,3ª geração,2012,2017,1.6 16V
PJ-0150,Citroën,C3,Atual,2017,2023,1.6 PureTech
IB-0169,Ford,Ka,Nova geração,2014,2017,1.0 Ti-VCT Dragon
IB-0169,Ford,Ka,Facelift atual,2017,2021,1.0 Ti-VCT Dragon
AN-0168,Chevrolet,Celta,2ª geração,2006,2011,1.4 8V VHCE Flexpower
AN-0168,Chevrolet,Celta,Final,2011,2016,1.4 8V VHCE Flexpower
AN-0168,Chevrolet,Corsa,Final,2007,2012,1.4 8V VHCE Flexpower
AN-0168,Chevrolet,Classic,Facelift 2,2010,2014,1.4 8V VHCE Flexpower
AN-0168,Chevrolet,Classic,Final,2014,2016,1.4 8V VHCE Flexpower
AN-0168,Chevrolet,Prisma,1ª geração,2006,2013,1.4 8V VHCE Flexpower
AN-0169,Peugeot,208,Lançamento,2013,2016,1.6 THP
AN-0169,Peugeot,208,Facelift,2016,2019,1.6 THP
AN-0169,Peugeot,208,2ª fase,2019,2021,1.6 THP
AN-0169,Peugeot,208,Atual,2021,2023,1.6 THP
VG-0147,Honda,Civic,8ª geração,2006,2011,1.8 SOHC i-VTEC
VG-0147,Honda,Civic,9ª geração,2012,2016,1.8 SOHC i-VTEC
IB-0170,Honda,Civic,8ª geração,2006,2011,2.0 SOHC i-VTEC
IB-0170,Honda,Civic,9ª geração,2012,2016,2.0 SOHC i-VTEC
JG-0153,Renault,Duster,1ª geração,2011,2015,2.0 16V
JG-0153,Renault,Duster,Facelift,2015,2019,2.0 16V
JG-0153,Renault,Duster,2ª geração,2019,2021,2.0 16V
JG-0153,Renault,Duster,Atual,2021,2023,2.0 16V
TT-0155,Volkswagen,Up!,Lançamento,2014,2016,1.0 12V TSI EA111
TT-0155,Volkswagen,Up!,Facelift,2016,2019,1.0 12V TSI EA111
VG-0148,Volkswagen,Polo,Novo Polo,2017,2020,1.0 12V TSI EA211
VG-0148,Volkswagen,Polo,Atual,2020,2023,1.0 12V TSI EA211
VG-0148,Volkswagen,Up!,2ª fase,2019,2021,1.0 12V TSI EA211
VG-0148,Volkswagen,Up!,Final,2021,2023,1.0 12V TSI EA211
VG-0149,Renault,Sandero,Final,2017,2020,1.6 16V SCe
VG-0149,Renault,Logan,Final,2017,2021,1.6 16V SCe
VG-0149,Renault,Duster,Facelift,2015,2019,1.6 16V SCe
VG-0149,Renault,Duster,2ª geração,2019,2021,1.6 16V SCe
VG-0149,Renault,Duster,Atual,2021,2023,1.6 16V SCe
VG-0150,Toyota,Corolla,12ª geração,2019,2023,2.0 Dynamic Force
IB-0171,Fiat,Strada,Atual,2020,2023,1.4 Firefly Turbo
AN-0170,Renault,Sandero,1ª geração,2007,2011,1.6 16V Energy
AN-0170,Renault,Sandero,Facelift,2011,2014,1.6 16V Energy
AN-0170,Renault,Sandero,2ª geração,2014,2017,1.6 16V Energy
AN-0170,Renault,Logan,1ª geração,2007,2011,1.6 16V Energy
AN-0170,Renault,Logan,Facelift,2011,2013,1.6 16V Energy
AN-0170,Renault,Logan,2ª geração,2013,2017,1.6 16V Energy
AN-0170,Renault,Duster,1ª geração,2011,2015,1.6 16V Energy
VG-0151,Fiat,Palio,3ª geração,2004,2011,1.8 8V
VG-0151,Fiat,Siena,3ª geração,2004,2012,1.8 8V
VG-0151,Fiat,Strada,2ª geração,2004,2012,1.8 8V
VG-0151,Fiat,Punto,Lançamento,2007,2009,1.8 8V
PJ-0151,Hyundai,HB20,2ª geração,2019,2021,1.0 Kappa TGDI
PJ-0151,Hyundai,HB20,Atual,2021,2023,1.0 Kappa TGDI
AN-0171,Ford,EcoSport,Final,2017,2021,2.0 Ti-VCT AWD
AN-0172,Honda,Civic,10ª geração,2016,2021,2.0 Earth Dreams
AN-0173,Honda,Fit,2ª geração,2008,2014,1.5 SOHC i-VTEC
PJ-0152,Citroën,C3,Atual,2017,2023,1.6 PureTech
PJ-0153,Ford,EcoSport,Facelift,2007,2012,2.0 Duratec
VG-0152,Ford,EcoSport,1ª geração,2003,2007,2.0 Zetec
PJ-0154,Citroën,C3,1ª geração BR,2003,2006,1.4 TU3
PJ-0154,Citroën,C3,2ª geração BR,2006,2012,1.4 TU3
IB-0172,Toyota,Etios,Lançamento,2012,2015,1.5 Dual VVT-i
IB-0172,Toyota,Etios,Facelift,2015,2019,1.5 Dual VVT-i
IB-0172,Toyota,Etios,2ª fase,2019,2021,1.5 Dual VVT-i
IB-0172,Toyota,Etios,Final,2021,2021,1.5 Dual VVT-i
IB-0173,Honda,Fit,1ª geração,2003,2008,1.4 SOHC i-DSI
JG-0154,Chevrolet,Celta,1ª geração,2000,2003,1.4 8V VHC
JG-0154,Chevrolet,Celta,Facelift,2003,2006,1.4 8V VHC
JG-0154,Chevrolet,Corsa,Facelift,2002,2007,1.4 8V VHC
JG-0154,Chevrolet,Classic,Lançamento,2003,2005,1.4 8V VHC
JG-0154,Chevrolet,Classic,Facelift 1,2005,2010,1.4 8V VHC
TT-0156,Ford,Ka,1ª geração,1997,2000,1.3 Zetec Rocam
VG-0153,Hyundai,HB20,Lançamento,2012,2015,1.6 Gamma
VG-0153,Hyundai,HB20,Facelift,2015,2019,1.6 Gamma
VG-0153,Hyundai,HB20,2ª geração,2019,2021,1.6 Gamma
VG-0153,Hyundai,HB20,Atual,2021,2023,1.6 Gamma
VG-0154,Fiat,Palio,Facelift,2001,2004,1.5 8V
VG-0154,Fiat,Uno,Mille,2004,2010,1.5 8V
VG-0154,Fiat,Siena,1ª geração,1996,2001,1.5 8V
VG-0154,Fiat,Strada,1ª geração,1998,2004,1.5 8V
TT-0157,Honda,Civic,7ª geração,2001,2006,1.7 SOHC VTEC
JG-0155,Volkswagen,Gol,G4,2006,2008,1.6 8V EA111
JG-0155,Volkswagen,Gol,G5,2008,2012,1.6 8V EA111
JG-0155,Volkswagen,Fox,1ª geração,2003,2009,1.6 8V EA111
JG-0155,Volkswagen,Voyage,1ª geração,2008,2012,1.6 8V EA111
JG-0155,Volkswagen,Saveiro,G5,2009,2013,1.6 8V EA111
JG-0155,Volkswagen,Polo,1ª geração BR,2002,2007,1.6 8V EA111
JG-0155,Volkswagen,Polo,2ª geração BR,2007,2014,1.6 8V EA111
JG-0156,Chevrolet,Corsa,1ª geração,1994,2000,1.6 8V VHC
JG-0156,Chevrolet,Corsa,2ª geração,2000,2002,1.6 8V VHC
VG-0155,Honda,Civic,10ª geração,2016,2021,2.0 Earth Dreams
TT-0158,Renault,Sandero,1ª geração,2007,2011,1.0 16V Energy
TT-0158,Renault,Sandero,Facelift,2011,2014,1.0 16V Energy
TT-0158,Renault,Logan,1ª geração,2007,2011,1.0 16V Energy
TT-0158,Renault,Logan,Facelift,2011,2013,1.0 16V Energy
JG-0157,Volkswagen,Polo,Novo Polo,2017,2020,1.0 12V TSI EA211
JG-0157,Volkswagen,Polo,Atual,2020,2023,1.0 12V TSI EA211
JG-0157,Volkswagen,Up!,2ª fase,2019,2021,1.0 12V TSI EA211
JG-0157,Volkswagen,Up!,Final,2021,2023,1.0 12V TSI EA211
TT-0159,Volkswagen,Up!,Lançamento,2014,2016,1.0 12V TSI EA111
TT-0159,Volkswagen,Up!,Facelift,2016,2019,1.0 12V TSI EA111
JG-0158,Chevrolet,Celta,1ª geração,2000,2003,1.0 8V VHC
JG-0158,Chevrolet,Celta,Facelift,2003,2006,1.0 8V VHC
JG-0158,Chevrolet,Corsa,1ª geração,1994,2000,1.0 8V VHC
JG-0158,Chevrolet,Corsa,2ª geração,2000,2002,1.0 8V VHC
JG-0158,Chevrolet,Corsa,Facelift,2002,2007,1.0 8V VHC
JG-0158,Chevrolet,Classic,Lançamento,2003,2005,1.0 8V VHC
JG-0158,Chevrolet,Classic,Facelift 1,2005,2010,1.0 8V VHC
PJ-0155,Nissan,March,Lançamento,2011,2014,1.6 HR16DE
PJ-0155,Nissan,March,Facelift,2014,2017,1.6 HR16DE
PJ-0155,Nissan,March,2ª fase,2017,2020,1.6 HR16DE
PJ-0155,Nissan,March,Final,2020,2022,1.6 HR16DE
PJ-0155,Nissan,Versa,Lançamento,2011,2014,1.6 HR16DE
PJ-0155,Nissan,Versa,Facelift,2014,2017,1.6 HR16DE
PJ-0155,Nissan,Versa,2ª fase,2017,2020,1.6 HR16DE
PJ-0155,Nissan,Versa,Atual,2020,2023,1.6 HR16DE
IB-0174,Fiat,Punto,Facelift 2,2012,2015,1.6 E.torQ
IB-0174,Fiat,Punto,Final,2015,2017,1.6 E.torQ
TT-0160,Ford,Fiesta,Nova geração,2013,2017,1.0 EcoBoost
TT-0160,Ford,Fiesta,Final,2017,2019,1.0 EcoBoost
VG-0156,Renault,Sandero,2ª geração,2014,2017,1.0 12V SCe
VG-0156,Renault,Sandero,Final,2017,2020,1.0 12V SCe
VG-0156,Renault,Logan,2ª geração,2013,2017,1.0 12V SCe
VG-0156,Renault,Logan,Final,2017,2021,1.0 12V SCe
VG-0157,Volkswagen,Gol,G4,2006,2008,1.0 8V EA111
VG-0157,Volkswagen,Gol,G5,2008,2012,1.0 8V EA111
VG-0157,Volkswagen,Fox,1ª geração,2003,2009,1.0 8V EA111
VG-0157,Volkswagen,Fox,2ª geração,2009,2014,1.0 8V EA111
VG-0157,Volkswagen,Voyage,1ª geração,2008,2012,1.0 8V EA111
VG-0158,Nissan,March,Lançamento,2011,2014,1.0 HR10DE
VG-0158,Nissan,March,Facelift,2014,2017,1.0 HR10DE
VG-0158,Nissan,March,2ª fase,2017,2020,1.0 HR10DE
VG-0159,Honda,Civic,10ª geração,2016,2021,2.0 Earth Dreams
AN-0174,Ford,Fiesta,Nova geração,2013,2017,1.6 Ti-VCT
AN-0174,Ford,Fiesta,Final,2017,2019,1.6 Ti-VCT
AN-0174,Ford,EcoSport,2ª geração,2012,2017,1.6 Ti-VCT
IB-0175,Honda,Fit,1ª geração,2003,2008,1.5 SOHC VTEC
TT-0161,Ford,Ka,Facelift,2000,2007,1.6 Zetec Rocam
TT-0161,Ford,Fiesta,1ª geração BR,2002,2005,1.6 Zetec Rocam
TT-0161,Ford,Fiesta,2ª geração BR,2005,2012,1.6 Zetec Rocam
TT-0161,Ford,EcoSport,1ª geração,2003,2007,1.6 Zetec Rocam
TT-0161,Ford,EcoSport,Facelift,2007,2012,1.6 Zetec Rocam
VG-0160,Fiat,Palio,Atual,2012,2017,1.0 Fire Evo
VG-0160,Fiat,Uno,Novo Uno 2ª,2014,2021,1.0 Fire Evo
VG-0160,Fiat,Siena,Atual,2012,2016,1.0 Fire Evo
IB-0176,Chevrolet,Celta,2ª geração,2006,2011,1.0 8V VHCE
IB-0176,Chevrolet,Celta,Final,2011,2016,1.0 8V VHCE
IB-0176,Chevrolet,Corsa,Final,2007,2012,1.0 8V VHCE
IB-0176,Chevrolet,Prisma,1ª geração,2006,2013,1.0 8V VHCE
JG-0159,Honda,Civic,10ª geração,2016,2021,1.5 Turbo Earth Dreams
TT-0162,Volkswagen,Gol,G4,2006,2008,1.6 8V EA111
TT-0162,Volkswagen,Gol,G5,2008,2012,1.6 8V EA111
TT-0162,Volkswagen,Fox,1ª geração,2003,2009,1.6 8V EA111
TT-0162,Volkswagen,Voyage,1ª geração,2008,2012,1.6 8V EA111
TT-0162,Volkswagen,Saveiro,G5,2009,2013,1.6 8V EA111
TT-0162,Volkswagen,Polo,1ª geração BR,2002,2007,1.6 8V EA111
TT-0162,Volkswagen,Polo,2ª geração BR,2007,2014,1.6 8V EA111
AN-0175,Ford,Ka,Nova geração,2014,2017,1.0 Ti-VCT Dragon
AN-0175,Ford,Ka,Facelift atual,2017,2021,1.0 Ti-VCT Dragon
TT-0163,Ford,EcoSport,Final,2017,2021,1.5 Ti-VCT
IB-0177,Volkswagen,Saveiro,G7,2016,2021,1.6 20V TSI EA211
IB-0177,Volkswagen,Saveiro,Atual,2021,2023,1.6 20V TSI EA211
TT-0164,Ford,EcoSport,Facelift,2007,2012,2.0 Duratec
JG-0160,Volkswagen,Gol,G4,2006,2008,1.0 8V EA111
JG-0160,Volkswagen,Gol,G5,2008,2012,1.0 8V EA111
JG-0160,Volkswagen,Fox,1ª geração,2003,2009,1.0 8V EA111
JG-0160,Volkswagen,Fox,2ª geração,2009,2014,1.0 8V EA111
JG-0160,Volkswagen,Voyage,1ª geração,2008,2012,1.0 8V EA111
PJ-0156,Fiat,Mobi,Facelift 2,2020,2022,1.0 Firefly Turbo
PJ-0156,Fiat,Mobi,Atual,2022,2023,1.0 Firefly Turbo
AN-0176,Fiat,Palio,3ª geração,2004,2011,1.8 8V
AN-0176,Fiat,Siena,3ª geração,2004,2012,1.8 8V
AN-0176,Fiat,Strada,2ª geração,2004,2012,1.8 8V
AN-0176,Fiat,Punto,Lançamento,2007,2009,1.8 8V
AN-0177,Volkswagen,Polo,2ª geração BR,2007,2014,2.0 8V EA111
AN-0178,Fiat,Palio,3ª geração,2004,2011,1.4 8V Fire
AN-0178,Fiat,Uno,Novo Uno 1ª,2010,2014,1.4 8V Fire
AN-0178,Fiat,Siena,2ª geração,2001,2004,1.4 8V Fire
AN-0178,Fiat,Siena,3ª geração,2004,2012,1.4 8V Fire
AN-0178,Fiat,Strada,2ª geração,2004,2012,1.4 8V Fire
AN-0178,Fiat,Punto,Lançamento,2007,2009,1.4 8V Fire
AN-0178,Fiat,Punto,Facelift 1,2009,2012,1.4 8V Fire
AN-0179,Honda,Fit,2ª geração,2008,2014,1.4 SOHC i-VTEC
IB-0178,Renault,Sandero,2ª geração,2014,2017,1.0 12V SCe
IB-0178,Renault,Sandero,Final,2017,2020,1.0 12V SCe
IB-0178,Renault,Logan,2ª geração,2013,2017,1.0 12V SCe
IB-0178,Renault,Logan,Final,2017,2021,1.0 12V SCe
TT-0165,Citroën,C3,Atual,2017,2023,1.6 PureTech
AN-0180,Volkswagen,Gol,G6,2012,2016,1.6 16V MSI EA111
AN-0180,Volkswagen,Fox,Facelift,2014,2017,1.6 16V MSI EA111
AN-0180,Volkswagen,Voyage,2ª geração,2012,2016,1.6 16V MSI EA111
AN-0180,Volkswagen,Voyage,Facelift,2016,2019,1.6 16V MSI EA111
AN-0180,Volkswagen,Saveiro,G6,2013,2016,1.6 16V MSI EA111
PJ-0157,Ford,Fiesta,Nova geração,2013,2017,1.0 EcoBoost
PJ-0157,Ford,Fiesta,Final,2017,2019,1.0 EcoBoost
AN-0181,Fiat,Palio,Facelift,2001,2004,1.5 8V
AN-0181,Fiat,Uno,Mille,2004,2010,1.5 8V
AN-0181,Fiat,Siena,1ª geração,1996,2001,1.5 8V
AN-0181,Fiat,Strada,1ª geração,1998,2004,1.5 8V
IB-0179,Chevrolet,Onix,1ª geração,2012,2015,1.0 SPE4
IB-0179,Chevrolet,Onix,Facelift,2015,2019,1.0 SPE4
IB-0179,Chevrolet,Prisma,2ª geração,2013,2016,1.0 SPE4
IB-0179,Chevrolet,Prisma,Facelift,2016,2019,1.0 SPE4
IB-0179,Chevrolet,Prisma,Final,2019,2021,1.0 SPE4
AN-0182,Honda,Fit,2ª geração,2008,2014,1.4 SOHC i-VTEC
VG-0161,Volkswagen,Gol,G4,2006,2008,1.0 8V EA111
VG-0161,Volkswagen,Gol,G5,2008,2012,1.0 8V EA111
VG-0161,Volkswagen,Fox,1ª geração,2003,2009,1.0 8V EA111
VG-0161,Volkswagen,Fox,2ª geração,2009,2014,1.0 8V EA111
VG-0161,Volkswagen,Voyage,1ª geração,2008,2012,1.0 8V EA111
AN-0183,Honda,Civic,7ª geração,2001,2006,1.7 SOHC VTEC
JG-0161,Chevrolet,Celta,2ª geração,2006,2011,1.0 8V VHCE
JG-0161,Chevrolet,Celta,Final,2011,2016,1.0 8V VHCE
JG-0161,Chevrolet,Corsa,Final,2007,2012,1.0 8V VHCE
JG-0161,Chevrolet,Prisma,1ª geração,2006,2013,1.0 8V VHCE
JG-0162,Honda,Civic,10ª geração,2016,2021,1.5 Turbo Earth Dreams
IB-0180,Toyota,Corolla,10ª geração,2008,2014,2.0 Dual VVT-i
IB-0180,Toyota,Corolla,11ª geração,2014,2019,2.0 Dual VVT-i
VG-0162,Chevrolet,Corsa,Facelift,2002,2007,1.8 8V
AN-0184,Volkswagen,Polo,Novo Polo,2017,2020,1.0 12V TSI EA211
AN-0184,Volkswagen,Polo,Atual,2020,2023,1.0 12V TSI EA211
AN-0184,Volkswagen,Up!,2ª fase,2019,2021,1.0 12V TSI EA211
AN-0184,Volkswagen,Up!,Final,2021,2023,1.0 12V TSI EA211
TT-0166,Toyota,Corolla,10ª geração,2008,2014,1.8 Dual VVT-i
TT-0166,Toyota,Corolla,11ª geração,2014,2019,1.8 Dual VVT-i
IB-0181,Citroën,C3,2ª geração BR,2006,2012,1.6 16V
IB-0181,Citroën,C3,3ª geração,2012,2017,1.6 16V
JG-0163,Renault,Sandero,Final,2017,2020,1.6 16V SCe
JG-0163,Renault,Logan,Final,2017,2021,1.6 16V SCe
JG-0163,Renault,Duster,Facelift,2015,2019,1.6 16V SCe
JG-0163,Renault,Duster,2ª geração,2019,2021,1.6 16V SCe
JG-0163,Renault,Duster,Atual,2021,2023,1.6 16V SCe
AN-0185,Honda,Civic,8ª geração,2006,2011,2.0 SOHC i-VTEC
AN-0185,Honda,Civic,9ª geração,2012,2016,2.0 SOHC i-VTEC
PJ-0158,Nissan,March,Lançamento,2011,2014,1.0 HR10DE
PJ-0158,Nissan,March,Facelift,2014,2017,1.0 HR10DE
PJ-0158,Nissan,March,2ª fase,2017,2020,1.0 HR10DE
JG-0164,Volkswagen,Saveiro,G7,2016,2021,1.6 20V TSI EA211
JG-0164,Volkswagen,Saveiro,Atual,2021,2023,1.6 20V TSI EA211
JG-0165,Fiat,Strada,3ª geração,2013,2020,1.8 E.torQ
JG-0165,Fiat,Punto,Facelift 1,2009,2012,1.8 E.torQ
PJ-0159,Volkswagen,Gol,G4,2006,2008,1.0 8V EA111
PJ-0159,Volkswagen,Gol,G4,2006,2008,1.6 8V EA111
PJ-0159,Volkswagen,Gol,G5,2008,2012,1.0 8V EA111
PJ-0159,Volkswagen,Gol,G5,2008,2012,1.6 8V EA111
PJ-0159,Volkswagen,Gol,G5,2008,2012,1.6 16V EA111
PJ-0159,Volkswagen,Gol,G6,2012,2016,1.0 12V MPI EA111
PJ-0159,Volkswagen,Gol,G6,2012,2016,1.6 16V MSI EA111
PJ-0159,Volkswagen,Fox,1ª geração,2003,2009,1.0 8V EA111
PJ-0159,Volkswagen,Fox,1ª geração,2003,2009,1.6 8V EA111
PJ-0159,Volkswagen,Fox,2ª geração,2009,2014,1.0 8V EA111
PJ-0159,Volkswagen,Fox,2ª geração,2009,2014,1.6 16V EA111
PJ-0159,Volkswagen,Fox,Facelift,2014,2017,1.0 12V MPI EA111
PJ-0159,Volkswagen,Fox,Facelift,2014,2017,1.6 16V MSI EA111
PJ-0159,Volkswagen,Voyage,1ª geração,2008,2012,1.0 8V EA111
PJ-0159,Volkswagen,Voyage,1ª geração,2008,2012,1.6 8V EA111
PJ-0159,Volkswagen,Voyage,2ª geração,2012,2016,1.0 12V MPI EA111
PJ-0159,Volkswagen,Voyage,2ª geração,2012,2016,1.6 16V MSI EA111
PJ-0159,Volkswagen,Voyage,Facelift,2016,2019,1.0 12V MPI EA111
PJ-0159,Volkswagen,Voyage,Facelift,2016,2019,1.6 16V MSI EA111
PJ-0159,Volkswagen,Saveiro,G5,2009,2013,1.6 8V EA111
PJ-0159,Volkswagen,Saveiro,G5,2009,2013,1.6 16V EA111
PJ-0159,Volkswagen,Saveiro,G6,2013,2016,1.0 12V MPI EA111
PJ-0159,Volkswagen,Saveiro,G6,2013,2016,1.6 16V MSI EA111
PJ-0159,Volkswagen,Polo,1ª geração BR,2002,2007,1.6 8V EA111
PJ-0159,Volkswagen,Polo,1ª geração BR,2002,2007,1.8 20V Turbo EA111
PJ-0159,Volkswagen,Polo,2ª geração BR,2007,2014,1.6 8V EA111
PJ-0159,Volkswagen,Polo,2ª geração BR,2007,2014,2.0 8V EA111
PJ-0159,Volkswagen,Up!,Lançamento,2014,2016,1.0 12V MPI EA111
PJ-0159,Volkswagen,Up!,Lançamento,2014,2016,1.0 12V TSI EA111
PJ-0159,Volkswagen,Up!,Facelift,2016,2019,1.0 12V MPI EA111
PJ-0159,Volkswagen,Up!,Facelift,2016,2019,1.0 12V TSI EA111
JG-0166,Volkswagen,Gol,G7/G8,2016,2023,1.0 12V MPI EA211
JG-0166,Volkswagen,Gol,G7/G8,2016,2023,1.6 16V MSI EA211
JG-0166,Volkswagen,Fox,Final,2017,2021,1.0 12V MPI EA211
JG-0166,Volkswagen,Fox,Final,2017,2021,1.6 16V MSI EA211
JG-0166,Volkswagen,Voyage,Final,2019,2023,1.0 12V MPI EA211
JG-0166,Volkswagen,Voyage,Final,2019,2023,1.6 16V MSI EA211
JG-0166,Volkswagen,Saveiro,G7,2016,2021,1.6 16V MSI EA211
JG-0166,Volkswagen,Saveiro,G7,2016,2021,1.6 20V TSI EA211
JG-0166,Volkswagen,Saveiro,Atual,2021,2023,1.6 16V MSI EA211
JG-0166,Volkswagen,Saveiro,Atual,2021,2023,1.6 20V TSI EA211
JG-0166,Volkswagen,Polo,Novo Polo,2017,2020,1.0 12V MPI EA211
JG-0166,Volkswagen,Polo,Novo Polo,2017,2020,1.0 12V TSI EA211
JG-0166,Volkswagen,Polo,Novo Polo,2017,2020,1.6 16V MSI EA211
JG-0166,Volkswagen,Polo,Atual,2020,2023,1.0 12V TSI EA211
JG-0166,Volkswagen,Polo,Atual,2020,2023,1.6 16V MSI EA211
JG-0166,Volkswagen,Up!,2ª fase,2019,2021,1.0 12V MPI EA211
JG-0166,Volkswagen,Up!,2ª fase,2019,2021,1.0 12V TSI EA211
JG-0166,Volkswagen,Up!,Final,2021,2023,1.0 12V TSI EA211
VG-0163,Fiat,Palio,2ª geração,1996,2000,1.0 8V Fire
VG-0163,Fiat,Palio,2ª geração,1996,2000,1.6 16V
VG-0163,Fiat,Palio,Facelift,2001,2004,1.0 8V Fire
VG-0163,Fiat,Palio,Facelift,2001,2004,1.5 8V
VG-0163,Fiat,Palio,3ª geração,2004,2011,1.0 8V Fire
VG-0163,Fiat,Palio,3ª geração,2004,2011,1.4 8V Fire
VG-0163,Fiat,Palio,3ª geração,2004,2011,1.8 8V
VG-0163,Fiat,Uno,Mille,2004,2010,1.0 8V Fire
VG-0163,Fiat,Uno,Mille,2004,2010,1.5 8V
VG-0163,Fiat,Uno,Novo Uno 1ª,2010,2014,1.0 8V Fire
VG-0163,Fiat,Uno,Novo Uno 1ª,2010,2014,1.4 8V Fire
VG-0163,Fiat,Siena,1ª geração,1996,2001,1.0 8V Fire
VG-0163,Fiat,Siena,1ª geração,1996,2001,1.5 8V
VG-0163,Fiat,Siena,2ª geração,2001,2004,1.0 8V Fire
VG-0163,Fiat,Siena,2ª geração,2001,2004,1.4 8V Fire
VG-0163,Fiat,Siena,3ª geração,2004,2012,1.0 8V Fire
VG-0163,Fiat,Siena,3ª geração,2004,2012,1.4 8V Fire
VG-0163,Fiat,Siena,3ª geração,2004,2012,1.8 8V
VG-0163,Fiat,Strada,1ª geração,1998,2004,1.5 8V
VG-0163,Fiat,Strada,1ª geração,1998,2004,1.6 8V
VG-0163,Fiat,Strada,2ª geração,2004,2012,1.4 8V Fire
VG-0163,Fiat,Strada,2ª geração,2004,2012,1.8 8V
VG-0163,Fiat,Punto,Lançamento,2007,2009,1.4 8V Fire
VG-0163,Fiat,Punto,Lançamento,2007,2009,1.8 8V
VG-0163,Fiat,Punto,Facelift 1,2009,2012,1.4 8V Fire
VG-0163,Fiat,Punto,Facelift 1,2009,2012,1.8 E.torQ
VG-0164,Fiat,Palio,Atual,2012,2017,1.0 Fire Evo
VG-0164,Fiat,Palio,Atual,2012,2017,1.4 Fire Evo
VG-0164,Fiat,Uno,Novo Uno 2ª,2014,2021,1.0 Fire Evo
VG-0164,Fiat,Uno,Novo Uno 2ª,2014,2021,1.3 Firefly
VG-0164,Fiat,Siena,Atual,2012,2016,1.0 Fire Evo
VG-0164,Fiat,Siena,Atual,2012,2016,1.4 Fire Evo
VG-0164,Fiat,Strada,3ª geração,2013,2020,1.4 Fire Evo
VG-0164,Fiat,Strada,3ª geração,2013,2020,1.8 E.torQ
VG-0164,Fiat,Punto,Facelift 2,2012,2015,1.4 Fire Evo
VG-0164,Fiat,Punto,Facelift 2,2012,2015,1.6 E.torQ
VG-0164,Fiat,Punto,Final,2015,2017,1.4 Fire Evo
VG-0164,Fiat,Punto,Final,2015,2017,1.6 E.torQ
VG-0165,Fiat,Uno,Atual,2021,2023,1.0 Firefly
VG-0165,Fiat,Uno,Atual,2021,2023,1.3 Firefly
VG-0165,Fiat,Strada,Atual,2020,2023,1.3 Firefly
VG-0165,Fiat,Strada,Atual,2020,2023,1.4 Firefly Turbo
VG-0165,Fiat,Mobi,Lançamento,2016,2018,1.0 Firefly
VG-0165,Fiat,Mobi,Facelift 1,2018,2020,1.0 Firefly
VG-0165,Fiat,Mobi,Facelift 2,2020,2022,1.0 Firefly
VG-0165,Fiat,Mobi,Facelift 2,2020,2022,1.0 Firefly Turbo
VG-0165,Fiat,Mobi,Atual,2022,2023,1.0 Firefly
VG-0165,Fiat,Mobi,Atual,2022,2023,1.0 Firefly Turbo
AN-0186,Chevrolet,Celta,1ª geração,2000,2003,1.0 8V VHC
AN-0186,Chevrolet,Celta,1ª geração,2000,2003,1.4 8V VHC
AN-0186,Chevrolet,Celta,Facelift,2003,2006,1.0 8V VHC
AN-0186,Chevrolet,Celta,Facelift,2003,2006,1.4 8V VHC
AN-0186,Chevrolet,Corsa,1ª geração,1994,2000,1.0 8V VHC
AN-0186,Chevrolet,Corsa,1ª geração,1994,2000,1.6 8V VHC
AN-0186,Chevrolet,Corsa,2ª geração,2000,2002,1.0 8V VHC
AN-0186,Chevrolet,Corsa,2ª geração,2000,2002,1.6 8V VHC
AN-0186,Chevrolet,Corsa,Facelift,2002,2007,1.0 8V VHC
AN-0186,Chevrolet,Corsa,Facelift,2002,2007,1.4 8V VHC
AN-0186,Chevrolet,Corsa,Facelift,2002,2007,1.8 8V
AN-0186,Chevrolet,Classic,Lançamento,2003,2005,1.0 8V VHC
AN-0186,Chevrolet,Classic,Lançamento,2003,2005,1.4 8V VHC
AN-0186,Chevrolet,Classic,Facelift 1,2005,2010,1.0 8V VHC
AN-0186,Chevrolet,Classic,Facelift 1,2005,2010,1.4 8V VHC
JG-0167,Chevrolet,Celta,2ª geração,2006,2011,1.0 8V VHCE
JG-0167,Chevrolet,Celta,2ª geração,2006,2011,1.4 8V VHCE Flexpower
JG-0167,Chevrolet,Celta,Final,2011,2016,1.0 8V VHCE
JG-0167,Chevrolet,Celta,Final,2011,2016,1.4 8V VHCE Flexpower
JG-0167,Chevrolet,Corsa,Final,2007,2012,1.0 8V VHCE
JG-0167,Chevrolet,Corsa,Final,2007,2012,1.4 8V VHCE Flexpower
JG-0167,Chevrolet,Classic,Facelift 2,2010,2014,1.0 8V VHCE Economy
JG-0167,Chevrolet,Classic,Facelift 2,2010,2014,1.4 8V VHCE Flexpower
JG-0167,Chevrolet,Classic,Final,2014,2016,1.0 8V VHCE Economy
JG-0167,Chevrolet,Classic,Final,2014,2016,1.4 8V VHCE Flexpower
JG-0167,Chevrolet,Prisma,1ª geração,2006,2013,1.0 8V VHCE
JG-0167,Chevrolet,Prisma,1ª geração,2006,2013,1.4 8V VHCE Flexpower
VG-0166,Chevrolet,Onix,1ª geração,2012,2015,1.0 SPE4
VG-0166,Chevrolet,Onix,1ª geração,2012,2015,1.4 SPE4
VG-0166,Chevrolet,Onix,Facelift,2015,2019,1.0 SPE4
VG-0166,Chevrolet,Onix,Facelift,2015,2019,1.4 SPE4
VG-0166,Chevrolet,Prisma,2ª geração,2013,2016,1.0 SPE4
VG-0166,Chevrolet,Prisma,2ª geração,2013,2016,1.4 SPE4
VG-0166,Chevrolet,Prisma,Facelift,2016,2019,1.0 SPE4
VG-0166,Chevrolet,Prisma,Facelift,2016,2019,1.4 SPE4
VG-0166,Chevrolet,Prisma,Final,2019,2021,1.0 SPE4
VG-0166,Chevrolet,Prisma,Final,2019,2021,1.4 SPE4
VG-0166,Chevrolet,Spin,Lançamento,2012,2016,1.8 SPE4
VG-0166,Chevrolet,Spin,Facelift,2016,2019,1.8 SPE4
VG-0166,Chevrolet,Spin,Facelift,2016,2019,1.8 SPE4 Flexpower
JG-0168,Chevrolet,Onix,2ª geração,2019,2022,1.0 Turbo Family 0
JG-0168,Chevrolet,Onix,2ª geração,2019,2022,1.0 Aspirado Family 0
JG-0168,Chevrolet,Onix,Atual,2022,2023,1.0 Turbo Family 0
JG-0168,Chevrolet,Onix,Atual,2022,2023,1.0 Aspirado Family 0
TT-0167,Ford,Ka,1ª geração,1997,2000,1.0 Zetec Rocam
TT-0167,Ford,Ka,1ª geração,1997,2000,1.3 Zetec Rocam
TT-0167,Ford,Ka,Facelift,2000,2007,1.0 Zetec Rocam
TT-0167,Ford,Ka,Facelift,2000,2007,1.6 Zetec Rocam
TT-0167,Ford,Fiesta,1ª geração BR,2002,2005,1.0 Zetec Rocam
TT-0167,Ford,Fiesta,1ª geração BR,2002,2005,1.6 Zetec Rocam
TT-0167,Ford,Fiesta,2ª geração BR,2005,2012,1.0 Zetec Rocam
TT-0167,Ford,Fiesta,2ª geração BR,2005,2012,1.6 Zetec Rocam
TT-0167,Ford,EcoSport,1ª geração,2003,2007,1.6 Zetec Rocam
TT-0167,Ford,EcoSport,1ª geração,2003,2007,2.0 Zetec
TT-0167,Ford,EcoSport,Facelift,2007,2012,1.6 Zetec Rocam
TT-0167,Ford,EcoSport,Facelift,2007,2012,2.0 Duratec
TT-0168,Ford,Ka,Nova geração,2014,2017,1.0 Ti-VCT Dragon
TT-0168,Ford,Ka,Nova geração,2014,2017,1.5 Ti-VCT Dragon
TT-0168,Ford,Ka,Facelift atual,2017,2021,1.0 Ti-VCT Dragon
TT-0168,Ford,Ka,Facelift atual,2017,2021,1.5 Ti-VCT Dragon
VG-0167,Ford,Fiesta,Nova geração,2013,2017,1.6 Ti-VCT
VG-0167,Ford,Fiesta,Nova geração,2013,2017,1.0 EcoBoost
VG-0167,Ford,Fiesta,Final,2017,2019,1.6 Ti-VCT
VG-0167,Ford,Fiesta,Final,2017,2019,1.0 EcoBoost
VG-0167,Ford,EcoSport,2ª geração,2012,2017,1.6 Ti-VCT
VG-0167,Ford,EcoSport,2ª geração,2012,2017,2.0 Ti-VCT
VG-0167,Ford,EcoSport,Final,2017,2021,1.5 Ti-VCT
VG-0167,Ford,EcoSport,Final,2017,2021,2.0 Ti-VCT AWD
TT-0169,Renault,Sandero,1ª geração,2007,2011,1.0 16V Energy
TT-0169,Renault,Sandero,1ª geração,2007,2011,1.6 16V Energy
TT-0169,Renault,Sandero,Facelift,2011,2014,1.0 16V Energy
TT-0169,Renault,Sandero,Facelift,2011,2014,1.6 16V Energy
TT-0169,Renault,Logan,1ª geração,2007,2011,1.0 16V Energy
TT-0169,Renault,Logan,1ª geração,2007,2011,1.6 16V Energy
TT-0169,Renault,Logan,Facelift,2011,2013,1.0 16V Energy
TT-0169,Renault,Logan,Facelift,2011,2013,1.6 16V Energy
TT-0169,Renault,Duster,1ª geração,2011,2015,1.6 16V Energy
TT-0169,Renault,Duster,1ª geração,2011,2015,2.0 16V
PJ-0160,Renault,Sandero,2ª geração,2014,2017,1.0 12V SCe
PJ-0160,Renault,Sandero,2ª geração,2014,2017,1.6 16V Energy
PJ-0160,Renault,Sandero,Final,2017,2020,1.0 12V SCe
PJ-0160,Renault,Sandero,Final,2017,2020,1.6 16V SCe
PJ-0160,Renault,Logan,2ª geração,2013,2017,1.0 12V SCe
PJ-0160,Renault,Logan,2ª geração,2013,2017,1.6 16V Energy
PJ-0160,Renault,Logan,Final,2017,2021,1.0 12V SCe
PJ-0160,Renault,Logan,Final,2017,2021,1.6 16V SCe
PJ-0160,Renault,Duster,Facelift,2015,2019,1.6 16V SCe
PJ-0160,Renault,Duster,Facelift,2015,2019,2.0 16V
PJ-0160,Renault,Duster,2ª geração,2019,2021,1.6 16V SCe
PJ-0160,Renault,Duster,2ª geração,2019,2021,2.0 16V
PJ-0160,Renault,Duster,Atual,2021,2023,1.6 16V SCe
PJ-0160,Renault,Duster,Atual,2021,2023,2.0 16V
JG-0169,Hyundai,HB20,Lançamento,2012,2015,1.0 Kappa
JG-0169,Hyundai,HB20,Lançamento,2012,2015,1.6 Gamma
JG-0169,Hyundai,HB20,Facelift,2015,2019,1.0 Kappa
JG-0169,Hyundai,HB20,Facelift,2015,2019,1.6 Gamma
TT-0170,Hyundai,HB20,2ª geração,2019,2021,1.0 Kappa TGDI
TT-0170,Hyundai,HB20,2ª geração,2019,2021,1.6 Gamma
TT-0170,Hyundai,HB20,Atual,2021,2023,1.0 Kappa TGDI
TT-0170,Hyundai,HB20,Atual,2021,2023,1.6 Gamma
VG-0168,Toyota,Corolla,9ª geração,2003,2008,1.6 VVT-i
VG-0168,Toyota,Corolla,9ª geração,2003,2008,1.8 VVT-i
TT-0171,Toyota,Corolla,10ª geração,2008,2014,1.8 Dual VVT-i
TT-0171,Toyota,Corolla,10ª geração,2008,2014,2.0 Dual VVT-i
TT-0171,Toyota,Corolla,11ª geração,2014,2019,1.8 Dual VVT-i
TT-0171,Toyota,Corolla,11ª geração,2014,2019,2.0 Dual VVT-i
TT-0171,Toyota,Etios,Lançamento,2012,2015,1.3 Dual VVT-i
TT-0171,Toyota,Etios,Lançamento,2012,2015,1.5 Dual VVT-i
TT-0171,Toyota,Etios,Facelift,2015,2019,1.3 Dual VVT-i
TT-0171,Toyota,Etios,Facelift,2015,2019,1.5 Dual VVT-i
TT-0171,Toyota,Etios,2ª fase,2019,2021,1.5 Dual VVT-i
TT-0171,Toyota,Etios,Final,2021,2021,1.5 Dual VVT-i
IB-0182,Toyota,Corolla,12ª geração,2019,2023,2.0 Dynamic Force
IB-0182,Toyota,Corolla,12ª geração,2019,2023,1.8 Hybrid Dynamic Force
TT-0172,Honda,Civic,7ª geração,2001,2006,1.7 SOHC VTEC
VG-0169,Honda,Civic,8ª geração,2006,2011,1.8 SOHC i-VTEC
VG-0169,Honda,Civic,8ª geração,2006,2011,2.0 SOHC i-VTEC
VG-0169,Honda,Civic,9ª geração,2012,2016,1.8 SOHC i-VTEC
VG-0169,Honda,Civic,9ª geração,2012,2016,2.0 SOHC i-VTEC
VG-0169,Honda,Fit,2ª geração,2008,2014,1.4 SOHC i-VTEC
VG-0169,Honda,Fit,2ª geração,2008,2014,1.5 SOHC i-VTEC
AN-0187,Honda,Civic,10ª geração,2016,2021,2.0 Earth Dreams
AN-0187,Honda,Civic,10ª geração,2016,2021,1.5 Turbo Earth Dreams
AN-0187,Honda,Fit,3ª geração,2015,2020,1.5 Earth Dreams
AN-0187,Honda,Fit,Final,2020,2021,1.5 Earth Dreams
TT-0173,Honda,Fit,1ª geração,2003,2008,1.4 SOHC i-DSI
TT-0173,Honda,Fit,1ª geração,2003,2008,1.5 SOHC VTEC
TT-0174,Chevrolet,Spin,2ª fase,2019,2021,1.8 Family I
TT-0174,Chevrolet,Spin,Final,2021,2023,1.8 Family I
VG-0170,Nissan,March,Lançamento,2011,2014,1.0 HR10DE
VG-0170,Nissan,March,Lançamento,2011,2014,1.6 HR16DE
VG-0170,Nissan,March,Facelift,2014,2017,1.0 HR10DE
VG-0170,Nissan,March,Facelift,2014,2017,1.6 HR16DE
VG-0170,Nissan,March,2ª fase,2017,2020,1.0 HR10DE
VG-0170,Nissan,March,2ª fase,2017,2020,1.6 HR16DE
VG-0170,Nissan,March,Final,2020,2022,1.6 HR16DE
VG-0170,Nissan,Versa,Lançamento,2011,2014,1.6 HR16DE
VG-0170,Nissan,Versa,Facelift,2014,2017,1.6 HR16DE
VG-0170,Nissan,Versa,2ª fase,2017,2020,1.6 HR16DE
VG-0170,Nissan,Versa,Atual,2020,2023,1.6 HR16DE
PJ-0161,Peugeot,208,Lançamento,2013,2016,1.2 PureTech
PJ-0161,Peugeot,208,Lançamento,2013,2016,1.6 THP
PJ-0161,Peugeot,208,Facelift,2016,2019,1.2 PureTech
PJ-0161,Peugeot,208,Facelift,2016,2019,1.6 THP
PJ-0161,Peugeot,208,2ª fase,2019,2021,1.6 THP
PJ-0161,Peugeot,208,Atual,2021,2023,1.6 THP
VG-0171,Citroën,C3,1ª geração BR,2003,2006,1.4 TU3
VG-0171,Citroën,C3,1ª geração BR,2003,2006,1.6 TU5
VG-0171,Citroën,C3,2ª geração BR,2006,2012,1.4 TU3
VG-0171,Citroën,C3,2ª geração BR,2006,2012,1.6 16V
JG-0170,Citroën,C3,3ª geração,2012,2017,1.5 8V
JG-0170,Citroën,C3,3ª geração,2012,2017,1.6 16V
JG-0170,Citroën,C3,Atual,2017,2023,1.6 PureTech
VG-0172,Volkswagen,Gol,G4,2006,2008,1.0 8V EA111
VG-0172,Volkswagen,Gol,G4,2006,2008,1.6 8V EA111
VG-0172,Volkswagen,Gol,G5,2008,2012,1.0 8V EA111
VG-0172,Volkswagen,Gol,G5,2008,2012,1.6 8V EA111
VG-0172,Volkswagen,Gol,G5,2008,2012,1.6 16V EA111
VG-0172,Volkswagen,Gol,G6,2012,2016,1.0 12V MPI EA111
VG-0172,Volkswagen,Gol,G6,2012,2016,1.6 16V MSI EA111
VG-0172,Volkswagen,Fox,1ª geração,2003,2009,1.0 8V EA111
VG-0172,Volkswagen,Fox,1ª geração,2003,2009,1.6 8V EA111
VG-0172,Volkswagen,Fox,2ª geração,2009,2014,1.0 8V EA111
VG-0172,Volkswagen,Fox,2ª geração,2009,2014,1.6 16V EA111
VG-0172,Volkswagen,Fox,Facelift,2014,2017,1.0 12V MPI EA111
VG-0172,Volkswagen,Fox,Facelift,2014,2017,1.6 16V MSI EA111
VG-0172,Volkswagen,Voyage,1ª geração,2008,2012,1.0 8V EA111
VG-0172,Volkswagen,Voyage,1ª geração,2008,2012,1.6 8V EA111
VG-0172,Volkswagen,Voyage,2ª geração,2012,2016,1.0 12V MPI EA111
VG-0172,Volkswagen,Voyage,2ª geração,2012,2016,1.6 16V MSI EA111
VG-0172,Volkswagen,Voyage,Facelift,2016,2019,1.0 12V MPI EA111
VG-0172,Volkswagen,Voyage,Facelift,2016,2019,1.6 16V MSI EA111
VG-0172,Volkswagen,Saveiro,G5,2009,2013,1.6 8V EA111
VG-0172,Volkswagen,Saveiro,G5,2009,2013,1.6 16V EA111
VG-0172,Volkswagen,Saveiro,G6,2013,2016,1.0 12V MPI EA111
VG-0172,Volkswagen,Saveiro,G6,2013,2016,1.6 16V MSI EA111
VG-0172,Volkswagen,Polo,1ª geração BR,2002,2007,1.6 8V EA111
VG-0172,Volkswagen,Polo,1ª geração BR,2002,2007,1.8 20V Turbo EA111
VG-0172,Volkswagen,Polo,2ª geração BR,2007,2014,1.6 8V EA111
VG-0172,Volkswagen,Polo,2ª geração BR,2007,2014,2.0 8V EA111
VG-0172,Volkswagen,Up!,Lançamento,2014,2016,1.0 12V MPI EA111
VG-0172,Volkswagen,Up!,Lançamento,2014,2016,1.0 12V TSI EA111
VG-0172,Volkswagen,Up!,Facelift,2016,2019,1.0 12V MPI EA111
VG-0172,Volkswagen,Up!,Facelift,2016,2019,1.0 12V TSI EA111
JG-0171,Volkswagen,Gol,G7/G8,2016,2023,1.0 12V MPI EA211
JG-0171,Volkswagen,Gol,G7/G8,2016,2023,1.6 16V MSI EA211
JG-0171,Volkswagen,Fox,Final,2017,2021,1.0 12V MPI EA211
JG-0171,Volkswagen,Fox,Final,2017,2021,1.6 16V MSI EA211
JG-0171,Volkswagen,Voyage,Final,2019,2023,1.0 12V MPI EA211
JG-0171,Volkswagen,Voyage,Final,2019,2023,1.6 16V MSI EA211
JG-0171,Volkswagen,Saveiro,G7,2016,2021,1.6 16V MSI EA211
JG-0171,Volkswagen,Saveiro,G7,2016,2021,1.6 20V TSI EA211
JG-0171,Volkswagen,Saveiro,Atual,2021,2023,1.6 16V MSI EA211
JG-0171,Volkswagen,Saveiro,Atual,2021,2023,1.6 20V TSI EA211
JG-0171,Volkswagen,Polo,Novo Polo,2017,2020,1.0 12V MPI EA211
JG-0171,Volkswagen,Polo,Novo Polo,2017,2020,1.0 12V TSI EA211
JG-0171,Volkswagen,Polo,Novo Polo,2017,2020,1.6 16V MSI EA211
JG-0171,Volkswagen,Polo,Atual,2020,2023,1.0 12V TSI EA211
JG-0171,Volkswagen,Polo,Atual,2020,2023,1.6 16V MSI EA211
JG-0171,Volkswagen,Up!,2ª fase,2019,2021,1.0 12V MPI EA211
JG-0171,Volkswagen,Up!,2ª fase,2019,2021,1.0 12V TSI EA211
JG-0171,Volkswagen,Up!,Final,2021,2023,1.0 12V TSI EA211
IB-0183,Fiat,Palio,2ª geração,1996,2000,1.0 8V Fire
IB-0183,Fiat,Palio,2ª geração,1996,2000,1.6 16V
IB-0183,Fiat,Palio,Facelift,2001,2004,1.0 8V Fire
IB-0183,Fiat,Palio,Facelift,2001,2004,1.5 8V
IB-0183,Fiat,Palio,3ª geração,2004,2011,1.0 8V Fire
IB-0183,Fiat,Palio,3ª geração,2004,2011,1.4 8V Fire
IB-0183,Fiat,Palio,3ª geração,2004,2011,1.8 8V
IB-0183,Fiat,Uno,Mille,2004,2010,1.0 8V Fire
IB-0183,Fiat,Uno,Mille,2004,2010,1.5 8V
IB-0183,Fiat,Uno,Novo Uno 1ª,2010,2014,1.0 8V Fire
IB-0183,Fiat,Uno,Novo Uno 1ª,2010,2014,1.4 8V Fire
IB-0183,Fiat,Siena,1ª geração,1996,2001,1.0 8V Fire
IB-0183,Fiat,Siena,1ª geração,1996,2001,1.5 8V
IB-0183,Fiat,Siena,2ª geração,2001,2004,1.0 8V Fire
IB-0183,Fiat,Siena,2ª geração,2001,2004,1.4 8V Fire
IB-0183,Fiat,Siena,3ª geração,2004,2012,1.0 8V Fire
IB-0183,Fiat,Siena,3ª geração,2004,2012,1.4 8V Fire
IB-0183,Fiat,Siena,3ª geração,2004,2012,1.8 8V
IB-0183,Fiat,Strada,1ª geração,1998,2004,1.5 8V
IB-0183,Fiat,Strada,1ª geração,1998,2004,1.6 8V
IB-0183,Fiat,Strada,2ª geração,2004,2012,1.4 8V Fire
IB-0183,Fiat,Strada,2ª geração,2004,2012,1.8 8V
IB-0183,Fiat,Punto,Lançamento,2007,2009,1.4 8V Fire
IB-0183,Fiat,Punto,Lançamento,2007,2009,1.8 8V
IB-0183,Fiat,Punto,Facelift 1,2009,2012,1.4 8V Fire
IB-0183,Fiat,Punto,Facelift 1,2009,2012,1.8 E.torQ
VG-0173,Fiat,Palio,Atual,2012,2017,1.0 Fire Evo
VG-0173,Fiat,Palio,Atual,2012,2017,1.4 Fire Evo
VG-0173,Fiat,Uno,Novo Uno 2ª,2014,2021,1.0 Fire Evo
VG-0173,Fiat,Uno,Novo Uno 2ª,2014,2021,1.3 Firefly
VG-0173,Fiat,Siena,Atual,2012,2016,1.0 Fire Evo
VG-0173,Fiat,Siena,Atual,2012,2016,1.4 Fire Evo
VG-0173,Fiat,Strada,3ª geração,2013,2020,1.4 Fire Evo
VG-0173,Fiat,Strada,3ª geração,2013,2020,1.8 E.torQ
VG-0173,Fiat,Punto,Facelift 2,2012,2015,1.4 Fire Evo
VG-0173,Fiat,Punto,Facelift 2,2012,2015,1.6 E.torQ
VG-0173,Fiat,Punto,Final,2015,2017,1.4 Fire Evo
VG-0173,Fiat,Punto,Final,2015,2017,1.6 E.torQ
AN-0188,Fiat,Uno,Atual,2021,2023,1.0 Firefly
AN-0188,Fiat,Uno,Atual,2021,2023,1.3 Firefly
AN-0188,Fiat,Strada,Atual,2020,2023,1.3 Firefly
AN-0188,Fiat,Strada,Atual,2020,2023,1.4 Firefly Turbo
AN-0188,Fiat,Mobi,Lançamento,2016,2018,1.0 Firefly
AN-0188,Fiat,Mobi,Facelift 1,2018,2020,1.0 Firefly
AN-0188,Fiat,Mobi,Facelift 2,2020,2022,1.0 Firefly
AN-0188,Fiat,Mobi,Facelift 2,2020,2022,1.0 Firefly Turbo
AN-0188,Fiat,Mobi,Atual,2022,2023,1.0 Firefly
AN-0188,Fiat,Mobi,Atual,2022,2023,1.0 Firefly Turbo
AN-0189,Chevrolet,Celta,1ª geração,2000,2003,1.0 8V VHC
AN-0189,Chevrolet,Celta,1ª geração,2000,2003,1.4 8V VHC
AN-0189,Chevrolet,Celta,Facelift,2003,2006,1.0 8V VHC
AN-0189,Chevrolet,Celta,Facelift,2003,2006,1.4 8V VHC
AN-0189,Chevrolet,Corsa,1ª geração,1994,2000,1.0 8V VHC
AN-0189,Chevrolet,Corsa,1ª geração,1994,2000,1.6 8V VHC
AN-0189,Chevrolet,Corsa,2ª geração,2000,2002,1.0 8V VHC
AN-0189,Chevrolet,Corsa,2ª geração,2000,2002,1.6 8V VHC
AN-0189,Chevrolet,Corsa,Facelift,2002,2007,1.0 8V VHC
AN-0189,Chevrolet,Corsa,Facelift,2002,2007,1.4 8V VHC
AN-0189,Chevrolet,Corsa,Facelift,2002,2007,1.8 8V
AN-0189,Chevrolet,Classic,Lançamento,2003,2005,1.0 8V VHC
AN-0189,Chevrolet,Classic,Lançamento,2003,2005,1.4 8V VHC
AN-0189,Chevrolet,Classic,Facelift 1,2005,2010,1.0 8V VHC
AN-0189,Chevrolet,Classic,Facelift 1,2005,2010,1.4 8V VHC
VG-0174,Chevrolet,Celta,2ª geração,2006,2011,1.0 8V VHCE
VG-0174,Chevrolet,Celta,2ª geração,2006,2011,1.4 8V VHCE Flexpower
VG-0174,Chevrolet,Celta,Final,2011,2016,1.0 8V VHCE
VG-0174,Chevrolet,Celta,Final,2011,2016,1.4 8V VHCE Flexpower
VG-0174,Chevrolet,Corsa,Final,2007,2012,1.0 8V VHCE
VG-0174,Chevrolet,Corsa,Final,2007,2012,1.4 8V VHCE Flexpower
VG-0174,Chevrolet,Classic,Facelift 2,2010,2014,1.0 8V VHCE Economy
VG-0174,Chevrolet,Classic,Facelift 2,2010,2014,1.4 8V VHCE Flexpower
VG-0174,Chevrolet,Classic,Final,2014,2016,1.0 8V VHCE Economy
VG-0174,Chevrolet,Classic,Final,2014,2016,1.4 8V VHCE Flexpower
VG-0174,Chevrolet,Prisma,1ª geração,2006,2013,1.0 8V VHCE
VG-0174,Chevrolet,Prisma,1ª geração,2006,2013,1.4 8V VHCE Flexpower
TT-0175,Chevrolet,Onix,1ª geração,2012,2015,1.0 SPE4
TT-0175,Chevrolet,Onix,1ª geração,2012,2015,1.4 SPE4
TT-0175,Chevrolet,Onix,Facelift,2015,2019,1.0 SPE4
TT-0175,Chevrolet,Onix,Facelift,2015,2019,1.4 SPE4
TT-0175,Chevrolet,Prisma,2ª geração,2013,2016,1.0 SPE4
TT-0175,Chevrolet,Prisma,2ª geração,2013,2016,1.4 SPE4
TT-0175,Chevrolet,Prisma,Facelift,2016,2019,1.0 SPE4
TT-0175,Chevrolet,Prisma,Facelift,2016,2019,1.4 SPE4
TT-0175,Chevrolet,Prisma,Final,2019,2021,1.0 SPE4
TT-0175,Chevrolet,Prisma,Final,2019,2021,1.4 SPE4
TT-0175,Chevrolet,Spin,Lançamento,2012,2016,1.8 SPE4
TT-0175,Chevrolet,Spin,Facelift,2016,2019,1.8 SPE4
TT-0175,Chevrolet,Spin,Facelift,2016,2019,1.8 SPE4 Flexpower
AN-0190,Chevrolet,Onix,2ª geração,2019,2022,1.0 Turbo Family 0
AN-0190,Chevrolet,Onix,2ª geração,2019,2022,1.0 Aspirado Family 0
AN-0190,Chevrolet,Onix,Atual,2022,2023,1.0 Turbo Family 0
AN-0190,Chevrolet,Onix,Atual,2022,2023,1.0 Aspirado Family 0
AN-0191,Ford,Ka,1ª geração,1997,2000,1.0 Zetec Rocam
AN-0191,Ford,Ka,1ª geração,1997,2000,1.3 Zetec Rocam
AN-0191,Ford,Ka,Facelift,2000,2007,1.0 Zetec Rocam
AN-0191,Ford,Ka,Facelift,2000,2007,1.6 Zetec Rocam
AN-0191,Ford,Fiesta,1ª geração BR,2002,2005,1.0 Zetec Rocam
AN-0191,Ford,Fiesta,1ª geração BR,2002,2005,1.6 Zetec Rocam
AN-0191,Ford,Fiesta,2ª geração BR,2005,2012,1.0 Zetec Rocam
AN-0191,Ford,Fiesta,2ª geração BR,2005,2012,1.6 Zetec Rocam
AN-0191,Ford,EcoSport,1ª geração,2003,2007,1.6 Zetec Rocam
AN-0191,Ford,EcoSport,1ª geração,2003,2007,2.0 Zetec
AN-0191,Ford,EcoSport,Facelift,2007,2012,1.6 Zetec Rocam
AN-0191,Ford,EcoSport,Facelift,2007,2012,2.0 Duratec
VG-0175,Ford,Ka,Nova geração,2014,2017,1.0 Ti-VCT Dragon
VG-0175,Ford,Ka,Nova geração,2014,2017,1.5 Ti-VCT Dragon
VG-0175,Ford,Ka,Facelift atual,2017,2021,1.0 Ti-VCT Dragon
VG-0175,Ford,Ka,Facelift atual,2017,2021,1.5 Ti-VCT Dragon
TT-0176,Ford,Fiesta,Nova geração,2013,2017,1.6 Ti-VCT
TT-0176,Ford,Fiesta,Nova geração,2013,2017,1.0 EcoBoost
TT-0176,Ford,Fiesta,Final,2017,2019,1.6 Ti-VCT
TT-0176,Ford,Fiesta,Final,2017,2019,1.0 EcoBoost
TT-0176,Ford,EcoSport,2ª geração,2012,2017,1.6 Ti-VCT
TT-0176,Ford,EcoSport,2ª geração,2012,2017,2.0 Ti-VCT
TT-0176,Ford,EcoSport,Final,2017,2021,1.5 Ti-VCT
TT-0176,Ford,EcoSport,Final,2017,2021,2.0 Ti-VCT AWD
JG-0172,Renault,Sandero,1ª geração,2007,2011,1.0 16V Energy
JG-0172,Renault,Sandero,1ª geração,2007,2011,1.6 16V Energy
JG-0172,Renault,Sandero,Facelift,2011,2014,1.0 16V Energy
JG-0172,Renault,Sandero,Facelift,2011,2014,1.6 16V Energy
JG-0172,Renault,Logan,1ª geração,2007,2011,1.0 16V Energy
JG-0172,Renault,Logan,1ª geração,2007,2011,1.6 16V Energy
JG-0172,Renault,Logan,Facelift,2011,2013,1.0 16V Energy
JG-0172,Renault,Logan,Facelift,2011,2013,1.6 16V Energy
JG-0172,Renault,Duster,1ª geração,2011,2015,1.6 16V Energy
JG-0172,Renault,Duster,1ª geração,2011,2015,2.0 16V
IB-0184,Renault,Sandero,2ª geração,2014,2017,1.0 12V SCe
IB-0184,Renault,Sandero,2ª geração,2014,2017,1.6 16V Energy
IB-0184,Renault,Sandero,Final,2017,2020,1.0 12V SCe
IB-0184,Renault,Sandero,Final,2017,2020,1.6 16V SCe
IB-0184,Renault,Logan,2ª geração,2013,2017,1.0 12V SCe
IB-0184,Renault,Logan,2ª geração,2013,2017,1.6 16V Energy
IB-0184,Renault,Logan,Final,2017,2021,1.0 12V SCe
IB-0184,Renault,Logan,Final,2017,2021,1.6 16V SCe
IB-0184,Renault,Duster,Facelift,2015,2019,1.6 16V SCe
IB-0184,Renault,Duster,Facelift,2015,2019,2.0 16V
IB-0184,Renault,Duster,2ª geração,2019,2021,1.6 16V SCe
IB-0184,Renault,Duster,2ª geração,2019,2021,2.0 16V
IB-0184,Renault,Duster,Atual,2021,2023,1.6 16V SCe
IB-0184,Renault,Duster,Atual,2021,2023,2.0 16V
JG-0173,Hyundai,HB20,Lançamento,2012,2015,1.0 Kappa
JG-0173,Hyundai,HB20,Lançamento,2012,2015,1.6 Gamma
JG-0173,Hyundai,HB20,Facelift,2015,2019,1.0 Kappa
JG-0173,Hyundai,HB20,Facelift,2015,2019,1.6 Gamma
IB-0185,Hyundai,HB20,2ª geração,2019,2021,1.0 Kappa TGDI
IB-0185,Hyundai,HB20,2ª geração,2019,2021,1.6 Gamma
IB-0185,Hyundai,HB20,Atual,2021,2023,1.0 Kappa TGDI
IB-0185,Hyundai,HB20,Atual,2021,2023,1.6 Gamma
VG-0176,Toyota,Corolla,9ª geração,2003,2008,1.6 VVT-i
VG-0176,Toyota,Corolla,9ª geração,2003,2008,1.8 VVT-i
JG-0174,Toyota,Corolla,10ª geração,2008,2014,1.8 Dual VVT-i
JG-0174,Toyota,Corolla,10ª geração,2008,2014,2.0 Dual VVT-i
JG-0174,Toyota,Corolla,11ª geração,2014,2019,1.8 Dual VVT-i
JG-0174,Toyota,Corolla,11ª geração,2014,2019,2.0 Dual VVT-i
JG-0174,Toyota,Etios,Lançamento,2012,2015,1.3 Dual VVT-i
JG-0174,Toyota,Etios,Lançamento,2012,2015,1.5 Dual VVT-i
JG-0174,Toyota,Etios,Facelift,2015,2019,1.3 Dual VVT-i
JG-0174,Toyota,Etios,Facelift,2015,2019,1.5 Dual VVT-i
JG-0174,Toyota,Etios,2ª fase,2019,2021,1.5 Dual VVT-i
JG-0174,Toyota,Etios,Final,2021,2021,1.5 Dual VVT-i
JG-0175,Toyota,Corolla,12ª geração,2019,2023,2.0 Dynamic Force
JG-0175,Toyota,Corolla,12ª geração,2019,2023,1.8 Hybrid Dynamic Force
JG-0176,Honda,Civic,7ª geração,2001,2006,1.7 SOHC VTEC
TT-0177,Honda,Civic,8ª geração,2006,2011,1.8 SOHC i-VTEC
TT-0177,Honda,Civic,8ª geração,2006,2011,2.0 SOHC i-VTEC
TT-0177,Honda,Civic,9ª geração,2012,2016,1.8 SOHC i-VTEC
TT-0177,Honda,Civic,9ª geração,2012,2016,2.0 SOHC i-VTEC
TT-0177,Honda,Fit,2ª geração,2008,2014,1.4 SOHC i-VTEC
TT-0177,Honda,Fit,2ª geração,2008,2014,1.5 SOHC i-VTEC
PJ-0162,Honda,Civic,10ª geração,2016,2021,2.0 Earth Dreams
PJ-0162,Honda,Civic,10ª geração,2016,2021,1.5 Turbo Earth Dreams
PJ-0162,Honda,Fit,3ª geração,2015,2020,1.5 Earth Dreams
PJ-0162,Honda,Fit,Final,2020,2021,1.5 Earth Dreams
IB-0186,Honda,Fit,1ª geração,2003,2008,1.4 SOHC i-DSI
IB-0186,Honda,Fit,1ª geração,2003,2008,1.5 SOHC VTEC
JG-0177,Chevrolet,Spin,2ª fase,2019,2021,1.8 Family I
JG-0177,Chevrolet,Spin,Final,2021,2023,1.8 Family I
TT-0178,Nissan,March,Lançamento,2011,2014,1.0 HR10DE
TT-0178,Nissan,March,Lançamento,2011,2014,1.6 HR16DE
TT-0178,Nissan,March,Facelift,2014,2017,1.0 HR10DE
TT-0178,Nissan,March,Facelift,2014,2017,1.6 HR16DE
TT-0178,Nissan,March,2ª fase,2017,2020,1.0 HR10DE
TT-0178,Nissan,March,2ª fase,2017,2020,1.6 HR16DE
TT-0178,Nissan,March,Final,2020,2022,1.6 HR16DE
TT-0178,Nissan,Versa,Lançamento,2011,2014,1.6 HR16DE
TT-0178,Nissan,Versa,Facelift,2014,2017,1.6 HR16DE
TT-0178,Nissan,Versa,2ª fase,2017,2020,1.6 HR16DE
TT-0178,Nissan,Versa,Atual,2020,2023,1.6 HR16DE
VG-0177,Peugeot,208,Lançamento,2013,2016,1.2 PureTech
VG-0177,Peugeot,208,Lançamento,2013,2016,1.6 THP
VG-0177,Peugeot,208,Facelift,2016,2019,1.2 PureTech
VG-0177,Peugeot,208,Facelift,2016,2019,1.6 THP
VG-0177,Peugeot,208,2ª fase,2019,2021,1.6 THP
VG-0177,Peugeot,208,Atual,2021,2023,1.6 THP
AN-0192,Citroën,C3,1ª geração BR,2003,2006,1.4 TU3
AN-0192,Citroën,C3,1ª geração BR,2003,2006,1.6 TU5
AN-0192,Citroën,C3,2ª geração BR,2006,2012,1.4 TU3
AN-0192,Citroën,C3,2ª geração BR,2006,2012,1.6 16V
JG-0178,Citroën,C3,3ª geração,2012,2017,1.5 8V
JG-0178,Citroën,C3,3ª geração,2012,2017,1.6 16V
JG-0178,Citroën,C3,Atual,2017,2023,1.6 PureTech
IB-0187,Volkswagen,Gol,G4,2006,2008,1.0 8V EA111
IB-0187,Volkswagen,Gol,G4,2006,2008,1.6 8V EA111
IB-0187,Volkswagen,Gol,G5,2008,2012,1.0 8V EA111
IB-0187,Volkswagen,Gol,G5,2008,2012,1.6 8V EA111
IB-0187,Volkswagen,Gol,G5,2008,2012,1.6 16V EA111
IB-0187,Volkswagen,Gol,G6,2012,2016,1.0 12V MPI EA111
IB-0187,Volkswagen,Gol,G6,2012,2016,1.6 16V MSI EA111
IB-0187,Volkswagen,Fox,1ª geração,2003,2009,1.0 8V EA111
IB-0187,Volkswagen,Fox,1ª geração,2003,2009,1.6 8V EA111
IB-0187,Volkswagen,Fox,2ª geração,2009,2014,1.0 8V EA111
IB-0187,Volkswagen,Fox,2ª geração,2009,2014,1.6 16V EA111
IB-0187,Volkswagen,Fox,Facelift,2014,2017,1.0 12V MPI EA111
IB-0187,Volkswagen,Fox,Facelift,2014,2017,1.6 16V MSI EA111
IB-0187,Volkswagen,Voyage,1ª geração,2008,2012,1.0 8V EA111
IB-0187,Volkswagen,Voyage,1ª geração,2008,2012,1.6 8V EA111
IB-0187,Volkswagen,Voyage,2ª geração,2012,2016,1.0 12V MPI EA111
IB-0187,Volkswagen,Voyage,2ª geração,2012,2016,1.6 16V MSI EA111
IB-0187,Volkswagen,Voyage,Facelift,2016,2019,1.0 12V MPI EA111
IB-0187,Volkswagen,Voyage,Facelift,2016,2019,1.6 16V MSI EA111
IB-0187,Volkswagen,Saveiro,G5,2009,2013,1.6 8V EA111
IB-0187,Volkswagen,Saveiro,G5,2009,2013,1.6 16V EA111
IB-0187,Volkswagen,Saveiro,G6,2013,2016,1.0 12V MPI EA111
IB-0187,Volkswagen,Saveiro,G6,2013,2016,1.6 16V MSI EA111
IB-0187,Volkswagen,Polo,1ª geração BR,2002,2007,1.6 8V EA111
IB-0187,Volkswagen,Polo,1ª geração BR,2002,2007,1.8 20V Turbo EA111
IB-0187,Volkswagen,Polo,2ª geração BR,2007,2014,1.6 8V EA111
IB-0187,Volkswagen,Polo,2ª geração BR,2007,2014,2.0 8V EA111
IB-0187,Volkswagen,Up!,Lançamento,2014,2016,1.0 12V MPI EA111
IB-0187,Volkswagen,Up!,Lançamento,2014,2016,1.0 12V TSI EA111
IB-0187,Volkswagen,Up!,Facelift,2016,2019,1.0 12V MPI EA111
IB-0187,Volkswagen,Up!,Facelift,2016,2019,1.0 12V TSI EA111
VG-0178,Volkswagen,Gol,G7/G8,2016,2023,1.0 12V MPI EA211
VG-0178,Volkswagen,Gol,G7/G8,2016,2023,1.6 16V MSI EA211
VG-0178,Volkswagen,Fox,Final,2017,2021,1.0 12V MPI EA211
VG-0178,Volkswagen,Fox,Final,2017,2021,1.6 16V MSI EA211
VG-0178,Volkswagen,Voyage,Final,2019,2023,1.0 12V MPI EA211
VG-0178,Volkswagen,Voyage,Final,2019,2023,1.6 16V MSI EA211
VG-0178,Volkswagen,Saveiro,G7,2016,2021,1.6 16V MSI EA211
VG-0178,Volkswagen,Saveiro,G7,2016,2021,1.6 20V TSI EA211
VG-0178,Volkswagen,Saveiro,Atual,2021,2023,1.6 16V MSI EA211
VG-0178,Volkswagen,Saveiro,Atual,2021,2023,1.6 20V TSI EA211
VG-0178,Volkswagen,Polo,Novo Polo,2017,2020,1.0 12V MPI EA211
VG-0178,Volkswagen,Polo,Novo Polo,2017,2020,1.0 12V TSI EA211
VG-0178,Volkswagen,Polo,Novo Polo,2017,2020,1.6 16V MSI EA211
VG-0178,Volkswagen,Polo,Atual,2020,2023,1.0 12V TSI EA211
VG-0178,Volkswagen,Polo,Atual,2020,2023,1.6 16V MSI EA211
VG-0178,Volkswagen,Up!,2ª fase,2019,2021,1.0 12V MPI EA211
VG-0178,Volkswagen,Up!,2ª fase,2019,2021,1.0 12V TSI EA211
VG-0178,Volkswagen,Up!,Final,2021,2023,1.0 12V TSI EA211
AN-0193,Fiat,Palio,2ª geração,1996,2000,1.0 8V Fire
AN-0193,Fiat,Palio,2ª geração,1996,2000,1.6 16V
AN-0193,Fiat,Palio,Facelift,2001,2004,1.0 8V Fire
AN-0193,Fiat,Palio,Facelift,2001,2004,1.5 8V
AN-0193,Fiat,Palio,3ª geração,2004,2011,1.0 8V Fire
AN-0193,Fiat,Palio,3ª geração,2004,2011,1.4 8V Fire
AN-0193,Fiat,Palio,3ª geração,2004,2011,1.8 8V
AN-0193,Fiat,Uno,Mille,2004,2010,1.0 8V Fire
AN-0193,Fiat,Uno,Mille,2004,2010,1.5 8V
AN-0193,Fiat,Uno,Novo Uno 1ª,2010,2014,1.0 8V Fire
AN-0193,Fiat,Uno,Novo Uno 1ª,2010,2014,1.4 8V Fire
AN-0193,Fiat,Siena,1ª geração,1996,2001,1.0 8V Fire
AN-0193,Fiat,Siena,1ª geração,1996,2001,1.5 8V
AN-0193,Fiat,Siena,2ª geração,2001,2004,1.0 8V Fire
AN-0193,Fiat,Siena,2ª geração,2001,2004,1.4 8V Fire
AN-0193,Fiat,Siena,3ª geração,2004,2012,1.0 8V Fire
AN-0193,Fiat,Siena,3ª geração,2004,2012,1.4 8V Fire
AN-0193,Fiat,Siena,3ª geração,2004,2012,1.8 8V
AN-0193,Fiat,Strada,1ª geração,1998,2004,1.5 8V
AN-0193,Fiat,Strada,1ª geração,1998,2004,1.6 8V
AN-0193,Fiat,Strada,2ª geração,2004,2012,1.4 8V Fire
AN-0193,Fiat,Strada,2ª geração,2004,2012,1.8 8V
AN-0193,Fiat,Punto,Lançamento,2007,2009,1.4 8V Fire
AN-0193,Fiat,Punto,Lançamento,2007,2009,1.8 8V
AN-0193,Fiat,Punto,Facelift 1,2009,2012,1.4 8V Fire
AN-0193,Fiat,Punto,Facelift 1,2009,2012,1.8 E.torQ
VG-0179,Fiat,Palio,Atual,2012,2017,1.0 Fire Evo
VG-0179,Fiat,Palio,Atual,2012,2017,1.4 Fire Evo
VG-0179,Fiat,Uno,Novo Uno 2ª,2014,2021,1.0 Fire Evo
VG-0179,Fiat,Uno,Novo Uno 2ª,2014,2021,1.3 Firefly
VG-0179,Fiat,Siena,Atual,2012,2016,1.0 Fire Evo
VG-0179,Fiat,Siena,Atual,2012,2016,1.4 Fire Evo
VG-0179,Fiat,Strada,3ª geração,2013,2020,1.4 Fire Evo
VG-0179,Fiat,Strada,3ª geração,2013,2020,1.8 E.torQ
VG-0179,Fiat,Punto,Facelift 2,2012,2015,1.4 Fire Evo
VG-0179,Fiat,Punto,Facelift 2,2012,2015,1.6 E.torQ
VG-0179,Fiat,Punto,Final,2015,2017,1.4 Fire Evo
VG-0179,Fiat,Punto,Final,2015,2017,1.6 E.torQ
AN-0194,Fiat,Uno,Atual,2021,2023,1.0 Firefly
AN-0194,Fiat,Uno,Atual,2021,2023,1.3 Firefly
AN-0194,Fiat,Strada,Atual,2020,2023,1.3 Firefly
AN-0194,Fiat,Strada,Atual,2020,2023,1.4 Firefly Turbo
AN-0194,Fiat,Mobi,Lançamento,2016,2018,1.0 Firefly
AN-0194,Fiat,Mobi,Facelift 1,2018,2020,1.0 Firefly
AN-0194,Fiat,Mobi,Facelift 2,2020,2022,1.0 Firefly
AN-0194,Fiat,Mobi,Facelift 2,2020,2022,1.0 Firefly Turbo
AN-0194,Fiat,Mobi,Atual,2022,2023,1.0 Firefly
AN-0194,Fiat,Mobi,Atual,2022,2023,1.0 Firefly Turbo
TT-0179,Chevrolet,Celta,1ª geração,2000,2003,1.0 8V VHC
TT-0179,Chevrolet,Celta,1ª geração,2000,2003,1.4 8V VHC
TT-0179,Chevrolet,Celta,Facelift,2003,2006,1.0 8V VHC
TT-0179,Chevrolet,Celta,Facelift,2003,2006,1.4 8V VHC
TT-0179,Chevrolet,Corsa,1ª geração,1994,2000,1.0 8V VHC
TT-0179,Chevrolet,Corsa,1ª geração,1994,2000,1.6 8V VHC
TT-0179,Chevrolet,Corsa,2ª geração,2000,2002,1.0 8V VHC
TT-0179,Chevrolet,Corsa,2ª geração,2000,2002,1.6 8V VHC
TT-0179,Chevrolet,Corsa,Facelift,2002,2007,1.0 8V VHC
TT-0179,Chevrolet,Corsa,Facelift,2002,2007,1.4 8V VHC
TT-0179,Chevrolet,Corsa,Facelift,2002,2007,1.8 8V
TT-0179,Chevrolet,Classic,Lançamento,2003,2005,1.0 8V VHC
TT-0179,Chevrolet,Classic,Lançamento,2003,2005,1.4 8V VHC
TT-0179,Chevrolet,Classic,Facelift 1,2005,2010,1.0 8V VHC
TT-0179,Chevrolet,Classic,Facelift 1,2005,2010,1.4 8V VHC
VG-0180,Chevrolet,Celta,2ª geração,2006,2011,1.0 8V VHCE
VG-0180,Chevrolet,Celta,2ª geração,2006,2011,1.4 8V VHCE Flexpower
VG-0180,Chevrolet,Celta,Final,2011,2016,1.0 8V VHCE
VG-0180,Chevrolet,Celta,Final,2011,2016,1.4 8V VHCE Flexpower
VG-0180,Chevrolet,Corsa,Final,2007,2012,1.0 8V VHCE
VG-0180,Chevrolet,Corsa,Final,2007,2012,1.4 8V VHCE Flexpower
VG-0180,Chevrolet,Classic,Facelift 2,2010,2014,1.0 8V VHCE Economy
VG-0180,Chevrolet,Classic,Facelift 2,2010,2014,1.4 8V VHCE Flexpower
VG-0180,Chevrolet,Classic,Final,2014,2016,1.0 8V VHCE Economy
VG-0180,Chevrolet,Classic,Final,2014,2016,1.4 8V VHCE Flexpower
VG-0180,Chevrolet,Prisma,1ª geração,2006,2013,1.0 8V VHCE
VG-0180,Chevrolet,Prisma,1ª geração,2006,2013,1.4 8V VHCE Flexpower
IB-0188,Chevrolet,Onix,1ª geração,2012,2015,1.0 SPE4
IB-0188,Chevrolet,Onix,1ª geração,2012,2015,1.4 SPE4
IB-0188,Chevrolet,Onix,Facelift,2015,2019,1.0 SPE4
IB-0188,Chevrolet,Onix,Facelift,2015,2019,1.4 SPE4
IB-0188,Chevrolet,Prisma,2ª geração,2013,2016,1.0 SPE4
IB-0188,Chevrolet,Prisma,2ª geração,2013,2016,1.4 SPE4
IB-0188,Chevrolet,Prisma,Facelift,2016,2019,1.0 SPE4
IB-0188,Chevrolet,Prisma,Facelift,2016,2019,1.4 SPE4
IB-0188,Chevrolet,Prisma,Final,2019,2021,1.0 SPE4
IB-0188,Chevrolet,Prisma,Final,2019,2021,1.4 SPE4
IB-0188,Chevrolet,Spin,Lançamento,2012,2016,1.8 SPE4
IB-0188,Chevrolet,Spin,Facelift,2016,2019,1.8 SPE4
IB-0188,Chevrolet,Spin,Facelift,2016,2019,1.8 SPE4 Flexpower
TT-0180,Chevrolet,Onix,2ª geração,2019,2022,1.0 Turbo Family 0
TT-0180,Chevrolet,Onix,2ª geração,2019,2022,1.0 Aspirado Family 0
TT-0180,Chevrolet,Onix,Atual,2022,2023,1.0 Turbo Family 0
TT-0180,Chevrolet,Onix,Atual,2022,2023,1.0 Aspirado Family 0
PJ-0163,Ford,Ka,1ª geração,1997,2000,1.0 Zetec Rocam
PJ-0163,Ford,Ka,1ª geração,1997,2000,1.3 Zetec Rocam
PJ-0163,Ford,Ka,Facelift,2000,2007,1.0 Zetec Rocam
PJ-0163,Ford,Ka,Facelift,2000,2007,1.6 Zetec Rocam
PJ-0163,Ford,Fiesta,1ª geração BR,2002,2005,1.0 Zetec Rocam
PJ-0163,Ford,Fiesta,1ª geração BR,2002,2005,1.6 Zetec Rocam
PJ-0163,Ford,Fiesta,2ª geração BR,2005,2012,1.0 Zetec Rocam
PJ-0163,Ford,Fiesta,2ª geração BR,2005,2012,1.6 Zetec Rocam
PJ-0163,Ford,EcoSport,1ª geração,2003,2007,1.6 Zetec Rocam
PJ-0163,Ford,EcoSport,1ª geração,2003,2007,2.0 Zetec
PJ-0163,Ford,EcoSport,Facelift,2007,2012,1.6 Zetec Rocam
PJ-0163,Ford,EcoSport,Facelift,2007,2012,2.0 Duratec
AN-0195,Ford,Ka,Nova geração,2014,2017,1.0 Ti-VCT Dragon
AN-0195,Ford,Ka,Nova geração,2014,2017,1.5 Ti-VCT Dragon
AN-0195,Ford,Ka,Facelift atual,2017,2021,1.0 Ti-VCT Dragon
AN-0195,Ford,Ka,Facelift atual,2017,2021,1.5 Ti-VCT Dragon
IB-0189,Ford,Fiesta,Nova geração,2013,2017,1.6 Ti-VCT
IB-0189,Ford,Fiesta,Nova geração,2013,2017,1.0 EcoBoost
IB-0189,Ford,Fiesta,Final,2017,2019,1.6 Ti-VCT
IB-0189,Ford,Fiesta,Final,2017,2019,1.0 EcoBoost
IB-0189,Ford,EcoSport,2ª geração,2012,2017,1.6 Ti-VCT
IB-0189,Ford,EcoSport,2ª geração,2012,2017,2.0 Ti-VCT
IB-0189,Ford,EcoSport,Final,2017,2021,1.5 Ti-VCT
IB-0189,Ford,EcoSport,Final,2017,2021,2.0 Ti-VCT AWD
TT-0181,Renault,Sandero,1ª geração,2007,2011,1.0 16V Energy
TT-0181,Renault,Sandero,1ª geração,2007,2011,1.6 16V Energy
TT-0181,Renault,Sandero,Facelift,2011,2014,1.0 16V Energy
TT-0181,Renault,Sandero,Facelift,2011,2014,1.6 16V Energy
TT-0181,Renault,Logan,1ª geração,2007,2011,1.0 16V Energy
TT-0181,Renault,Logan,1ª geração,2007,2011,1.6 16V Energy
TT-0181,Renault,Logan,Facelift,2011,2013,1.0 16V Energy
TT-0181,Renault,Logan,Facelift,2011,2013,1.6 16V Energy
TT-0181,Renault,Duster,1ª geração,2011,2015,1.6 16V Energy
TT-0181,Renault,Duster,1ª geração,2011,2015,2.0 16V
AN-0196,Renault,Sandero,2ª geração,2014,2017,1.0 12V SCe
AN-0196,Renault,Sandero,2ª geração,2014,2017,1.6 16V Energy
AN-0196,Renault,Sandero,Final,2017,2020,1.0 12V SCe
AN-0196,Renault,Sandero,Final,2017,2020,1.6 16V SCe
AN-0196,Renault,Logan,2ª geração,2013,2017,1.0 12V SCe
AN-0196,Renault,Logan,2ª geração,2013,2017,1.6 16V Energy
AN-0196,Renault,Logan,Final,2017,2021,1.0 12V SCe
AN-0196,Renault,Logan,Final,2017,2021,1.6 16V SCe
AN-0196,Renault,Duster,Facelift,2015,2019,1.6 16V SCe
AN-0196,Renault,Duster,Facelift,2015,2019,2.0 16V
AN-0196,Renault,Duster,2ª geração,2019,2021,1.6 16V SCe
AN-0196,Renault,Duster,2ª geração,2019,2021,2.0 16V
AN-0196,Renault,Duster,Atual,2021,2023,1.6 16V SCe
AN-0196,Renault,Duster,Atual,2021,2023,2.0 16V
AN-0197,Hyundai,HB20,Lançamento,2012,2015,1.0 Kappa
AN-0197,Hyundai,HB20,Lançamento,2012,2015,1.6 Gamma
AN-0197,Hyundai,HB20,Facelift,2015,2019,1.0 Kappa
AN-0197,Hyundai,HB20,Facelift,2015,2019,1.6 Gamma
TT-0182,Hyundai,HB20,2ª geração,2019,2021,1.0 Kappa TGDI
TT-0182,Hyundai,HB20,2ª geração,2019,2021,1.6 Gamma
TT-0182,Hyundai,HB20,Atual,2021,2023,1.0 Kappa TGDI
TT-0182,Hyundai,HB20,Atual,2021,2023,1.6 Gamma
PJ-0164,Toyota,Corolla,9ª geração,2003,2008,1.6 VVT-i
PJ-0164,Toyota,Corolla,9ª geração,2003,2008,1.8 VVT-i
TT-0183,Toyota,Corolla,10ª geração,2008,2014,1.8 Dual VVT-i
TT-0183,Toyota,Corolla,10ª geração,2008,2014,2.0 Dual VVT-i
TT-0183,Toyota,Corolla,11ª geração,2014,2019,1.8 Dual VVT-i
TT-0183,Toyota,Corolla,11ª geração,2014,2019,2.0 Dual VVT-i
TT-0183,Toyota,Etios,Lançamento,2012,2015,1.3 Dual VVT-i
TT-0183,Toyota,Etios,Lançamento,2012,2015,1.5 Dual VVT-i
TT-0183,Toyota,Etios,Facelift,2015,2019,1.3 Dual VVT-i
TT-0183,Toyota,Etios,Facelift,2015,2019,1.5 Dual VVT-i
TT-0183,Toyota,Etios,2ª fase,2019,2021,1.5 Dual VVT-i
TT-0183,Toyota,Etios,Final,2021,2021,1.5 Dual VVT-i
AN-0198,Toyota,Corolla,12ª geração,2019,2023,2.0 Dynamic Force
AN-0198,Toyota,Corolla,12ª geração,2019,2023,1.8 Hybrid Dynamic Force
JG-0179,Honda,Civic,7ª geração,2001,2006,1.7 SOHC VTEC
VG-0181,Honda,Civic,8ª geração,2006,2011,1.8 SOHC i-VTEC
VG-0181,Honda,Civic,8ª geração,2006,2011,2.0 SOHC i-VTEC
VG-0181,Honda,Civic,9ª geração,2012,2016,1.8 SOHC i-VTEC
VG-0181,Honda,Civic,9ª geração,2012,2016,2.0 SOHC i-VTEC
VG-0181,Honda,Fit,2ª geração,2008,2014,1.4 SOHC i-VTEC
VG-0181,Honda,Fit,2ª geração,2008,2014,1.5 SOHC i-VTEC
VG-0182,Honda,Civic,10ª geração,2016,2021,2.0 Earth Dreams
VG-0182,Honda,Civic,10ª geração,2016,2021,1.5 Turbo Earth Dreams
VG-0182,Honda,Fit,3ª geração,2015,2020,1.5 Earth Dreams
VG-0182,Honda,Fit,Final,2020,2021,1.5 Earth Dreams
AN-0199,Honda,Fit,1ª geração,2003,2008,1.4 SOHC i-DSI
AN-0199,Honda,Fit,1ª geração,2003,2008,1.5 SOHC VTEC
IB-0190,Chevrolet,Spin,2ª fase,2019,2021,1.8 Family I
IB-0190,Chevrolet,Spin,Final,2021,2023,1.8 Family I
AN-0200,Nissan,March,Lançamento,2011,2014,1.0 HR10DE
AN-0200,Nissan,March,Lançamento,2011,2014,1.6 HR16DE
AN-0200,Nissan,March,Facelift,2014,2017,1.0 HR10DE
AN-0200,Nissan,March,Facelift,2014,2017,1.6 HR16DE
AN-0200,Nissan,March,2ª fase,2017,2020,1.0 HR10DE
AN-0200,Nissan,March,2ª fase,2017,2020,1.6 HR16DE
AN-0200,Nissan,March,Final,2020,2022,1.6 HR16DE
AN-0200,Nissan,Versa,Lançamento,2011,2014,1.6 HR16DE
AN-0200,Nissan,Versa,Facelift,2014,2017,1.6 HR16DE
AN-0200,Nissan,Versa,2ª fase,2017,2020,1.6 HR16DE
AN-0200,Nissan,Versa,Atual,2020,2023,1.6 HR16DE
PJ-0165,Peugeot,208,Lançamento,2013,2016,1.2 PureTech
PJ-0165,Peugeot,208,Lançamento,2013,2016,1.6 THP
PJ-0165,Peugeot,208,Facelift,2016,2019,1.2 PureTech
PJ-0165,Peugeot,208,Facelift,2016,2019,1.6 THP
PJ-0165,Peugeot,208,2ª fase,2019,2021,1.6 THP
PJ-0165,Peugeot,208,Atual,2021,2023,1.6 THP
AN-0201,Citroën,C3,1ª geração BR,2003,2006,1.4 TU3
AN-0201,Citroën,C3,1ª geração BR,2003,2006,1.6 TU5
AN-0201,Citroën,C3,2ª geração BR,2006,2012,1.4 TU3
AN-0201,Citroën,C3,2ª geração BR,2006,2012,1.6 16V
VG-0183,Citroën,C3,3ª geração,2012,2017,1.5 8V
VG-0183,Citroën,C3,3ª geração,2012,2017,1.6 16V
VG-0183,Citroën,C3,Atual,2017,2023,1.6 PureTech
TT-0184,Ford,Ka,Nova geração,2014,2017,1.5 Ti-VCT Dragon
TT-0184,Ford,Ka,Facelift atual,2017,2021,1.5 Ti-VCT Dragon
IB-0191,Toyota,Corolla,10ª geração,2008,2014,1.8 Dual VVT-i
IB-0191,Toyota,Corolla,11ª geração,2014,2019,1.8 Dual VVT-i
TT-0185,Fiat,Strada,1ª geração,1998,2004,1.6 8V
VG-0184,Ford,EcoSport,1ª geração,2003,2007,2.0 Zetec
IB-0192,Chevrolet,Spin,2ª fase,2019,2021,1.8 Family I
IB-0192,Chevrolet,Spin,Final,2021,2023,1.8 Family I
PJ-0166,Hyundai,HB20,2ª geração,2019,2021,1.0 Kappa TGDI
PJ-0166,Hyundai,HB20,Atual,2021,2023,1.0 Kappa TGDI
JG-0180,Fiat,Palio,2ª geração,1996,2000,1.0 8V Fire
JG-0180,Fiat,Palio,Facelift,2001,2004,1.0 8V Fire
JG-0180,Fiat,Palio,3ª geração,2004,2011,1.0 8V Fire
JG-0180,Fiat,Uno,Mille,2004,2010,1.0 8V Fire
JG-0180,Fiat,Uno,Novo Uno 1ª,2010,2014,1.0 8V Fire
JG-0180,Fiat,Siena,1ª geração,1996,2001,1.0 8V Fire
JG-0180,Fiat,Siena,2ª geração,2001,2004,1.0 8V Fire
JG-0180,Fiat,Siena,3ª geração,2004,2012,1.0 8V Fire
TT-0186,Honda,Civic,8ª geração,2006,2011,1.8 SOHC i-VTEC
TT-0186,Honda,Civic,9ª geração,2012,2016,1.8 SOHC i-VTEC
PJ-0167,Ford,Ka,Facelift,2000,2007,1.6 Zetec Rocam
PJ-0167,Ford,Fiesta,1ª geração BR,2002,2005,1.6 Zetec Rocam
PJ-0167,Ford,Fiesta,2ª geração BR,2005,2012,1.6 Zetec Rocam
PJ-0167,Ford,EcoSport,1ª geração,2003,2007,1.6 Zetec Rocam
PJ-0167,Ford,EcoSport,Facelift,2007,2012,1.6 Zetec Rocam
AN-0202,Chevrolet,Onix,1ª geração,2012,2015,1.4 SPE4
AN-0202,Chevrolet,Onix,Facelift,2015,2019,1.4 SPE4
AN-0202,Chevrolet,Prisma,2ª geração,2013,2016,1.4 SPE4
AN-0202,Chevrolet,Prisma,Facelift,2016,2019,1.4 SPE4
AN-0202,Chevrolet,Prisma,Final,2019,2021,1.4 SPE4
JG-0181,Honda,Civic,10ª geração,2016,2021,1.5 Turbo Earth Dreams
JG-0182,Chevrolet,Onix,2ª geração,2019,2022,1.0 Aspirado Family 0
JG-0182,Chevrolet,Onix,Atual,2022,2023,1.0 Aspirado Family 0
VG-0185,Chevrolet,Celta,1ª geração,2000,2003,1.0 8V VHC
VG-0185,Chevrolet,Celta,Facelift,2003,2006,1.0 8V VHC
VG-0185,Chevrolet,Corsa,1ª geração,1994,2000,1.0 8V VHC
VG-0185,Chevrolet,Corsa,2ª geração,2000,2002,1.0 8V VHC
VG-0185,Chevrolet,Corsa,Facelift,2002,2007,1.0 8V VHC
VG-0185,Chevrolet,Classic,Lançamento,2003,2005,1.0 8V VHC
VG-0185,Chevrolet,Classic,Facelift 1,2005,2010,1.0 8V VHC
VG-0186,Fiat,Punto,Facelift 2,2012,2015,1.6 E.torQ
VG-0186,Fiat,Punto,Final,2015,2017,1.6 E.torQ
AN-0203,Chevrolet,Celta,2ª geração,2006,2011,1.0 8V VHCE
AN-0203,Chevrolet,Celta,Final,2011,2016,1.0 8V VHCE
AN-0203,Chevrolet,Corsa,Final,2007,2012,1.0 8V VHCE
AN-0203,Chevrolet,Prisma,1ª geração,2006,2013,1.0 8V VHCE
VG-0187,Fiat,Palio,Atual,2012,2017,1.4 Fire Evo
VG-0187,Fiat,Siena,Atual,2012,2016,1.4 Fire Evo
VG-0187,Fiat,Strada,3ª geração,2013,2020,1.4 Fire Evo
VG-0187,Fiat,Punto,Facelift 2,2012,2015,1.4 Fire Evo
VG-0187,Fiat,Punto,Final,2015,2017,1.4 Fire Evo
TT-0187,Renault,Sandero,2ª geração,2014,2017,1.0 12V SCe
TT-0187,Renault,Sandero,Final,2017,2020,1.0 12V SCe
TT-0187,Renault,Logan,2ª geração,2013,2017,1.0 12V SCe
TT-0187,Renault,Logan,Final,2017,2021,1.0 12V SCe
VG-0188,Ford,EcoSport,Final,2017,2021,1.5 Ti-VCT
JG-0183,Peugeot,208,Lançamento,2013,2016,1.6 THP
JG-0183,Peugeot,208,Facelift,2016,2019,1.6 THP
JG-0183,Peugeot,208,2ª fase,2019,2021,1.6 THP
JG-0183,Peugeot,208,Atual,2021,2023,1.6 THP
JG-0184,Chevrolet,Celta,1ª geração,2000,2003,1.4 8V VHC
JG-0184,Chevrolet,Celta,Facelift,2003,2006,1.4 8V VHC
JG-0184,Chevrolet,Corsa,Facelift,2002,2007,1.4 8V VHC
JG-0184,Chevrolet,Classic,Lançamento,2003,2005,1.4 8V VHC
JG-0184,Chevrolet,Classic,Facelift 1,2005,2010,1.4 8V VHC
TT-0188,Fiat,Punto,Facelift 2,2012,2015,1.6 E.torQ
TT-0188,Fiat,Punto,Final,2015,2017,1.6 E.torQ
VG-0189,Citroën,C3,1ª geração BR,2003,2006,1.6 TU5
VG-0190,Volkswagen,Up!,Lançamento,2014,2016,1.0 12V TSI EA111
VG-0190,Volkswagen,Up!,Facelift,2016,2019,1.0 12V TSI EA111
JG-0185,Ford,Fiesta,Nova geração,2013,2017,1.0 EcoBoost
JG-0185,Ford,Fiesta,Final,2017,2019,1.0 EcoBoost
JG-0186,Peugeot,208,Lançamento,2013,2016,1.2 PureTech
JG-0186,Peugeot,208,Facelift,2016,2019,1.2 PureTech
IB-0193,Volkswagen,Gol,G7/G8,2016,2023,1.0 12V MPI EA211
IB-0193,Volkswagen,Fox,Final,2017,2021,1.0 12V MPI EA211
IB-0193,Volkswagen,Voyage,Final,2019,2023,1.0 12V MPI EA211
IB-0193,Volkswagen,Polo,Novo Polo,2017,2020,1.0 12V MPI EA211
IB-0193,Volkswagen,Up!,2ª fase,2019,2021,1.0 12V MPI EA211
PJ-0168,Chevrolet,Classic,Facelift 2,2010,2014,1.0 8V VHCE Economy
PJ-0168,Chevrolet,Classic,Final,2014,2016,1.0 8V VHCE Economy
JG-0187,Toyota,Corolla,9ª geração,2003,2008,1.6 VVT-i
PJ-0169,Fiat,Palio,Facelift,2001,2004,1.5 8V
PJ-0169,Fiat,Uno,Mille,2004,2010,1.5 8V
PJ-0169,Fiat,Siena,1ª geração,1996,2001,1.5 8V
PJ-0169,Fiat,Strada,1ª geração,1998,2004,1.5 8V
PJ-0170,Chevrolet,Spin,Lançamento,2012,2016,1.8 SPE4
PJ-0170,Chevrolet,Spin,Facelift,2016,2019,1.8 SPE4
PJ-0171,Volkswagen,Polo,Novo Polo,2017,2020,1.0 12V TSI EA211
PJ-0171,Volkswagen,Polo,Atual,2020,2023,1.0 12V TSI EA211
PJ-0171,Volkswagen,Up!,2ª fase,2019,2021,1.0 12V TSI EA211
PJ-0171,Volkswagen,Up!,Final,2021,2023,1.0 12V TSI EA211
AN-0204,Hyundai,HB20,2ª geração,2019,2021,1.0 Kappa TGDI
AN-0204,Hyundai,HB20,Atual,2021,2023,1.0 Kappa TGDI
JG-0188,Honda,Civic,10ª geração,2016,2021,2.0 Earth Dreams
PJ-0172,Honda,Civic,8ª geração,2006,2011,1.8 SOHC i-VTEC
PJ-0172,Honda,Civic,9ª geração,2012,2016,1.8 SOHC i-VTEC
TT-0189,Nissan,March,Lançamento,2011,2014,1.0 HR10DE
TT-0189,Nissan,March,Facelift,2014,2017,1.0 HR10DE
TT-0189,Nissan,March,2ª fase,2017,2020,1.0 HR10DE
AN-0205,Toyota,Corolla,10ª geração,2008,2014,2.0 Dual VVT-i
AN-0205,Toyota,Corolla,11ª geração,2014,2019,2.0 Dual VVT-i
IB-0194,Ford,EcoSport,Facelift,2007,2012,2.0 Duratec
AN-0206,Citroën,C3,3ª geração,2012,2017,1.5 8V
AN-0207,Chevrolet,Spin,Facelift,2016,2019,1.8 SPE4 Flexpower
JG-0189,Honda,Fit,1ª geração,2003,2008,1.5 SOHC VTEC
IB-0195,Honda,Fit,3ª geração,2015,2020,1.5 Earth Dreams
IB-0195,Honda,Fit,Final,2020,2021,1.5 Earth Dreams
IB-0196,Chevrolet,Onix,2ª geração,2019,2022,1.0 Aspirado Family 0
IB-0196,Chevrolet,Onix,Atual,2022,2023,1.0 Aspirado Family 0
PJ-0173,Toyota,Corolla,10ª geração,2008,2014,1.8 Dual VVT-i
PJ-0173,Toyota,Corolla,11ª geração,2014,2019,1.8 Dual VVT-i
VG-0191,Nissan,March,Lançamento,2011,2014,1.6 HR16DE
VG-0191,Nissan,March,Facelift,2014,2017,1.6 HR16DE
VG-0191,Nissan,March,2ª fase,2017,2020,1.6 HR16DE
VG-0191,Nissan,March,Final,2020,2022,1.6 HR16DE
VG-0191,Nissan,Versa,Lançamento,2011,2014,1.6 HR16DE
VG-0191,Nissan,Versa,Facelift,2014,2017,1.6 HR16DE
VG-0191,Nissan,Versa,2ª fase,2017,2020,1.6 HR16DE
VG-0191,Nissan,Versa,Atual,2020,2023,1.6 HR16DE
TT-0190,Volkswagen,Gol,G6,2012,2016,1.6 16V MSI EA111
TT-0190,Volkswagen,Fox,Facelift,2014,2017,1.6 16V MSI EA111
TT-0190,Volkswagen,Voyage,2ª geração,2012,2016,1.6 16V MSI EA111
TT-0190,Volkswagen,Voyage,Facelift,2016,2019,1.6 16V MSI EA111
TT-0190,Volkswagen,Saveiro,G6,2013,2016,1.6 16V MSI EA111
VG-0192,Chevrolet,Spin,Lançamento,2012,2016,1.8 SPE4
VG-0192,Chevrolet,Spin,Facelift,2016,2019,1.8 SPE4
JG-0190,Ford,Fiesta,Nova geração,2013,2017,1.6 Ti-VCT
JG-0190,Ford,Fiesta,Final,2017,2019,1.6 Ti-VCT
JG-0190,Ford,EcoSport,2ª geração,2012,2017,1.6 Ti-VCT
PJ-0174,Ford,Ka,Nova geração,2014,2017,1.5 Ti-VCT Dragon
PJ-0174,Ford,Ka,Facelift atual,2017,2021,1.5 Ti-VCT Dragon
IB-0197,Citroën,C3,1ª geração BR,2003,2006,1.4 TU3
IB-0197,Citroën,C3,2ª geração BR,2006,2012,1.4 TU3
IB-0198,Honda,Civic,7ª geração,2001,2006,1.7 SOHC VTEC
TT-0191,Toyota,Corolla,10ª geração,2008,2014,2.0 Dual VVT-i
TT-0191,Toyota,Corolla,11ª geração,2014,2019,2.0 Dual VVT-i
JG-0191,Renault,Sandero,1ª geração,2007,2011,1.6 16V Energy
JG-0191,Renault,Sandero,Facelift,2011,2014,1.6 16V Energy
JG-0191,Renault,Sandero,2ª geração,2014,2017,1.6 16V Energy
JG-0191,Renault,Logan,1ª geração,2007,2011,1.6 16V Energy
JG-0191,Renault,Logan,Facelift,2011,2013,1.6 16V Energy
JG-0191,Renault,Logan,2ª geração,2013,2017,1.6 16V Energy
JG-0191,Renault,Duster,1ª geração,2011,2015,1.6 16V Energy
TT-0192,Honda,Fit,1ª geração,2003,2008,1.4 SOHC i-DSI
JG-0192,Fiat,Strada,1ª geração,1998,2004,1.6 8V
AN-0208,Ford,EcoSport,Facelift,2007,2012,2.0 Duratec
VG-0193,Renault,Sandero,2ª geração,2014,2017,1.0 12V SCe
VG-0193,Renault,Sandero,Final,2017,2020,1.0 12V SCe
VG-0193,Renault,Logan,2ª geração,2013,2017,1.0 12V SCe
VG-0193,Renault,Logan,Final,2017,2021,1.0 12V SCe
TT-0193,Toyota,Etios,Lançamento,2012,2015,1.5 Dual VVT-i
TT-0193,Toyota,Etios,Facelift,2015,2019,1.5 Dual VVT-i
TT-0193,Toyota,Etios,2ª fase,2019,2021,1.5 Dual VVT-i
TT-0193,Toyota,Etios,Final,2021,2021,1.5 Dual VVT-i
JG-0193,Ford,Ka,1ª geração,1997,2000,1.0 Zetec Rocam
JG-0193,Ford,Ka,Facelift,2000,2007,1.0 Zetec Rocam
JG-0193,Ford,Fiesta,1ª geração BR,2002,2005,1.0 Zetec Rocam
JG-0193,Ford,Fiesta,2ª geração BR,2005,2012,1.0 Zetec Rocam
VG-0194,Honda,Civic,8ª geração,2006,2011,1.8 SOHC i-VTEC
VG-0194,Honda,Civic,9ª geração,2012,2016,1.8 SOHC i-VTEC
VG-0195,Volkswagen,Gol,G6,2012,2016,1.0 12V MPI EA111
VG-0195,Volkswagen,Fox,Facelift,2014,2017,1.0 12V MPI EA111
VG-0195,Volkswagen,Voyage,2ª geração,2012,2016,1.0 12V MPI EA111
VG-0195,Volkswagen,Voyage,Facelift,2016,2019,1.0 12V MPI EA111
VG-0195,Volkswagen,Saveiro,G6,2013,2016,1.0 12V MPI EA111
VG-0195,Volkswagen,Up!,Lançamento,2014,2016,1.0 12V MPI EA111
VG-0195,Volkswagen,Up!,Facelift,2016,2019,1.0 12V MPI EA111
PJ-0175,Honda,Civic,8ª geração,2006,2011,2.0 SOHC i-VTEC
PJ-0175,Honda,Civic,9ª geração,2012,2016,2.0 SOHC i-VTEC
JG-0194,Volkswagen,Up!,Lançamento,2014,2016,1.0 12V TSI EA111
JG-0194,Volkswagen,Up!,Facelift,2016,2019,1.0 12V TSI EA111
AN-0209,Honda,Civic,8ª geração,2006,2011,1.8 SOHC i-VTEC
AN-0209,Honda,Civic,9ª geração,2012,2016,1.8 SOHC i-VTEC
TT-0194,Volkswagen,Saveiro,G7,2016,2021,1.6 20V TSI EA211
TT-0194,Volkswagen,Saveiro,Atual,2021,2023,1.6 20V TSI EA211
PJ-0176,Volkswagen,Polo,2ª geração BR,2007,2014,2.0 8V EA111
PJ-0177,Renault,Duster,1ª geração,2011,2015,2.0 16V
PJ-0177,Renault,Duster,Facelift,2015,2019,2.0 16V
PJ-0177,Renault,Duster,2ª geração,2019,2021,2.0 16V
PJ-0177,Renault,Duster,Atual,2021,2023,2.0 16V
TT-0195,Honda,Fit,1ª geração,2003,2008,1.5 SOHC VTEC
IB-0199,Citroën,C3,1ª geração BR,2003,2006,1.6 TU5
IB-0200,Honda,Civic,10ª geração,2016,2021,2.0 Earth Dreams
PJ-0178,Volkswagen,Gol,G7/G8,2016,2023,1.6 16V MSI EA211
PJ-0178,Volkswagen,Fox,Final,2017,2021,1.6 16V MSI EA211
PJ-0178,Volkswagen,Voyage,Final,2019,2023,1.6 16V MSI EA211
PJ-0178,Volkswagen,Saveiro,G7,2016,2021,1.6 16V MSI EA211
PJ-0178,Volkswagen,Saveiro,Atual,2021,2023,1.6 16V MSI EA211
PJ-0178,Volkswagen,Polo,Novo Polo,2017,2020,1.6 16V MSI EA211
PJ-0178,Volkswagen,Polo,Atual,2020,2023,1.6 16V MSI EA211
AN-0210,Chevrolet,Celta,1ª geração,2000,2003,1.0 8V VHC
AN-0210,Chevrolet,Celta,Facelift,2003,2006,1.0 8V VHC
AN-0210,Chevrolet,Corsa,1ª geração,1994,2000,1.0 8V VHC
AN-0210,Chevrolet,Corsa,2ª geração,2000,2002,1.0 8V VHC
AN-0210,Chevrolet,Corsa,Facelift,2002,2007,1.0 8V VHC
AN-0210,Chevrolet,Classic,Lançamento,2003,2005,1.0 8V VHC
AN-0210,Chevrolet,Classic,Facelift 1,2005,2010,1.0 8V VHC
AN-0211,Citroën,C3,Atual,2017,2023,1.6 PureTech
JG-0195,Chevrolet,Onix,2ª geração,2019,2022,1.0 Turbo Family 0
JG-0195,Chevrolet,Onix,Atual,2022,2023,1.0 Turbo Family 0
IB-0201,Honda,Fit,3ª geração,2015,2020,1.5 Earth Dreams
IB-0201,Honda,Fit,Final,2020,2021,1.5 Earth Dreams
TT-0196,Chevrolet,Spin,Lançamento,2012,2016,1.8 SPE4
TT-0196,Chevrolet,Spin,Facelift,2016,2019,1.8 SPE4
PJ-0179,Volkswagen,Gol,G6,2012,2016,1.0 12V MPI EA111
PJ-0179,Volkswagen,Fox,Facelift,2014,2017,1.0 12V MPI EA111
PJ-0179,Volkswagen,Voyage,2ª geração,2012,2016,1.0 12V MPI EA111
PJ-0179,Volkswagen,Voyage,Facelift,2016,2019,1.0 12V MPI EA111
PJ-0179,Volkswagen,Saveiro,G6,2013,2016,1.0 12V MPI EA111
PJ-0179,Volkswagen,Up!,Lançamento,2014,2016,1.0 12V MPI EA111
PJ-0179,Volkswagen,Up!,Facelift,2016,2019,1.0 12V MPI EA111
IB-0202,Fiat,Strada,Atual,2020,2023,1.4 Firefly Turbo
TT-0197,Ford,Fiesta,Nova geração,2013,2017,1.6 Ti-VCT
TT-0197,Ford,Fiesta,Final,2017,2019,1.6 Ti-VCT
TT-0197,Ford,EcoSport,2ª geração,2012,2017,1.6 Ti-VCT
AN-0212,Renault,Sandero,Final,2017,2020,1.6 16V SCe
AN-0212,Renault,Logan,Final,2017,2021,1.6 16V SCe
AN-0212,Renault,Duster,Facelift,2015,2019,1.6 16V SCe
AN-0212,Renault,Duster,2ª geração,2019,2021,1.6 16V SCe
AN-0212,Renault,Duster,Atual,2021,2023,1.6 16V SCe
TT-0198,Volkswagen,Gol,G5,2008,2012,1.6 16V EA111
TT-0198,Volkswagen,Fox,2ª geração,2009,2014,1.6 16V EA111
TT-0198,Volkswagen,Saveiro,G5,2009,2013,1.6 16V EA111
VG-0196,Volkswagen,Gol,G4,2006,2008,1.0 8V EA111
VG-0196,Volkswagen,Gol,G4,2006,2008,1.6 8V EA111
VG-0196,Volkswagen,Gol,G5,2008,2012,1.0 8V EA111
VG-0196,Volkswagen,Gol,G5,2008,2012,1.6 8V EA111
VG-0196,Volkswagen,Gol,G5,2008,2012,1.6 16V EA111
VG-0196,Volkswagen,Gol,G6,2012,2016,1.0 12V MPI EA111
VG-0196,Volkswagen,Gol,G6,2012,2016,1.6 16V MSI EA111
VG-0196,Volkswagen,Fox,1ª geração,2003,2009,1.0 8V EA111
VG-0196,Volkswagen,Fox,1ª geração,2003,2009,1.6 8V EA111
VG-0196,Volkswagen,Fox,2ª geração,2009,2014,1.0 8V EA111
VG-0196,Volkswagen,Fox,2ª geração,2009,2014,1.6 16V EA111
VG-0196,Volkswagen,Fox,Facelift,2014,2017,1.0 12V MPI EA111
VG-0196,Volkswagen,Fox,Facelift,2014,2017,1.6 16V MSI EA111
VG-0196,Volkswagen,Voyage,1ª geração,2008,2012,1.0 8V EA111
VG-0196,Volkswagen,Voyage,1ª geração,2008,2012,1.6 8V EA111
VG-0196,Volkswagen,Voyage,2ª geração,2012,2016,1.0 12V MPI EA111
VG-0196,Volkswagen,Voyage,2ª geração,2012,2016,1.6 16V MSI EA111
VG-0196,Volkswagen,Voyage,Facelift,2016,2019,1.0 12V MPI EA111
VG-0196,Volkswagen,Voyage,Facelift,2016,2019,1.6 16V MSI EA111
VG-0196,Volkswagen,Saveiro,G5,2009,2013,1.6 8V EA111
VG-0196,Volkswagen,Saveiro,G5,2009,2013,1.6 16V EA111
VG-0196,Volkswagen,Saveiro,G6,2013,2016,1.0 12V MPI EA111
VG-0196,Volkswagen,Saveiro,G6,2013,2016,1.6 16V MSI EA111
VG-0196,Volkswagen,Polo,1ª geração BR,2002,2007,1.6 8V EA111
VG-0196,Volkswagen,Polo,1ª geração BR,2002,2007,1.8 20V Turbo EA111
VG-0196,Volkswagen,Polo,2ª geração BR,2007,2014,1.6 8V EA111
VG-0196,Volkswagen,Polo,2ª geração BR,2007,2014,2.0 8V EA111
VG-0196,Volkswagen,Up!,Lançamento,2014,2016,1.0 12V MPI EA111
VG-0196,Volkswagen,Up!,Lançamento,2014,2016,1.0 12V TSI EA111
VG-0196,Volkswagen,Up!,Facelift,2016,2019,1.0 12V MPI EA111
VG-0196,Volkswagen,Up!,Facelift,2016,2019,1.0 12V TSI EA111
JG-0196,Volkswagen,Gol,G7/G8,2016,2023,1.0 12V MPI EA211
JG-0196,Volkswagen,Gol,G7/G8,2016,2023,1.6 16V MSI EA211
JG-0196,Volkswagen,Fox,Final,2017,2021,1.0 12V MPI EA211
JG-0196,Volkswagen,Fox,Final,2017,2021,1.6 16V MSI EA211
JG-0196,Volkswagen,Voyage,Final,2019,2023,1.0 12V MPI EA211
JG-0196,Volkswagen,Voyage,Final,2019,2023,1.6 16V MSI EA211
JG-0196,Volkswagen,Saveiro,G7,2016,2021,1.6 16V MSI EA211
JG-0196,Volkswagen,Saveiro,G7,2016,2021,1.6 20V TSI EA211
JG-0196,Volkswagen,Saveiro,Atual,2021,2023,1.6 16V MSI EA211
JG-0196,Volkswagen,Saveiro,Atual,2021,2023,1.6 20V TSI EA211
JG-0196,Volkswagen,Polo,Novo Polo,2017,2020,1.0 12V MPI EA211
JG-0196,Volkswagen,Polo,Novo Polo,2017,2020,1.0 12V TSI EA211
JG-0196,Volkswagen,Polo,Novo Polo,2017,2020,1.6 16V MSI EA211
JG-0196,Volkswagen,Polo,Atual,2020,2023,1.0 12V TSI EA211
JG-0196,Volkswagen,Polo,Atual,2020,2023,1.6 16V MSI EA211
JG-0196,Volkswagen,Up!,2ª fase,2019,2021,1.0 12V MPI EA211
JG-0196,Volkswagen,Up!,2ª fase,2019,2021,1.0 12V TSI EA211
JG-0196,Volkswagen,Up!,Final,2021,2023,1.0 12V TSI EA211
VG-0197,Fiat,Palio,2ª geração,1996,2000,1.0 8V Fire
VG-0197,Fiat,Palio,2ª geração,1996,2000,1.6 16V
VG-0197,Fiat,Palio,Facelift,2001,2004,1.0 8V Fire
VG-0197,Fiat,Palio,Facelift,2001,2004,1.5 8V
VG-0197,Fiat,Palio,3ª geração,2004,2011,1.0 8V Fire
VG-0197,Fiat,Palio,3ª geração,2004,2011,1.4 8V Fire
VG-0197,Fiat,Palio,3ª geração,2004,2011,1.8 8V
VG-0197,Fiat,Uno,Mille,2004,2010,1.0 8V Fire
VG-0197,Fiat,Uno,Mille,2004,2010,1.5 8V
VG-0197,Fiat,Uno,Novo Uno 1ª,2010,2014,1.0 8V Fire
VG-0197,Fiat,Uno,Novo Uno 1ª,2010,2014,1.4 8V Fire
VG-0197,Fiat,Siena,1ª geração,1996,2001,1.0 8V Fire
VG-0197,Fiat,Siena,1ª geração,1996,2001,1.5 8V
VG-0197,Fiat,Siena,2ª geração,2001,2004,1.0 8V Fire
VG-0197,Fiat,Siena,2ª geração,2001,2004,1.4 8V Fire
VG-0197,Fiat,Siena,3ª geração,2004,2012,1.0 8V Fire
VG-0197,Fiat,Siena,3ª geração,2004,2012,1.4 8V Fire
VG-0197,Fiat,Siena,3ª geração,2004,2012,1.8 8V
VG-0197,Fiat,Strada,1ª geração,1998,2004,1.5 8V
VG-0197,Fiat,Strada,1ª geração,1998,2004,1.6 8V
VG-0197,Fiat,Strada,2ª geração,2004,2012,1.4 8V Fire
VG-0197,Fiat,Strada,2ª geração,2004,2012,1.8 8V
VG-0197,Fiat,Punto,Lançamento,2007,2009,1.4 8V Fire
VG-0197,Fiat,Punto,Lançamento,2007,2009,1.8 8V
VG-0197,Fiat,Punto,Facelift 1,2009,2012,1.4 8V Fire
VG-0197,Fiat,Punto,Facelift 1,2009,2012,1.8 E.torQ
AN-0213,Fiat,Palio,Atual,2012,2017,1.0 Fire Evo
AN-0213,Fiat,Palio,Atual,2012,2017,1.4 Fire Evo
AN-0213,Fiat,Uno,Novo Uno 2ª,2014,2021,1.0 Fire Evo
AN-0213,Fiat,Uno,Novo Uno 2ª,2014,2021,1.3 Firefly
AN-0213,Fiat,Siena,Atual,2012,2016,1.0 Fire Evo
AN-0213,Fiat,Siena,Atual,2012,2016,1.4 Fire Evo
AN-0213,Fiat,Strada,3ª geração,2013,2020,1.4 Fire Evo
AN-0213,Fiat,Strada,3ª geração,2013,2020,1.8 E.torQ
AN-0213,Fiat,Punto,Facelift 2,2012,2015,1.4 Fire Evo
AN-0213,Fiat,Punto,Facelift 2,2012,2015,1.6 E.torQ
AN-0213,Fiat,Punto,Final,2015,2017,1.4 Fire Evo
AN-0213,Fiat,Punto,Final,2015,2017,1.6 E.torQ
TT-0199,Fiat,Uno,Atual,2021,2023,1.0 Firefly
TT-0199,Fiat,Uno,Atual,2021,2023,1.3 Firefly
TT-0199,Fiat,Strada,Atual,2020,2023,1.3 Firefly
TT-0199,Fiat,Strada,Atual,2020,2023,1.4 Firefly Turbo
TT-0199,Fiat,Mobi,Lançamento,2016,2018,1.0 Firefly
TT-0199,Fiat,Mobi,Facelift 1,2018,2020,1.0 Firefly
TT-0199,Fiat,Mobi,Facelift 2,2020,2022,1.0 Firefly
TT-0199,Fiat,Mobi,Facelift 2,2020,2022,1.0 Firefly Turbo
TT-0199,Fiat,Mobi,Atual,2022,2023,1.0 Firefly
TT-0199,Fiat,Mobi,Atual,2022,2023,1.0 Firefly Turbo
TT-0200,Chevrolet,Celta,1ª geração,2000,2003,1.0 8V VHC
TT-0200,Chevrolet,Celta,1ª geração,2000,2003,1.4 8V VHC
TT-0200,Chevrolet,Celta,Facelift,2003,2006,1.0 8V VHC
TT-0200,Chevrolet,Celta,Facelift,2003,2006,1.4 8V VHC
TT-0200,Chevrolet,Corsa,1ª geração,1994,2000,1.0 8V VHC
TT-0200,Chevrolet,Corsa,1ª geração,1994,2000,1.6 8V VHC
TT-0200,Chevrolet,Corsa,2ª geração,2000,2002,1.0 8V VHC
TT-0200,Chevrolet,Corsa,2ª geração,2000,2002,1.6 8V VHC
TT-0200,Chevrolet,Corsa,Facelift,2002,2007,1.0 8V VHC
TT-0200,Chevrolet,Corsa,Facelift,2002,2007,1.4 8V VHC
TT-0200,Chevrolet,Corsa,Facelift,2002,2007,1.8 8V
TT-0200,Chevrolet,Classic,Lançamento,2003,2005,1.0 8V VHC
TT-0200,Chevrolet,Classic,Lançamento,2003,2005,1.4 8V VHC
TT-0200,Chevrolet,Classic,Facelift 1,2005,2010,1.0 8V VHC
TT-0200,Chevrolet,Classic,Facelift 1,2005,2010,1.4 8V VHC
JG-0197,Chevrolet,Celta,2ª geração,2006,2011,1.0 8V VHCE
JG-0197,Chevrolet,Celta,2ª geração,2006,2011,1.4 8V VHCE Flexpower
JG-0197,Chevrolet,Celta,Final,2011,2016,1.0 8V VHCE
JG-0197,Chevrolet,Celta,Final,2011,2016,1.4 8V VHCE Flexpower
JG-0197,Chevrolet,Corsa,Final,2007,2012,1.0 8V VHCE
JG-0197,Chevrolet,Corsa,Final,2007,2012,1.4 8V VHCE Flexpower
JG-0197,Chevrolet,Classic,Facelift 2,2010,2014,1.0 8V VHCE Economy
JG-0197,Chevrolet,Classic,Facelift 2,2010,2014,1.4 8V VHCE Flexpower
JG-0197,Chevrolet,Classic,Final,2014,2016,1.0 8V VHCE Economy
JG-0197,Chevrolet,Classic,Final,2014,2016,1.4 8V VHCE Flexpower
JG-0197,Chevrolet,Prisma,1ª geração,2006,2013,1.0 8V VHCE
JG-0197,Chevrolet,Prisma,1ª geração,2006,2013,1.4 8V VHCE Flexpower
PJ-0180,Chevrolet,Onix,1ª geração,2012,2015,1.0 SPE4
PJ-0180,Chevrolet,Onix,1ª geração,2012,2015,1.4 SPE4
PJ-0180,Chevrolet,Onix,Facelift,2015,2019,1.0 SPE4
PJ-0180,Chevrolet,Onix,Facelift,2015,2019,1.4 SPE4
PJ-0180,Chevrolet,Prisma,2ª geração,2013,2016,1.0 SPE4
PJ-0180,Chevrolet,Prisma,2ª geração,2013,2016,1.4 SPE4
PJ-0180,Chevrolet,Prisma,Facelift,2016,2019,1.0 SPE4
PJ-0180,Chevrolet,Prisma,Facelift,2016,2019,1.4 SPE4
PJ-0180,Chevrolet,Prisma,Final,2019,2021,1.0 SPE4
PJ-0180,Chevrolet,Prisma,Final,2019,2021,1.4 SPE4
PJ-0180,Chevrolet,Spin,Lançamento,2012,2016,1.8 SPE4
PJ-0180,Chevrolet,Spin,Facelift,2016,2019,1.8 SPE4
PJ-0180,Chevrolet,Spin,Facelift,2016,2019,1.8 SPE4 Flexpower
VG-0198,Chevrolet,Onix,2ª geração,2019,2022,1.0 Turbo Family 0
VG-0198,Chevrolet,Onix,2ª geração,2019,2022,1.0 Aspirado Family 0
VG-0198,Chevrolet,Onix,Atual,2022,2023,1.0 Turbo Family 0
VG-0198,Chevrolet,Onix,Atual,2022,2023,1.0 Aspirado Family 0
IB-0203,Ford,Ka,1ª geração,1997,2000,1.0 Zetec Rocam
IB-0203,Ford,Ka,1ª geração,1997,2000,1.3 Zetec Rocam
IB-0203,Ford,Ka,Facelift,2000,2007,1.0 Zetec Rocam
IB-0203,Ford,Ka,Facelift,2000,2007,1.6 Zetec Rocam
IB-0203,Ford,Fiesta,1ª geração BR,2002,2005,1.0 Zetec Rocam
IB-0203,Ford,Fiesta,1ª geração BR,2002,2005,1.6 Zetec Rocam
IB-0203,Ford,Fiesta,2ª geração BR,2005,2012,1.0 Zetec Rocam
IB-0203,Ford,Fiesta,2ª geração BR,2005,2012,1.6 Zetec Rocam
IB-0203,Ford,EcoSport,1ª geração,2003,2007,1.6 Zetec Rocam
IB-0203,Ford,EcoSport,1ª geração,2003,2007,2.0 Zetec
IB-0203,Ford,EcoSport,Facelift,2007,2012,1.6 Zetec Rocam
IB-0203,Ford,EcoSport,Facelift,2007,2012,2.0 Duratec
PJ-0181,Ford,Ka,Nova geração,2014,2017,1.0 Ti-VCT Dragon
PJ-0181,Ford,Ka,Nova geração,2014,2017,1.5 Ti-VCT Dragon
PJ-0181,Ford,Ka,Facelift atual,2017,2021,1.0 Ti-VCT Dragon
PJ-0181,Ford,Ka,Facelift atual,2017,2021,1.5 Ti-VCT Dragon
JG-0198,Ford,Fiesta,Nova geração,2013,2017,1.6 Ti-VCT
JG-0198,Ford,Fiesta,Nova geração,2013,2017,1.0 EcoBoost
JG-0198,Ford,Fiesta,Final,2017,2019,1.6 Ti-VCT
JG-0198,Ford,Fiesta,Final,2017,2019,1.0 EcoBoost
JG-0198,Ford,EcoSport,2ª geração,2012,2017,1.6 Ti-VCT
JG-0198,Ford,EcoSport,2ª geração,2012,2017,2.0 Ti-VCT
JG-0198,Ford,EcoSport,Final,2017,2021,1.5 Ti-VCT
JG-0198,Ford,EcoSport,Final,2017,2021,2.0 Ti-VCT AWD
JG-0199,Renault,Sandero,1ª geração,2007,2011,1.0 16V Energy
JG-0199,Renault,Sandero,1ª geração,2007,2011,1.6 16V Energy
JG-0199,Renault,Sandero,Facelift,2011,2014,1.0 16V Energy
JG-0199,Renault,Sandero,Facelift,2011,2014,1.6 16V Energy
JG-0199,Renault,Logan,1ª geração,2007,2011,1.0 16V Energy
JG-0199,Renault,Logan,1ª geração,2007,2011,1.6 16V Energy
JG-0199,Renault,Logan,Facelift,2011,2013,1.0 16V Energy
JG-0199,Renault,Logan,Facelift,2011,2013,1.6 16V Energy
JG-0199,Renault,Duster,1ª geração,2011,2015,1.6 16V Energy
JG-0199,Renault,Duster,1ª geração,2011,2015,2.0 16V
PJ-0182,Renault,Sandero,2ª geração,2014,2017,1.0 12V SCe
PJ-0182,Renault,Sandero,2ª geração,2014,2017,1.6 16V Energy
PJ-0182,Renault,Sandero,Final,2017,2020,1.0 12V SCe
PJ-0182,Renault,Sandero,Final,2017,2020,1.6 16V SCe
PJ-0182,Renault,Logan,2ª geração,2013,2017,1.0 12V SCe
PJ-0182,Renault,Logan,2ª geração,2013,2017,1.6 16V Energy
PJ-0182,Renault,Logan,Final,2017,2021,1.0 12V SCe
PJ-0182,Renault,Logan,Final,2017,2021,1.6 16V SCe
PJ-0182,Renault,Duster,Facelift,2015,2019,1.6 16V SCe
PJ-0182,Renault,Duster,Facelift,2015,2019,2.0 16V
PJ-0182,Renault,Duster,2ª geração,2019,2021,1.6 16V SCe
PJ-0182,Renault,Duster,2ª geração,2019,2021,2.0 16V
PJ-0182,Renault,Duster,Atual,2021,2023,1.6 16V SCe
PJ-0182,Renault,Duster,Atual,2021,2023,2.0 16V
PJ-0183,Hyundai,HB20,Lançamento,2012,2015,1.0 Kappa
PJ-0183,Hyundai,HB20,Lançamento,2012,2015,1.6 Gamma
PJ-0183,Hyundai,HB20,Facelift,2015,2019,1.0 Kappa
PJ-0183,Hyundai,HB20,Facelift,2015,2019,1.6 Gamma
VG-0199,Hyundai,HB20,2ª geração,2019,2021,1.0 Kappa TGDI
VG-0199,Hyundai,HB20,2ª geração,2019,2021,1.6 Gamma
VG-0199,Hyundai,HB20,Atual,2021,2023,1.0 Kappa TGDI
VG-0199,Hyundai,HB20,Atual,2021,2023,1.6 Gamma
JG-0200,Toyota,Corolla,9ª geração,2003,2008,1.6 VVT-i
JG-0200,Toyota,Corolla,9ª geração,2003,2008,1.8 VVT-i
IB-0204,Toyota,Corolla,10ª geração,2008,2014,1.8 Dual VVT-i
IB-0204,Toyota,Corolla,10ª geração,2008,2014,2.0 Dual VVT-i
IB-0204,Toyota,Corolla,11ª geração,2014,2019,1.8 Dual VVT-i
IB-0204,Toyota,Corolla,11ª geração,2014,2019,2.0 Dual VVT-i
IB-0204,Toyota,Etios,Lançamento,2012,2015,1.3 Dual VVT-i
IB-0204,Toyota,Etios,Lançamento,2012,2015,1.5 Dual VVT-i
IB-0204,Toyota,Etios,Facelift,2015,2019,1.3 Dual VVT-i
IB-0204,Toyota,Etios,Facelift,2015,2019,1.5 Dual VVT-i
IB-0204,Toyota,Etios,2ª fase,2019,2021,1.5 Dual VVT-i
IB-0204,Toyota,Etios,Final,2021,2021,1.5 Dual VVT-i
PJ-0184,Toyota,Corolla,12ª geração,2019,2023,2.0 Dynamic Force
PJ-0184,Toyota,Corolla,12ª geração,2019,2023,1.8 Hybrid Dynamic Force
JG-0201,Honda,Civic,7ª geração,2001,2006,1.7 SOHC VTEC
PJ-0185,Honda,Civic,8ª geração,2006,2011,1.8 SOHC i-VTEC
PJ-0185,Honda,Civic,8ª geração,2006,2011,2.0 SOHC i-VTEC
PJ-0185,Honda,Civic,9ª geração,2012,2016,1.8 SOHC i-VTEC
PJ-0185,Honda,Civic,9ª geração,2012,2016,2.0 SOHC i-VTEC
PJ-0185,Honda,Fit,2ª geração,2008,2014,1.4 SOHC i-VTEC
PJ-0185,Honda,Fit,2ª geração,2008,2014,1.5 SOHC i-VTEC
JG-0202,Honda,Civic,10ª geração,2016,2021,2.0 Earth Dreams
JG-0202,Honda,Civic,10ª geração,2016,2021,1.5 Turbo Earth Dreams
JG-0202,Honda,Fit,3ª geração,2015,2020,1.5 Earth Dreams
JG-0202,Honda,Fit,Final,2020,2021,1.5 Earth Dreams
TT-0201,Honda,Fit,1ª geração,2003,2008,1.4 SOHC i-DSI
TT-0201,Honda,Fit,1ª geração,2003,2008,1.5 SOHC VTEC
TT-0202,Chevrolet,Spin,2ª fase,2019,2021,1.8 Family I
TT-0202,Chevrolet,Spin,Final,2021,2023,1.8 Family I
TT-0203,Nissan,March,Lançamento,2011,2014,1.0 HR10DE
TT-0203,Nissan,March,Lançamento,2011,2014,1.6 HR16DE
TT-0203,Nissan,March,Facelift,2014,2017,1.0 HR10DE
TT-0203,Nissan,March,Facelift,2014,2017,1.6 HR16DE
TT-0203,Nissan,March,2ª fase,2017,2020,1.0 HR10DE
TT-0203,Nissan,March,2ª fase,2017,2020,1.6 HR16DE
TT-0203,Nissan,March,Final,2020,2022,1.6 HR16DE
TT-0203,Nissan,Versa,Lançamento,2011,2014,1.6 HR16DE
TT-0203,Nissan,Versa,Facelift,2014,2017,1.6 HR16DE
TT-0203,Nissan,Versa,2ª fase,2017,2020,1.6 HR16DE
TT-0203,Nissan,Versa,Atual,2020,2023,1.6 HR16DE
JG-0203,Peugeot,208,Lançamento,2013,2016,1.2 PureTech
JG-0203,Peugeot,208,Lançamento,2013,2016,1.6 THP
JG-0203,Peugeot,208,Facelift,2016,2019,1.2 PureTech
JG-0203,Peugeot,208,Facelift,2016,2019,1.6 THP
JG-0203,Peugeot,208,2ª fase,2019,2021,1.6 THP
JG-0203,Peugeot,208,Atual,2021,2023,1.6 THP
AN-0214,Citroën,C3,1ª geração BR,2003,2006,1.4 TU3
AN-0214,Citroën,C3,1ª geração BR,2003,2006,1.6 TU5
AN-0214,Citroën,C3,2ª geração BR,2006,2012,1.4 TU3
AN-0214,Citroën,C3,2ª geração BR,2006,2012,1.6 16V
AN-0215,Citroën,C3,3ª geração,2012,2017,1.5 8V
AN-0215,Citroën,C3,3ª geração,2012,2017,1.6 16V
AN-0215,Citroën,C3,Atual,2017,2023,1.6 PureTech
VG-0200,Volkswagen,Gol,G4,2006,2008,1.0 8V EA111
VG-0200,Volkswagen,Gol,G4,2006,2008,1.6 8V EA111
VG-0200,Volkswagen,Gol,G5,2008,2012,1.0 8V EA111
VG-0200,Volkswagen,Gol,G5,2008,2012,1.6 8V EA111
VG-0200,Volkswagen,Gol,G5,2008,2012,1.6 16V EA111
VG-0200,Volkswagen,Gol,G6,2012,2016,1.0 12V MPI EA111
VG-0200,Volkswagen,Gol,G6,2012,2016,1.6 16V MSI EA111
VG-0200,Volkswagen,Fox,1ª geração,2003,2009,1.0 8V EA111
VG-0200,Volkswagen,Fox,1ª geração,2003,2009,1.6 8V EA111
VG-0200,Volkswagen,Fox,2ª geração,2009,2014,1.0 8V EA111
VG-0200,Volkswagen,Fox,2ª geração,2009,2014,1.6 16V EA111
VG-0200,Volkswagen,Fox,Facelift,2014,2017,1.0 12V MPI EA111
VG-0200,Volkswagen,Fox,Facelift,2014,2017,1.6 16V MSI EA111
VG-0200,Volkswagen,Voyage,1ª geração,2008,2012,1.0 8V EA111
VG-0200,Volkswagen,Voyage,1ª geração,2008,2012,1.6 8V EA111
VG-0200,Volkswagen,Voyage,2ª geração,2012,2016,1.0 12V MPI EA111
VG-0200,Volkswagen,Voyage,2ª geração,2012,2016,1.6 16V MSI EA111
VG-0200,Volkswagen,Voyage,Facelift,2016,2019,1.0 12V MPI EA111
VG-0200,Volkswagen,Voyage,Facelift,2016,2019,1.6 16V MSI EA111
VG-0200,Volkswagen,Saveiro,G5,2009,2013,1.6 8V EA111
VG-0200,Volkswagen,Saveiro,G5,2009,2013,1.6 16V EA111
VG-0200,Volkswagen,Saveiro,G6,2013,2016,1.0 12V MPI EA111
VG-0200,Volkswagen,Saveiro,G6,2013,2016,1.6 16V MSI EA111
VG-0200,Volkswagen,Polo,1ª geração BR,2002,2007,1.6 8V EA111
VG-0200,Volkswagen,Polo,1ª geração BR,2002,2007,1.8 20V Turbo EA111
VG-0200,Volkswagen,Polo,2ª geração BR,2007,2014,1.6 8V EA111
VG-0200,Volkswagen,Polo,2ª geração BR,2007,2014,2.0 8V EA111
VG-0200,Volkswagen,Up!,Lançamento,2014,2016,1.0 12V MPI EA111
VG-0200,Volkswagen,Up!,Lançamento,2014,2016,1.0 12V TSI EA111
VG-0200,Volkswagen,Up!,Facelift,2016,2019,1.0 12V MPI EA111
VG-0200,Volkswagen,Up!,Facelift,2016,2019,1.0 12V TSI EA111
PJ-0186,Volkswagen,Gol,G7/G8,2016,2023,1.0 12V MPI EA211
PJ-0186,Volkswagen,Gol,G7/G8,2016,2023,1.6 16V MSI EA211
PJ-0186,Volkswagen,Fox,Final,2017,2021,1.0 12V MPI EA211
PJ-0186,Volkswagen,Fox,Final,2017,2021,1.6 16V MSI EA211
PJ-0186,Volkswagen,Voyage,Final,2019,2023,1.0 12V MPI EA211
PJ-0186,Volkswagen,Voyage,Final,2019,2023,1.6 16V MSI EA211
PJ-0186,Volkswagen,Saveiro,G7,2016,2021,1.6 16V MSI EA211
PJ-0186,Volkswagen,Saveiro,G7,2016,2021,1.6 20V TSI EA211
PJ-0186,Volkswagen,Saveiro,Atual,2021,2023,1.6 16V MSI EA211
PJ-0186,Volkswagen,Saveiro,Atual,2021,2023,1.6 20V TSI EA211
PJ-0186,Volkswagen,Polo,Novo Polo,2017,2020,1.0 12V MPI EA211
PJ-0186,Volkswagen,Polo,Novo Polo,2017,2020,1.0 12V TSI EA211
PJ-0186,Volkswagen,Polo,Novo Polo,2017,2020,1.6 16V MSI EA211
PJ-0186,Volkswagen,Polo,Atual,2020,2023,1.0 12V TSI EA211
PJ-0186,Volkswagen,Polo,Atual,2020,2023,1.6 16V MSI EA211
PJ-0186,Volkswagen,Up!,2ª fase,2019,2021,1.0 12V MPI EA211
PJ-0186,Volkswagen,Up!,2ª fase,2019,2021,1.0 12V TSI EA211
PJ-0186,Volkswagen,Up!,Final,2021,2023,1.0 12V TSI EA211
VG-0201,Fiat,Palio,2ª geração,1996,2000,1.0 8V Fire
VG-0201,Fiat,Palio,2ª geração,1996,2000,1.6 16V
VG-0201,Fiat,Palio,Facelift,2001,2004,1.0 8V Fire
VG-0201,Fiat,Palio,Facelift,2001,2004,1.5 8V
VG-0201,Fiat,Palio,3ª geração,2004,2011,1.0 8V Fire
VG-0201,Fiat,Palio,3ª geração,2004,2011,1.4 8V Fire
VG-0201,Fiat,Palio,3ª geração,2004,2011,1.8 8V
VG-0201,Fiat,Uno,Mille,2004,2010,1.0 8V Fire
VG-0201,Fiat,Uno,Mille,2004,2010,1.5 8V
VG-0201,Fiat,Uno,Novo Uno 1ª,2010,2014,1.0 8V Fire
VG-0201,Fiat,Uno,Novo Uno 1ª,2010,2014,1.4 8V Fire
VG-0201,Fiat,Siena,1ª geração,1996,2001,1.0 8V Fire
VG-0201,Fiat,Siena,1ª geração,1996,2001,1.5 8V
VG-0201,Fiat,Siena,2ª geração,2001,2004,1.0 8V Fire
VG-0201,Fiat,Siena,2ª geração,2001,2004,1.4 8V Fire
VG-0201,Fiat,Siena,3ª geração,2004,2012,1.0 8V Fire
VG-0201,Fiat,Siena,3ª geração,2004,2012,1.4 8V Fire
VG-0201,Fiat,Siena,3ª geração,2004,2012,1.8 8V
VG-0201,Fiat,Strada,1ª geração,1998,2004,1.5 8V
VG-0201,Fiat,Strada,1ª geração,1998,2004,1.6 8V
VG-0201,Fiat,Strada,2ª geração,2004,2012,1.4 8V Fire
VG-0201,Fiat,Strada,2ª geração,2004,2012,1.8 8V
VG-0201,Fiat,Punto,Lançamento,2007,2009,1.4 8V Fire
VG-0201,Fiat,Punto,Lançamento,2007,2009,1.8 8V
VG-0201,Fiat,Punto,Facelift 1,2009,2012,1.4 8V Fire
VG-0201,Fiat,Punto,Facelift 1,2009,2012,1.8 E.torQ
IB-0205,Fiat,Palio,Atual,2012,2017,1.0 Fire Evo
IB-0205,Fiat,Palio,Atual,2012,2017,1.4 Fire Evo
IB-0205,Fiat,Uno,Novo Uno 2ª,2014,2021,1.0 Fire Evo
IB-0205,Fiat,Uno,Novo Uno 2ª,2014,2021,1.3 Firefly
IB-0205,Fiat,Siena,Atual,2012,2016,1.0 Fire Evo
IB-0205,Fiat,Siena,Atual,2012,2016,1.4 Fire Evo
IB-0205,Fiat,Strada,3ª geração,2013,2020,1.4 Fire Evo
IB-0205,Fiat,Strada,3ª geração,2013,2020,1.8 E.torQ
IB-0205,Fiat,Punto,Facelift 2,2012,2015,1.4 Fire Evo
IB-0205,Fiat,Punto,Facelift 2,2012,2015,1.6 E.torQ
IB-0205,Fiat,Punto,Final,2015,2017,1.4 Fire Evo
IB-0205,Fiat,Punto,Final,2015,2017,1.6 E.torQ
IB-0206,Fiat,Uno,Atual,2021,2023,1.0 Firefly
IB-0206,Fiat,Uno,Atual,2021,2023,1.3 Firefly
IB-0206,Fiat,Strada,Atual,2020,2023,1.3 Firefly
IB-0206,Fiat,Strada,Atual,2020,2023,1.4 Firefly Turbo
IB-0206,Fiat,Mobi,Lançamento,2016,2018,1.0 Firefly
IB-0206,Fiat,Mobi,Facelift 1,2018,2020,1.0 Firefly
IB-0206,Fiat,Mobi,Facelift 2,2020,2022,1.0 Firefly
IB-0206,Fiat,Mobi,Facelift 2,2020,2022,1.0 Firefly Turbo
IB-0206,Fiat,Mobi,Atual,2022,2023,1.0 Firefly
IB-0206,Fiat,Mobi,Atual,2022,2023,1.0 Firefly Turbo
PJ-0187,Chevrolet,Celta,1ª geração,2000,2003,1.0 8V VHC
PJ-0187,Chevrolet,Celta,1ª geração,2000,2003,1.4 8V VHC
PJ-0187,Chevrolet,Celta,Facelift,2003,2006,1.0 8V VHC
PJ-0187,Chevrolet,Celta,Facelift,2003,2006,1.4 8V VHC
PJ-0187,Chevrolet,Corsa,1ª geração,1994,2000,1.0 8V VHC
PJ-0187,Chevrolet,Corsa,1ª geração,1994,2000,1.6 8V VHC
PJ-0187,Chevrolet,Corsa,2ª geração,2000,2002,1.0 8V VHC
PJ-0187,Chevrolet,Corsa,2ª geração,2000,2002,1.6 8V VHC
PJ-0187,Chevrolet,Corsa,Facelift,2002,2007,1.0 8V VHC
PJ-0187,Chevrolet,Corsa,Facelift,2002,2007,1.4 8V VHC
PJ-0187,Chevrolet,Corsa,Facelift,2002,2007,1.8 8V
PJ-0187,Chevrolet,Classic,Lançamento,2003,2005,1.0 8V VHC
PJ-0187,Chevrolet,Classic,Lançamento,2003,2005,1.4 8V VHC
PJ-0187,Chevrolet,Classic,Facelift 1,2005,2010,1.0 8V VHC
PJ-0187,Chevrolet,Classic,Facelift 1,2005,2010,1.4 8V VHC
PJ-0188,Chevrolet,Celta,2ª geração,2006,2011,1.0 8V VHCE
PJ-0188,Chevrolet,Celta,2ª geração,2006,2011,1.4 8V VHCE Flexpower
PJ-0188,Chevrolet,Celta,Final,2011,2016,1.0 8V VHCE
PJ-0188,Chevrolet,Celta,Final,2011,2016,1.4 8V VHCE Flexpower
PJ-0188,Chevrolet,Corsa,Final,2007,2012,1.0 8V VHCE
PJ-0188,Chevrolet,Corsa,Final,2007,2012,1.4 8V VHCE Flexpower
PJ-0188,Chevrolet,Classic,Facelift 2,2010,2014,1.0 8V VHCE Economy
PJ-0188,Chevrolet,Classic,Facelift 2,2010,2014,1.4 8V VHCE Flexpower
PJ-0188,Chevrolet,Classic,Final,2014,2016,1.0 8V VHCE Economy
PJ-0188,Chevrolet,Classic,Final,2014,2016,1.4 8V VHCE Flexpower
PJ-0188,Chevrolet,Prisma,1ª geração,2006,2013,1.0 8V VHCE
PJ-0188,Chevrolet,Prisma,1ª geração,2006,2013,1.4 8V VHCE Flexpower
AN-0216,Chevrolet,Onix,1ª geração,2012,2015,1.0 SPE4
AN-0216,Chevrolet,Onix,1ª geração,2012,2015,1.4 SPE4
AN-0216,Chevrolet,Onix,Facelift,2015,2019,1.0 SPE4
AN-0216,Chevrolet,Onix,Facelift,2015,2019,1.4 SPE4
AN-0216,Chevrolet,Prisma,2ª geração,2013,2016,1.0 SPE4
AN-0216,Chevrolet,Prisma,2ª geração,2013,2016,1.4 SPE4
AN-0216,Chevrolet,Prisma,Facelift,2016,2019,1.0 SPE4
AN-0216,Chevrolet,Prisma,Facelift,2016,2019,1.4 SPE4
AN-0216,Chevrolet,Prisma,Final,2019,2021,1.0 SPE4
AN-0216,Chevrolet,Prisma,Final,2019,2021,1.4 SPE4
AN-0216,Chevrolet,Spin,Lançamento,2012,2016,1.8 SPE4
AN-0216,Chevrolet,Spin,Facelift,2016,2019,1.8 SPE4
AN-0216,Chevrolet,Spin,Facelift,2016,2019,1.8 SPE4 Flexpower
JG-0204,Chevrolet,Onix,2ª geração,2019,2022,1.0 Turbo Family 0
JG-0204,Chevrolet,Onix,2ª geração,2019,2022,1.0 Aspirado Family 0
JG-0204,Chevrolet,Onix,Atual,2022,2023,1.0 Turbo Family 0
JG-0204,Chevrolet,Onix,Atual,2022,2023,1.0 Aspirado Family 0
VG-0202,Ford,Ka,1ª geração,1997,2000,1.0 Zetec Rocam
VG-0202,Ford,Ka,1ª geração,1997,2000,1.3 Zetec Rocam
VG-0202,Ford,Ka,Facelift,2000,2007,1.0 Zetec Rocam
VG-0202,Ford,Ka,Facelift,2000,2007,1.6 Zetec Rocam
VG-0202,Ford,Fiesta,1ª geração BR,2002,2005,1.0 Zetec Rocam
VG-0202,Ford,Fiesta,1ª geração BR,2002,2005,1.6 Zetec Rocam
VG-0202,Ford,Fiesta,2ª geração BR,2005,2012,1.0 Zetec Rocam
VG-0202,Ford,Fiesta,2ª geração BR,2005,2012,1.6 Zetec Rocam
VG-0202,Ford,EcoSport,1ª geração,2003,2007,1.6 Zetec Rocam
VG-0202,Ford,EcoSport,1ª geração,2003,2007,2.0 Zetec
VG-0202,Ford,EcoSport,Facelift,2007,2012,1.6 Zetec Rocam
VG-0202,Ford,EcoSport,Facelift,2007,2012,2.0 Duratec
AN-0217,Ford,Ka,Nova geração,2014,2017,1.0 Ti-VCT Dragon
AN-0217,Ford,Ka,Nova geração,2014,2017,1.5 Ti-VCT Dragon
AN-0217,Ford,Ka,Facelift atual,2017,2021,1.0 Ti-VCT Dragon
AN-0217,Ford,Ka,Facelift atual,2017,2021,1.5 Ti-VCT Dragon
TT-0204,Ford,Fiesta,Nova geração,2013,2017,1.6 Ti-VCT
TT-0204,Ford,Fiesta,Nova geração,2013,2017,1.0 EcoBoost
TT-0204,Ford,Fiesta,Final,2017,2019,1.6 Ti-VCT
TT-0204,Ford,Fiesta,Final,2017,2019,1.0 EcoBoost
TT-0204,Ford,EcoSport,2ª geração,2012,2017,1.6 Ti-VCT
TT-0204,Ford,EcoSport,2ª geração,2012,2017,2.0 Ti-VCT
TT-0204,Ford,EcoSport,Final,2017,2021,1.5 Ti-VCT
TT-0204,Ford,EcoSport,Final,2017,2021,2.0 Ti-VCT AWD
JG-0205,Renault,Sandero,1ª geração,2007,2011,1.0 16V Energy
JG-0205,Renault,Sandero,1ª geração,2007,2011,1.6 16V Energy
JG-0205,Renault,Sandero,Facelift,2011,2014,1.0 16V Energy
JG-0205,Renault,Sandero,Facelift,2011,2014,1.6 16V Energy
JG-0205,Renault,Logan,1ª geração,2007,2011,1.0 16V Energy
JG-0205,Renault,Logan,1ª geração,2007,2011,1.6 16V Energy
JG-0205,Renault,Logan,Facelift,2011,2013,1.0 16V Energy
JG-0205,Renault,Logan,Facelift,2011,2013,1.6 16V Energy
JG-0205,Renault,Duster,1ª geração,2011,2015,1.6 16V Energy
JG-0205,Renault,Duster,1ª geração,2011,2015,2.0 16V
JG-0206,Renault,Sandero,2ª geração,2014,2017,1.0 12V SCe
JG-0206,Renault,Sandero,2ª geração,2014,2017,1.6 16V Energy
JG-0206,Renault,Sandero,Final,2017,2020,1.0 12V SCe
JG-0206,Renault,Sandero,Final,2017,2020,1.6 16V SCe
JG-0206,Renault,Logan,2ª geração,2013,2017,1.0 12V SCe
JG-0206,Renault,Logan,2ª geração,2013,2017,1.6 16V Energy
JG-0206,Renault,Logan,Final,2017,2021,1.0 12V SCe
JG-0206,Renault,Logan,Final,2017,2021,1.6 16V SCe
JG-0206,Renault,Duster,Facelift,2015,2019,1.6 16V SCe
JG-0206,Renault,Duster,Facelift,2015,2019,2.0 16V
JG-0206,Renault,Duster,2ª geração,2019,2021,1.6 16V SCe
JG-0206,Renault,Duster,2ª geração,2019,2021,2.0 16V
JG-0206,Renault,Duster,Atual,2021,2023,1.6 16V SCe
JG-0206,Renault,Duster,Atual,2021,2023,2.0 16V
VG-0203,Hyundai,HB20,Lançamento,2012,2015,1.0 Kappa
VG-0203,Hyundai,HB20,Lançamento,2012,2015,1.6 Gamma
VG-0203,Hyundai,HB20,Facelift,2015,2019,1.0 Kappa
VG-0203,Hyundai,HB20,Facelift,2015,2019,1.6 Gamma
AN-0218,Hyundai,HB20,2ª geração,2019,2021,1.0 Kappa TGDI
AN-0218,Hyundai,HB20,2ª geração,2019,2021,1.6 Gamma
AN-0218,Hyundai,HB20,Atual,2021,2023,1.0 Kappa TGDI
AN-0218,Hyundai,HB20,Atual,2021,2023,1.6 Gamma
VG-0204,Toyota,Corolla,9ª geração,2003,2008,1.6 VVT-i
VG-0204,Toyota,Corolla,9ª geração,2003,2008,1.8 VVT-i
PJ-0189,Toyota,Corolla,10ª geração,2008,2014,1.8 Dual VVT-i
PJ-0189,Toyota,Corolla,10ª geração,2008,2014,2.0 Dual VVT-i
PJ-0189,Toyota,Corolla,11ª geração,2014,2019,1.8 Dual VVT-i
PJ-0189,Toyota,Corolla,11ª geração,2014,2019,2.0 Dual VVT-i
PJ-0189,Toyota,Etios,Lançamento,2012,2015,1.3 Dual VVT-i
PJ-0189,Toyota,Etios,Lançamento,2012,2015,1.5 Dual VVT-i
PJ-0189,Toyota,Etios,Facelift,2015,2019,1.3 Dual VVT-i
PJ-0189,Toyota,Etios,Facelift,2015,2019,1.5 Dual VVT-i
PJ-0189,Toyota,Etios,2ª fase,2019,2021,1.5 Dual VVT-i
PJ-0189,Toyota,Etios,Final,2021,2021,1.5 Dual VVT-i
AN-0219,Toyota,Corolla,12ª geração,2019,2023,2.0 Dynamic Force
AN-0219,Toyota,Corolla,12ª geração,2019,2023,1.8 Hybrid Dynamic Force
JG-0207,Honda,Civic,7ª geração,2001,2006,1.7 SOHC VTEC
VG-0205,Honda,Civic,8ª geração,2006,2011,1.8 SOHC i-VTEC
VG-0205,Honda,Civic,8ª geração,2006,2011,2.0 SOHC i-VTEC
VG-0205,Honda,Civic,9ª geração,2012,2016,1.8 SOHC i-VTEC
VG-0205,Honda,Civic,9ª geração,2012,2016,2.0 SOHC i-VTEC
VG-0205,Honda,Fit,2ª geração,2008,2014,1.4 SOHC i-VTEC
VG-0205,Honda,Fit,2ª geração,2008,2014,1.5 SOHC i-VTEC
VG-0206,Honda,Civic,10ª geração,2016,2021,2.0 Earth Dreams
VG-0206,Honda,Civic,10ª geração,2016,2021,1.5 Turbo Earth Dreams
VG-0206,Honda,Fit,3ª geração,2015,2020,1.5 Earth Dreams
VG-0206,Honda,Fit,Final,2020,2021,1.5 Earth Dreams
JG-0208,Honda,Fit,1ª geração,2003,2008,1.4 SOHC i-DSI
JG-0208,Honda,Fit,1ª geração,2003,2008,1.5 SOHC VTEC
PJ-0190,Chevrolet,Spin,2ª fase,2019,2021,1.8 Family I
PJ-0190,Chevrolet,Spin,Final,2021,2023,1.8 Family I
VG-0207,Nissan,March,Lançamento,2011,2014,1.0 HR10DE
VG-0207,Nissan,March,Lançamento,2011,2014,1.6 HR16DE
VG-0207,Nissan,March,Facelift,2014,2017,1.0 HR10DE
VG-0207,Nissan,March,Facelift,2014,2017,1.6 HR16DE
VG-0207,Nissan,March,2ª fase,2017,2020,1.0 HR10DE
VG-0207,Nissan,March,2ª fase,2017,2020,1.6 HR16DE
VG-0207,Nissan,March,Final,2020,2022,1.6 HR16DE
VG-0207,Nissan,Versa,Lançamento,2011,2014,1.6 HR16DE
VG-0207,Nissan,Versa,Facelift,2014,2017,1.6 HR16DE
VG-0207,Nissan,Versa,2ª fase,2017,2020,1.6 HR16DE
VG-0207,Nissan,Versa,Atual,2020,2023,1.6 HR16DE
PJ-0191,Peugeot,208,Lançamento,2013,2016,1.2 PureTech
PJ-0191,Peugeot,208,Lançamento,2013,2016,1.6 THP
PJ-0191,Peugeot,208,Facelift,2016,2019,1.2 PureTech
PJ-0191,Peugeot,208,Facelift,2016,2019,1.6 THP
PJ-0191,Peugeot,208,2ª fase,2019,2021,1.6 THP
PJ-0191,Peugeot,208,Atual,2021,2023,1.6 THP
TT-0205,Citroën,C3,1ª geração BR,2003,2006,1.4 TU3
TT-0205,Citroën,C3,1ª geração BR,2003,2006,1.6 TU5
TT-0205,Citroën,C3,2ª geração BR,2006,2012,1.4 TU3
TT-0205,Citroën,C3,2ª geração BR,2006,2012,1.6 16V
IB-0207,Citroën,C3,3ª geração,2012,2017,1.5 8V
IB-0207,Citroën,C3,3ª geração,2012,2017,1.6 16V
IB-0207,Citroën,C3,Atual,2017,2023,1.6 PureTech
